turn_id,program,speaker,is_moderator,timestamp,timestamp_seconds,text,text_clean,word_count
0,MPP1,Moderator,True,13:34,814,"So I'm [NAME], and this is [NAME], and we work in the academic dean's office. And on the ask of [NAME] [NAME], we are convening focus groups, and you are the first one that we're doing, so you will be our training ground and we'll approve afterward, but we'll be good on this one. So we're doing this sort of to really make sure we collect student input on things that the school leadership wants to know in a way that, you know, brings out the qualitative. So that's why we're here. And I really, really appreciate you saying yes to the invite. So it really does mean a lot to have these voices in the room. And we did, it was a random assignment selection, so we weren't going only for the volunteers. we're going through everybody who would be able to come, you know, just filling the seats. So appreciate your time. So thank you. First up, we're going to record the audio of this session to support our analysis. Your inputs will be anonymized. There won't be any attributions made as to who said what, but we're doing that so we can kind of focus on getting all the comments that we can without having to describe them. Lori's also going to be taking some written notes and she'll be helping do with some exercises that we might try to do on the whiteboard. The goal today is to hear your honest perspectives, a few ground rules that help the conversations work. We expect you to be able to stay for the full hour, but we will then end on time. There are no wrong answers and we want your real ideas and reactions. Speak from your own experience when you can. It's okay to disagree and disagreement could be useful and productive. Please let each other finish before jumping in. What's said here should stay here. We ask you not share others' comments outside this room. Any questions before we start? Great. So let's begin. Let's go around the table. I'm sure that many of you know each other for your all in MPP1s and maybe in a lot of core courses, but just for the heck of it, could we start and just have you say your first name and your hometown?","So I'm , and this is , and we work in the academic dean's office. And on the ask of , we are convening focus groups, and you are the first one that we're doing, so you will be our training ground and we'll approve afterward, but we'll be good on this one. So we're doing this sort of to really make sure we collect student input on things that the school leadership wants to know in a way that, you know, brings out the qualitative. So that's why we're here. And I really, really appreciate you saying yes to the invite. So it really does mean a lot to have these voices in the room. And we did, it was a random assignment selection, so we weren't going only for the volunteers. we're going through everybody who would be able to come, you know, just filling the seats. So appreciate your time. So thank you. First up, we're going to record the audio of this session to support our analysis. Your inputs will be anonymized. There won't be any attributions made as to who said what, but we're doing that so we can kind of focus on getting all the comments that we can without having to describe them. Lori's also going to be taking some written notes and she'll be helping do with some exercises that we might try to do on the whiteboard. The goal today is to hear your honest perspectives, a few ground rules that help the conversations work. We expect you to be able to stay for the full hour, but we will then end on time. There are no wrong answers and we want your real ideas and reactions. Speak from your own experience when you can. It's okay to disagree and disagreement could be useful and productive. Please let each other finish before jumping in. What's said here should stay here. We ask you not share others' comments outside this room. Any questions before we start? Great. So let's begin. Let's go around the table. I'm sure that many of you know each other for your all in MPP1s and maybe in a lot of core courses, but just for the heck of it, could we start and just have you say your first name and your hometown?",386
1,MPP1,Speaker 6,False,15:40,940,"#NAME? I'm [NAME], I'm from [NAME] and southern [NAME].","I'm , I'm from and southern .",7
2,MPP1,Speaker 5,False,15:44,944,"My name's [NAME], I'm from [NAME], [NAME]. I'm [NAME], I'm from [NAME], [NAME] [NAME].","My name's , I'm from , . I'm , I'm from , .",13
3,MPP1,Speaker 7,False,15:50,950,"[NAME], I'm from [NAME] in [NAME]. I'm [NAME], I'm from [NAME], [NAME].",", I'm from in . I'm , I'm from , .",11
4,MPP1,Speaker 9,False,15:55,955,"I'm [NAME], I'm from [NAME] [NAME]. I'm [NAME], I'm from [NAME].","I'm , I'm from . I'm , I'm from .",10
5,MPP1,Speaker 4,False,16:00,960,"I'm [NAME]-Yol, I'm from [NAME].","I'm -Yol, I'm from .",5
6,MPP1,Moderator,True,16:03,963,"And I'm [NAME], and I have to call [NAME], I think my hometown, I've been here that long. And [NAME], where's your hometown? I'm from [NAME] [NAME], [NAME]. Okay, great. So, now think about, hi, welcome. [NAME] about your time this year in HKS classrooms, and not a specific moment, but overall. We're at the beginning of spring semester, so you have at least fall under your belt. and a couple of words or short phrase, how would you describe the classroom culture here in terms of rigor and professionalism? And just a quick gut reaction and a word or two, a couple words or a short phrase. And Lori's going to actually scribe these on the board. So maybe if you want to come sit here, that would be great, just because we'll leave that in case we get our 10th person. So [NAME] will scribe them. Why don't we, we will not start with you, [NAME], But why don't we start with you and then we'll go this way and come back. Okay, great. So tell us in a few words or a short phrase something that you think describes the classroom culture here in terms of rigor and professionalism.","And I'm , and I have to call , I think my hometown, I've been here that long. And , where's your hometown? I'm from , . Okay, great. So, now think about, hi, welcome. about your time this year in HKS classrooms, and not a specific moment, but overall. We're at the beginning of spring semester, so you have at least fall under your belt. and a couple of words or short phrase, how would you describe the classroom culture here in terms of rigor and professionalism? And just a quick gut reaction and a word or two, a couple words or a short phrase. And Lori's going to actually scribe these on the board. So maybe if you want to come sit here, that would be great, just because we'll leave that in case we get our 10th person. So will scribe them. Why don't we, we will not start with you, , But why don't we start with you and then we'll go this way and come back. Okay, great. So tell us in a few words or a short phrase something that you think describes the classroom culture here in terms of rigor and professionalism.",199
7,MPP1,Speaker 4,False,17:18,1038,Proactive. Okay.,Proactive. Okay.,2
8,MPP1,Speaker 9,False,17:22,1042,Okay. Competitive. And it depends on professor.,Okay. Competitive. And it depends on professor.,7
9,MPP1,Speaker 10,False,17:29,1049,"Oh, okay. I mean, just in classroom?","Oh, okay. I mean, just in classroom?",7
10,MPP1,Moderator,True,17:35,1055,"Yeah. Like in the instructional time during the classrooms, yeah.","Yeah. Like in the instructional time during the classrooms, yeah.",10
11,MPP1,Speaker 2,False,17:44,1064,Too many comments.,Too many comments.,3
12,MPP1,Speaker 10,False,17:48,1068,Sometimes.,Sometimes.,1
13,MPP1,Moderator,True,17:51,1071,"Sort of, too much student voice input?","Sort of, too much student voice input?",7
14,MPP1,Speaker 10,False,17:53,1073,"Yeah, too much student voice. you know, they take, you know, participation and some students just say, you know, too many things that's not so relevant to the class.","Yeah, too much student voice. you know, they take, you know, participation and some students just say, you know, too many things that's not so relevant to the class.",29
15,MPP1,Speaker 11,False,18:04,1084,"Okay, great. [NAME]? Moderately demanding.","Okay, great. ? Moderately demanding.",5
16,MPP1,Moderator,True,18:11,1091,Moderately demanding? Yeah. [NAME] good. Okay. [NAME] demanding.,Moderately demanding? Yeah. good. Okay. demanding.,6
17,MPP1,Speaker 7,False,18:17,1097,"I would say it depends on the kind of course, but to some extent, at least in the core, it gives a bit like the vibes of high school. I would say. I mean, so I mean, maybe also because I was so far educated in a different system, but it's more of like being in a high school class sometimes than an academic class.","I would say it depends on the kind of course, but to some extent, at least in the core, it gives a bit like the vibes of high school. I would say. I mean, so I mean, maybe also because I was so far educated in a different system, but it's more of like being in a high school class sometimes than an academic class.",65
18,MPP1,Moderator,True,18:38,1118,"And just let's tease out one piece of that flavor. So vibes of high school, for example.","And just let's tease out one piece of that flavor. So vibes of high school, for example.",17
19,MPP1,Speaker 7,False,18:44,1124,"For example, I mean, grading participation.","For example, I mean, grading participation.",6
20,MPP1,Moderator,True,18:47,1127,"Okay, grading participation. [NAME]. [NAME] right.","Okay, grading participation. . right.",5
21,MPP1,Speaker 8,False,18:52,1132,[NAME]? I'd say like accommodating to the point of low expectations. [NAME]. [NAME] right.,? I'd say like accommodating to the point of low expectations. . right.,13
22,MPP1,Moderator,True,19:05,1145,"Okay, we'll just let [NAME] catch up. Over, let's add to, um, toward low expectations. Toward low expectations. Thanks. [NAME].","Okay, we'll just let catch up. Over, let's add to, um, toward low expectations. Toward low expectations. Thanks. .",19
23,MPP1,Speaker 5,False,19:27,1167,"Mine was kind of the opposite of that. I was going to say intense. Okay. And also, like, variable, because I think it does depend on the class.","Mine was kind of the opposite of that. I was going to say intense. Okay. And also, like, variable, because I think it does depend on the class.",28
24,MPP1,Moderator,True,19:34,1174,Intense and variable by class. Yeah. Okay. All right.,Intense and variable by class. Yeah. Okay. All right.,9
25,MPP1,Speaker 6,False,19:39,1179,"I would say not much pushback. So I think one of the things with participation is I noticed that there's not much disagreement with what students are saying, even if something might be factually incorrect or questionable.","I would say not much pushback. So I think one of the things with participation is I noticed that there's not much disagreement with what students are saying, even if something might be factually incorrect or questionable.",37
26,MPP1,Moderator,True,19:52,1192,"A lack of pushback. And by pushback, are you thinking instructor pushback or peer pushback?","A lack of pushback. And by pushback, are you thinking instructor pushback or peer pushback?",15
27,MPP1,Speaker 6,False,19:59,1199,"Instructor pushback, maybe. People aren't being challenged in the sense of their ideas being challenged.","Instructor pushback, maybe. People aren't being challenged in the sense of their ideas being challenged.",15
28,MPP1,Moderator,True,20:04,1204,"Okay, thanks. [NAME]?","Okay, thanks. ?",3
29,MPP1,Speaker 12,False,20:07,1207,"I think I roughly agree with what was saying. I think when it comes to professionalism, I think SEND is pretty high. Very high, I would say, in a positive way. When it comes to rigor, I would say it's extremely underwhelming. I think I echo [NAME] and [NAME]'s point in terms of almost each of my classes I find even, and there is a variation, but overall I find rigor to be pretty low.","I think I roughly agree with what was saying. I think when it comes to professionalism, I think SEND is pretty high. Very high, I would say, in a positive way. When it comes to rigor, I would say it's extremely underwhelming. I think I echo and 's point in terms of almost each of my classes I find even, and there is a variation, but overall I find rigor to be pretty low.",74
30,MPP1,Moderator,True,20:37,1237,"High standards of professionalism, underwhelming rigor, right? Correct. Okay, great. We're going to capture that afterward also. We're going to take pictures of our boards, so we have the data as we've collected it today. Thank you very much for that. And now, so now we're going to have sort of a table discussion, And, [NAME], you can sit down if you want to. You don't have to stand. And we're not doing whiteboard stuff now. But so everyone has prior experience in college and maybe even graduate classrooms before coming to HKS. So take a moment to think about how the classroom culture at HKS compares with what you've experienced elsewhere. This goes a little bit towards some of the comparative comments that were coming out. and how those environments affect your learning. It could affect them in different ways. And it's okay to describe specific moments or courses without using anyone's names, without using people's names. So what are one or two ways the professionalism of HCAS classes feels different than your prior experience? And who wants to jump in?","High standards of professionalism, underwhelming rigor, right? Correct. Okay, great. We're going to capture that afterward also. We're going to take pictures of our boards, so we have the data as we've collected it today. Thank you very much for that. And now, so now we're going to have sort of a table discussion, And, , you can sit down if you want to. You don't have to stand. And we're not doing whiteboard stuff now. But so everyone has prior experience in college and maybe even graduate classrooms before coming to HKS. So take a moment to think about how the classroom culture at HKS compares with what you've experienced elsewhere. This goes a little bit towards some of the comparative comments that were coming out. and how those environments affect your learning. It could affect them in different ways. And it's okay to describe specific moments or courses without using anyone's names, without using people's names. So what are one or two ways the professionalism of HCAS classes feels different than your prior experience? And who wants to jump in?",182
31,MPP1,Speaker 11,False,21:52,1312,"I think a couple of things. First, addressing people by their names. That I think is just a high bar for definition a lot of times, at least in my personal work experience, like my professional experience in the past. In intense environments, people are bound not to call you by your name.","I think a couple of things. First, addressing people by their names. That I think is just a high bar for definition a lot of times, at least in my personal work experience, like my professional experience in the past. In intense environments, people are bound not to call you by your name.",53
32,MPP1,Moderator,True,22:13,1333,Are you saying you experienced that in a high degree here?,Are you saying you experienced that in a high degree here?,11
33,MPP1,Speaker 11,False,22:16,1336,"No, so I think my professional experience was that in an intense environment, you are it's fine to not call people by the names whereas at HKS people are very proactive and professors are very proactive in trying to call you by your name and address you by a correct name because we have an international diaspora of students professors may not be able to speak or pronounce name correctly they try and there's an endeavor behind it so i think that is um that Yeah, but I think that's why.","No, so I think my professional experience was that in an intense environment, you are it's fine to not call people by the names whereas at HKS people are very proactive and professors are very proactive in trying to call you by your name and address you by a correct name because we have an international diaspora of students professors may not be able to speak or pronounce name correctly they try and there's an endeavor behind it so i think that is um that Yeah, but I think that's why.",91
34,MPP1,Moderator,True,22:50,1370,That's great. That's a very-- that's a great specific experience. Who'd like to share another-- did you have your hand up? Yeah.,That's great. That's a very-- that's a great specific experience. Who'd like to share another-- did you have your hand up? Yeah.,22
35,MPP1,Speaker 7,False,22:59,1379,"I would say one good difference is compared to my other programs so far. You learn much more from your fellow classmates. I would say a negative thing is the amount of homework that is, I mean, in one way, not very vigorous, but just time consuming, honestly. I mean, just to be quite clear, I mean, it's so funny, of course, just my point of view, but I think in most cases it's not rigorous, it just takes a lot of time. And I mean, I was raised to find systems where you don't do, basically where homework is assigned to a high school, not to a new university. It's more like you go to an academic institution, you learn on a high level, and then you write an accent, not heading to assignments. Like [NAME] said, that is rather long but not really challenging for a week.","I would say one good difference is compared to my other programs so far. You learn much more from your fellow classmates. I would say a negative thing is the amount of homework that is, I mean, in one way, not very vigorous, but just time consuming, honestly. I mean, just to be quite clear, I mean, it's so funny, of course, just my point of view, but I think in most cases it's not rigorous, it just takes a lot of time. And I mean, I was raised to find systems where you don't do, basically where homework is assigned to a high school, not to a new university. It's more like you go to an academic institution, you learn on a high level, and then you write an accent, not heading to assignments. Like said, that is rather long but not really challenging for a week.",148
36,MPP1,Moderator,True,23:50,1430,"Okay, thank you. Who would else like to do a comparison of that experience?","Okay, thank you. Who would else like to do a comparison of that experience?",14
37,MPP1,Speaker 8,False,23:54,1434,"I think, so this is, when I'm talking like over accommodation, lower expectations, I sort of mean that both academic and administrative, but like on the classroom side, I think the comparison is more stark on the administrative side, where in the past, in both college and grad programs, I've been in the past, it's been very much an expectation that the students will come prepared and access course material that they need, and if they can't find it in the first trial, figure it out, whereas here, I think we're very much spoon-fed everything we need, and then if there's even a tiny hiccup, someone will be there and fix it for you immediately, and there's tons of communication. And I think that puts a lot more work on the CAs and the teaching fellows and the professors instead of the students.","I think, so this is, when I'm talking like over accommodation, lower expectations, I sort of mean that both academic and administrative, but like on the classroom side, I think the comparison is more stark on the administrative side, where in the past, in both college and grad programs, I've been in the past, it's been very much an expectation that the students will come prepared and access course material that they need, and if they can't find it in the first trial, figure it out, whereas here, I think we're very much spoon-fed everything we need, and then if there's even a tiny hiccup, someone will be there and fix it for you immediately, and there's tons of communication. And I think that puts a lot more work on the CAs and the teaching fellows and the professors instead of the students.",143
38,MPP1,Moderator,True,24:45:00,89100,Can you draw out how you find that that might affect your learning?,Can you draw out how you find that that might affect your learning?,13
39,MPP1,Speaker 8,False,24:52:00,89520,"I think that people, I have seen in classes where things are completely available and everyone is very responsive and everyone's questions get answered immediately, that that gets, I think, is interpreted as a very positive teaching experience where the professor is a very good teacher in class and it's not always a one-to-one relationship. Whereas when people have professors who are not quite as forthcoming about, yes, I'll provide you every single thing that you need, it's like, oh, well, that's a bad professor and that's just not true. A lot of those professors are very great. incredible instructors, they're just not giving you every single thing you need. You have to find some.","I think that people, I have seen in classes where things are completely available and everyone is very responsive and everyone's questions get answered immediately, that that gets, I think, is interpreted as a very positive teaching experience where the professor is a very good teacher in class and it's not always a one-to-one relationship. Whereas when people have professors who are not quite as forthcoming about, yes, I'll provide you every single thing that you need, it's like, oh, well, that's a bad professor and that's just not true. A lot of those professors are very great. incredible instructors, they're just not giving you every single thing you need. You have to find some.",115
40,MPP1,Speaker 2,False,25:38:00,92280,"Okay, thank you. Does someone else like to contribute?","Okay, thank you. Does someone else like to contribute?",9
41,MPP1,Speaker 10,False,25:43:00,92580,It's kind of in the same context with over participation. Yes. I did my undergrad in [NAME] where people have very different values and culture. like in in classrooms there you know like students usually listen to what professor say and listen to others so they are like listening to others is more valued than like speaking up so like of course here in HKS you know speaking all right is more encouraged than listening to others but of course speaking up is very important and it's very valuable but I sometimes feel like I personally believe that you can learn sometimes you can learn better by listening to others than like sharing your own thoughts but here it I sometimes feel like it's that kind of opportunity is missing. [NAME] thank you. I think one,It's kind of in the same context with over participation. Yes. I did my undergrad in where people have very different values and culture. like in in classrooms there you know like students usually listen to what professor say and listen to others so they are like listening to others is more valued than like speaking up so like of course here in HKS you know speaking all right is more encouraged than listening to others but of course speaking up is very important and it's very valuable but I sometimes feel like I personally believe that you can learn sometimes you can learn better by listening to others than like sharing your own thoughts but here it I sometimes feel like it's that kind of opportunity is missing. thank you. I think one,134
42,MPP1,Speaker 5,False,26:40:00,96000,"comparison I would make is from my undergrad like I said more intense and I think it's like just the environment and kind of the own like self-pressure around who you're around and things like that but I find um within the classroom it's a lot more like it's engaging but it's like less interactive like it's often like one person making one comment at a time versus like small group discussions or others like pair and share sort of activities like I just find it here it's like less yeah less interactive um and like the pedagogical approach is kind of like very similar class to class. Okay, [NAME].","comparison I would make is from my undergrad like I said more intense and I think it's like just the environment and kind of the own like self-pressure around who you're around and things like that but I find um within the classroom it's a lot more like it's engaging but it's like less interactive like it's often like one person making one comment at a time versus like small group discussions or others like pair and share sort of activities like I just find it here it's like less yeah less interactive um and like the pedagogical approach is kind of like very similar class to class. Okay, .",110
43,MPP1,Speaker 6,False,27:28:00,98880,"So I come from the UK system, and class sizes were a lot smaller at my previous institutions. I think that's not necessarily a bad thing. I think some professors are handling large class sizes really well here. And I did have some classes last semester. So for example, I was in the Z section of econ, which had small group discussions, and those were great. The one difference I noticed, even in those smaller class sizes here, is that there is a lot less pushback, which I mentioned in the beginning. So when, for example, as was mentioned, people are making comments, even if those comments might not be helpful, or if they're maybe even factually incorrect, there's very rarely pushback from professors sort of challenging that argument being made. And that I think in some cases is having a bad impact on learning because it means that other students in the classroom, you can learn from other students in the classroom, which is great, but if there's no pushback on things that might not be quite right, then that can also be detrimental to learning if others in the world.","So I come from the UK system, and class sizes were a lot smaller at my previous institutions. I think that's not necessarily a bad thing. I think some professors are handling large class sizes really well here. And I did have some classes last semester. So for example, I was in the Z section of econ, which had small group discussions, and those were great. The one difference I noticed, even in those smaller class sizes here, is that there is a lot less pushback, which I mentioned in the beginning. So when, for example, as was mentioned, people are making comments, even if those comments might not be helpful, or if they're maybe even factually incorrect, there's very rarely pushback from professors sort of challenging that argument being made. And that I think in some cases is having a bad impact on learning because it means that other students in the classroom, you can learn from other students in the classroom, which is great, but if there's no pushback on things that might not be quite right, then that can also be detrimental to learning if others in the world.",192
44,MPP1,Moderator,True,28:30:00,102600,"Okay, great. Let's take another comparison.","Okay, great. Let's take another comparison.",6
45,MPP1,Speaker 12,False,28:33:00,102780,"Yeah, I think a positive comparison was, I think, the fact that, for example, no one really uses their phones. Everyone is paying attention. almost everyone comes prepared. In fact, there is the social pressure that if you don't prepare, you'll be found out, which I think is great. So I think those standards of professionalism is high, and that's great. I think, again, exactly to [NAME] [NAME]'s point, I think it's... I come from [NAME], and the [NAME] education system is certainly not that great. I found myself to be more challenged inside a classroom in my undergrad than I did here.","Yeah, I think a positive comparison was, I think, the fact that, for example, no one really uses their phones. Everyone is paying attention. almost everyone comes prepared. In fact, there is the social pressure that if you don't prepare, you'll be found out, which I think is great. So I think those standards of professionalism is high, and that's great. I think, again, exactly to 's point, I think it's... I come from , and the education system is certainly not that great. I found myself to be more challenged inside a classroom in my undergrad than I did here.",101
46,MPP1,Speaker 2,False,29:15:00,105300,Okay.,Okay.,1
47,MPP1,Speaker 12,False,29:16:00,105360,"Multiple factors of that. On two fronts, one is, as [NAME] said, I think, if we're, it's my strong opinion, but if we're the best institution in the world, and if basic faction and accuracy is allowed to stand in a classroom, you're robbing that person of the opportunity to learn, you're robbing the entire class to learn as well. And I think if we don't uphold each other to a certain level of intellectual rigor standard, the classroom becomes a poorer place intellectually. And I think in an attempt to be respectful or in an attempt to be accommodative, I think that can go a little too far where we're losing the rigor of a classroom and that standard. And then I think that also translates to what [NAME] said in terms of the assignments and the evaluations. they tend to be a lot of what is your opinion, would you reflect, which can really, which doesn't seem rigorous, rather than actually going in depth and being challenged and actually diving deeply into policy topics.","Multiple factors of that. On two fronts, one is, as said, I think, if we're, it's my strong opinion, but if we're the best institution in the world, and if basic faction and accuracy is allowed to stand in a classroom, you're robbing that person of the opportunity to learn, you're robbing the entire class to learn as well. And I think if we don't uphold each other to a certain level of intellectual rigor standard, the classroom becomes a poorer place intellectually. And I think in an attempt to be respectful or in an attempt to be accommodative, I think that can go a little too far where we're losing the rigor of a classroom and that standard. And then I think that also translates to what said in terms of the assignments and the evaluations. they tend to be a lot of what is your opinion, would you reflect, which can really, which doesn't seem rigorous, rather than actually going in depth and being challenged and actually diving deeply into policy topics.",174
48,MPP1,Moderator,True,30:25:00,109500,"Okay, very good. Let's have one more comparison.","Okay, very good. Let's have one more comparison.",8
49,MPP1,Speaker 9,False,30:28:00,109680,"Please, you're free first. My reference point is I graduated [NAME] to Missouri-Russia, So, like, a little bit of, like, conflicting from the [NAME] and Lisa's option because my reference point is in business school condition. But I see, like, for me, like, the best learning experience only, like, individually is to be encouraged. Because, like, in the grades, I will be challenged. So I never, like, learned to be challenged on my previous settings. So I see in this class, for me it was challenging because in my oldest school from the first day, they say like everyone is psychologically safe, there is no stupid answer and there is like no stupid question. So we were like, at least for me it was really like free. But in the class, yeah, in here I am much more receptive towards my stupid comments. like so for me like it has a different perspective.","Please, you're free first. My reference point is I graduated to Missouri-Russia, So, like, a little bit of, like, conflicting from the and Lisa's option because my reference point is in business school condition. But I see, like, for me, like, the best learning experience only, like, individually is to be encouraged. Because, like, in the grades, I will be challenged. So I never, like, learned to be challenged on my previous settings. So I see in this class, for me it was challenging because in my oldest school from the first day, they say like everyone is psychologically safe, there is no stupid answer and there is like no stupid question. So we were like, at least for me it was really like free. But in the class, yeah, in here I am much more receptive towards my stupid comments. like so for me like it has a different perspective.",151
50,MPP1,Moderator,True,31:31:00,113460,Thank you. I think we're going to move to the next part. Unless somebody has one last time. Would you like to share us a quick comparative?,Thank you. I think we're going to move to the next part. Unless somebody has one last time. Would you like to share us a quick comparative?,27
51,MPP1,Speaker 4,False,31:43:00,114180,"Related to [NAME] or [NAME] mentioned, I feel, I'm feeling a peer pressure in this school, that you need to agree with the liberal values. Yeah, taking classes like racism, you need to agree with the DEI. DEI values or black history or what happened to black people like systemic racism against them. And I think just people just assuming that. Don't talk about it. Don't talk about the reason or rationale behind the DEI values, but they're just assuming it. So it's not easy for me to go against it. When I was in college, I graduated college in [NAME]. Even in a [NAME] history class, there's left-wing students and right-wing students, they fight each other against the interpretation of [NAME] modern history. But in here, there's, I feel, a high level of pressure.","Related to or mentioned, I feel, I'm feeling a peer pressure in this school, that you need to agree with the liberal values. Yeah, taking classes like racism, you need to agree with the DEI. DEI values or black history or what happened to black people like systemic racism against them. And I think just people just assuming that. Don't talk about it. Don't talk about the reason or rationale behind the DEI values, but they're just assuming it. So it's not easy for me to go against it. When I was in college, I graduated college in . Even in a history class, there's left-wing students and right-wing students, they fight each other against the interpretation of modern history. But in here, there's, I feel, a high level of pressure.",131
52,MPP1,Moderator,True,32:34:00,117240,"Okay, thank you. That's an important point about camera. So, let me move now to something that we're going to do that's using scenarios. And so the scenarios are, they're fictional, but they're based on some realistic situations. And I'm going to hand them out, and we're going to ask you to read silently for a minute. And then we're going to have table discussion about the scenarios. And we're going to aim for doing two. So I'll be sort of moving us along for time, so that we can cover more than just one of these fictional scenarios, to sort of broaden it out. So let me pass around. I'll pass it.","Okay, thank you. That's an important point about camera. So, let me move now to something that we're going to do that's using scenarios. And so the scenarios are, they're fictional, but they're based on some realistic situations. And I'm going to hand them out, and we're going to ask you to read silently for a minute. And then we're going to have table discussion about the scenarios. And we're going to aim for doing two. So I'll be sort of moving us along for time, so that we can cover more than just one of these fictional scenarios, to sort of broaden it out. So let me pass around. I'll pass it.",113
53,MPP1,Speaker 5,False,33:38:00,121080,Thank you. Can you pass me a pen?,Thank you. Can you pass me a pen?,8
54,MPP1,Speaker 7,False,33:53:00,121980,Mm-hm. Thank you.,Mm-hm. Thank you.,3
55,MPP1,Speaker 4,False,34:03:00,122580,Thank you. Bonjour. Merci. C'est bon. Je vais vous mettre. Merci.,Thank you. Bonjour. Merci. C'est bon. Je vais vous mettre. Merci.,11
56,MPP1,Speaker 6,False,35:29:00,127740,Could you clarify what you mean with the first question?,Could you clarify what you mean with the first question?,10
57,MPP1,Moderator,True,35:36:00,128160,"From the perspective of if you were perhaps in this person's group or if you were in the class, it's a very kind of wide open question that [NAME] is sort of a how do you see this is affecting potentially your own learning. So it is a little deliberately vague. And so we want you to jot the notes so that if we don't hear from everybody during the discussion, we still are collecting the ideas that you're sharing here. So, but now let's hear your comments and discussion about how a scenario of this might affect your own learning and what could be different. I don't know if you faced team experiences like this, either just this past semester or in prior prior experiences but it's it's something that might resonate with you so what is your reaction who would like to jump in what's your reaction about","From the perspective of if you were perhaps in this person's group or if you were in the class, it's a very kind of wide open question that is sort of a how do you see this is affecting potentially your own learning. So it is a little deliberately vague. And so we want you to jot the notes so that if we don't hear from everybody during the discussion, we still are collecting the ideas that you're sharing here. So, but now let's hear your comments and discussion about how a scenario of this might affect your own learning and what could be different. I don't know if you faced team experiences like this, either just this past semester or in prior prior experiences but it's it's something that might resonate with you so what is your reaction who would like to jump in what's your reaction about",149
58,MPP1,Speaker 8,False,36:34:00,131640,what you're seeing here yeah I would have liked to see at the beginning of this but that teammate brings this up in the beginning and everyone in the team agrees on a fair division of labor that can accommodate that teammate instead of making like a post evaluation on what everyone contributed because I think expectations were violated and that that would make me feel worse than if expectations were set in the beginning we'll do what what would you write on,what you're seeing here yeah I would have liked to see at the beginning of this but that teammate brings this up in the beginning and everyone in the team agrees on a fair division of labor that can accommodate that teammate instead of making like a post evaluation on what everyone contributed because I think expectations were violated and that that would make me feel worse than if expectations were set in the beginning we'll do what what would you write on,83
59,MPP1,Moderator,True,37:14:00,134040,this peer evaluation if you were in the group?,this peer evaluation if you were in the group?,9
60,MPP1,Speaker 11,False,37:22:00,134520,"I think I'd prefer to be honest. I would have been significantly affected by the sudden disruption that my peer has provided all of us with. And I don't see the need to hold back. However, I'd also speak to the classist and maybe the professor to make them aware of the situation that we were put in. I'd say how our situation was jeopardized by one team member. So that is taken into consideration.","I think I'd prefer to be honest. I would have been significantly affected by the sudden disruption that my peer has provided all of us with. And I don't see the need to hold back. However, I'd also speak to the classist and maybe the professor to make them aware of the situation that we were put in. I'd say how our situation was jeopardized by one team member. So that is taken into consideration.",75
61,MPP1,Speaker 12,False,38:03:00,136980,"Yeah, I'd probably take a slightly different approach than [NAME] was. I think, so if you look at this case, it seems like he missed meetings, he was unprepared, but at the same time, he participated in discussions, he left detailed comments, and he volunteered to present. So even if in hindsight it's people drafted it, he gave feedback, and he presented, that is still a division of work that might not be equal, but it's within the realm of possible or slash fair. I also agree with [NAME], I think setting expectations initially is better, but I like the flexibility. I think there are a lot of leadership classes here which talk about how instead of taking the viewpoint of one person did this to the other four, a part of the leadership skill we're learning in the real world is that in teams there will be people who will slack, there will be people who will have challenging situations like a family situation, like a job interview. And it's a skill to learn within, which is how do you get everyone to participate, knowing different people's constraints. So I don't mind the situation, and I wouldn't like, for example, external impositions. I like that this is flexible. Personally, I'm not a fan of the peer evaluation. I think that there are different reasons why someone might like or dislike someone that can have nothing to do with their real participation","Yeah, I'd probably take a slightly different approach than was. I think, so if you look at this case, it seems like he missed meetings, he was unprepared, but at the same time, he participated in discussions, he left detailed comments, and he volunteered to present. So even if in hindsight it's people drafted it, he gave feedback, and he presented, that is still a division of work that might not be equal, but it's within the realm of possible or slash fair. I also agree with , I think setting expectations initially is better, but I like the flexibility. I think there are a lot of leadership classes here which talk about how instead of taking the viewpoint of one person did this to the other four, a part of the leadership skill we're learning in the real world is that in teams there will be people who will slack, there will be people who will have challenging situations like a family situation, like a job interview. And it's a skill to learn within, which is how do you get everyone to participate, knowing different people's constraints. So I don't mind the situation, and I wouldn't like, for example, external impositions. I like that this is flexible. Personally, I'm not a fan of the peer evaluation. I think that there are different reasons why someone might like or dislike someone that can have nothing to do with their real participation",241
62,MPP1,Speaker 5,False,39:31:00,142260,"of grade. But yeah. Let's, yeah, please. I was going to say, I really like peer evaluations. So I come from the opposite perspective. I think this situation would really frustrate me, and I did experience this last semester, so it was really frustrating. But I think the peer evaluation would positively affect my learning, because I think it gives you a chance to be honest, just like we're not the ones at the end of the day like deciding the grades I think just giving all the information is really helpful I think one other thing I thought of that would affect my learning I think that frustration and like for better or worse I think sometimes it can like make me think less of the class or even like of the learning just having that frustration and I think what could be different I think it says at the start like four students are assigned and And I think if you got to choose your own teammates, then maybe you mitigate some of these risks because it's like more social contract, I suppose, with people that you know or trust.","of grade. But yeah. Let's, yeah, please. I was going to say, I really like peer evaluations. So I come from the opposite perspective. I think this situation would really frustrate me, and I did experience this last semester, so it was really frustrating. But I think the peer evaluation would positively affect my learning, because I think it gives you a chance to be honest, just like we're not the ones at the end of the day like deciding the grades I think just giving all the information is really helpful I think one other thing I thought of that would affect my learning I think that frustration and like for better or worse I think sometimes it can like make me think less of the class or even like of the learning just having that frustration and I think what could be different I think it says at the start like four students are assigned and And I think if you got to choose your own teammates, then maybe you mitigate some of these risks because it's like more social contract, I suppose, with people that you know or trust.",192
63,MPP1,Moderator,True,40:34:00,146040,We've heard a little bit about setting expectations and the value of peer evaluation. What do you think ought to be the professor's role in this scenario? What do you want the professor to be doing or not doing or have done?,We've heard a little bit about setting expectations and the value of peer evaluation. What do you think ought to be the professor's role in this scenario? What do you want the professor to be doing or not doing or have done?,42
64,MPP1,Speaker 13,False,40:52:00,147120,"Yeah, well, so having been late to this meeting because of a work conflict, I feel like this is very meta. I've been on both ends of this, and I think everyone's...","Yeah, well, so having been late to this meeting because of a work conflict, I feel like this is very meta. I've been on both ends of this, and I think everyone's...",32
65,MPP1,Speaker 2,False,40:59:00,147540,We will evaluate you. Please do.,We will evaluate you. Please do.,6
66,MPP1,Speaker 13,False,41:01:00,147660,"I think everyone's been on both ends of this at some point, right? Like, something happens, people have families, people have friends, people have lives that go on outside of school, and when every class has a group project, that means that I have to find a common time to meet with potentially 20 different people","I think everyone's been on both ends of this at some point, right? Like, something happens, people have families, people have friends, people have lives that go on outside of school, and when every class has a group project, that means that I have to find a common time to meet with potentially 20 different people",56
67,MPP1,Speaker 2,False,41:17:00,148620,over the course of one week and balance that with my schedule.,over the course of one week and balance that with my schedule.,12
68,MPP1,Speaker 13,False,41:20:00,148800,"They have to do the same. And so it ends up being that we're free for 15 minutes walking past one another in the cafeteria on a [NAME]. That doesn't work. And so I think from a professor's standpoint, giving people the option to work individually on something is strong. Because I understand the importance of group work. But why is it that a high-stakes project depends on three other people? That's not an assessment of my learning. That's an assessment of how well I can balance everything going on in my life, which is heterogeneous among my peers. And that's not fair to me or my peers. So I would prefer that, at least with this scenario, that there's some sort of individual assignment that someone can do in place of group work. Because I think this is pretty common.","They have to do the same. And so it ends up being that we're free for 15 minutes walking past one another in the cafeteria on a . That doesn't work. And so I think from a professor's standpoint, giving people the option to work individually on something is strong. Because I understand the importance of group work. But why is it that a high-stakes project depends on three other people? That's not an assessment of my learning. That's an assessment of how well I can balance everything going on in my life, which is heterogeneous among my peers. And that's not fair to me or my peers. So I would prefer that, at least with this scenario, that there's some sort of individual assignment that someone can do in place of group work. Because I think this is pretty common.",141
69,MPP1,Speaker 6,False,42:03:00,151380,"I would agree with that. I think there's a tendency that a lot of core classes use group work. And especially when it happens at the same time, this is when challenges like this one get worse. Because you're just exorbitantly having more commitments and need to align with others.","I would agree with that. I think there's a tendency that a lot of core classes use group work. And especially when it happens at the same time, this is when challenges like this one get worse. Because you're just exorbitantly having more commitments and need to align with others.",50
70,MPP1,Moderator,True,42:18:00,152280,do you have the professor to be aware of other group assignments in other courses for example yeah like have you have you felt that that happens or there's an absence or presence of,do you have the professor to be aware of other group assignments in other courses for example yeah like have you have you felt that that happens or there's an absence or presence of,34
71,MPP1,Speaker 5,False,42:30:00,153000,"it i think generally that it seems that there's an absence of like just assignments and workloads across all classes whether it be a group or anything it's kind of everyone is kind of operating in their own sphere and there's like, I don't know, it's kind of like prisoner's dilemma, like race to the bottom of like just assigning more and like group work and all that.","it i think generally that it seems that there's an absence of like just assignments and workloads across all classes whether it be a group or anything it's kind of everyone is kind of operating in their own sphere and there's like, I don't know, it's kind of like prisoner's dilemma, like race to the bottom of like just assigning more and like group work and all that.",68
72,MPP1,Speaker 6,False,42:52:00,154320,"I want to mention one positive exception, which again, the Z section in econ last semester, the professor tried very hard to, for example, have fewer problem sets in the beginning of the semester when people were in negotiations and had a lot of group work. So I think there's very few examples where data is taken into account, but it should definitely be done more.","I want to mention one positive exception, which again, the Z section in econ last semester, the professor tried very hard to, for example, have fewer problem sets in the beginning of the semester when people were in negotiations and had a lot of group work. So I think there's very few examples where data is taken into account, but it should definitely be done more.",66
73,MPP1,Moderator,True,43:11:00,155460,"Great. [NAME] extra final comments on this scenario? Ready for the next scenario? All right. Do you want these back? Yeah, we'll collect those. We can collect them at the end, so hang on to them. I can just take them. Yeah, that's true. We can pick them up now and then we'll have less paper on the table. Thank you. All right. So this is the same thing. We're going to do silent reading and jot some of your own notes so that we can have your ideas. Thank you.","Great. extra final comments on this scenario? Ready for the next scenario? All right. Do you want these back? Yeah, we'll collect those. We can collect them at the end, so hang on to them. I can just take them. Yeah, that's true. We can pick them up now and then we'll have less paper on the table. Thank you. All right. So this is the same thing. We're going to do silent reading and jot some of your own notes so that we can have your ideas. Thank you.",90
74,MPP1,Speaker 2,False,44:33:00,160380,The cheat pen's breaking. A little bit. Sorry. Oh. They have the big guns. This one works all the way to do. All right.,The cheat pen's breaking. A little bit. Sorry. Oh. They have the big guns. This one works all the way to do. All right.,24
75,MPP1,Speaker 6,False,45:36:00,164160,That's okay.,That's okay.,2
76,MPP1,Moderator,True,46:09:00,166140,"Okay, there's a lot going on in this one little blue paragraph, but let's sort of focus, if we can, on learning impact. So who wants to share an observation sort of from a particular perspective on this? Because there's a lot of perspectives that you could take from here. Yes.","Okay, there's a lot going on in this one little blue paragraph, but let's sort of focus, if we can, on learning impact. So who wants to share an observation sort of from a particular perspective on this? Because there's a lot of perspectives that you could take from here. Yes.",51
77,MPP1,Speaker 9,False,46:30:00,167400,"So it happened on several cases in the classroom, negotiation and PTT, and student admit she didn't read it. But as long as like professor, okay we are moving on, but professor controlling her facial expression and non-verbal cue, and I understand you in this case, but you have more days, and so as long as she or he doesn't show that kind of super disappointment, and can be much more partial, I think it's okay for these cases. And also, I want professors to not hold that person, like, gudge on the next things, something like that. And I experienced, for example, PDD, all those students, a student admit, like, she didn't read the thing. Later, like, classes, the professor was trying to ask more questions and make that student more active. So it shows me the kindness. So my way of learning is as long as it's in a kind and inclusive environment, I'm OK with my own learning. So that was my perspective. Thank you.","So it happened on several cases in the classroom, negotiation and PTT, and student admit she didn't read it. But as long as like professor, okay we are moving on, but professor controlling her facial expression and non-verbal cue, and I understand you in this case, but you have more days, and so as long as she or he doesn't show that kind of super disappointment, and can be much more partial, I think it's okay for these cases. And also, I want professors to not hold that person, like, gudge on the next things, something like that. And I experienced, for example, PDD, all those students, a student admit, like, she didn't read the thing. Later, like, classes, the professor was trying to ask more questions and make that student more active. So it shows me the kindness. So my way of learning is as long as it's in a kind and inclusive environment, I'm OK with my own learning. So that was my perspective. Thank you.",168
78,MPP1,Speaker 2,False,47:42:00,171720,Who else would you like to share from another perspective?,Who else would you like to share from another perspective?,10
79,MPP1,Speaker 8,False,47:45:00,171900,"I felt that I would probably be a little bit more on edge in this class than other classes. But I think that was probably the professor's intent. And I would definitely also be keeping an eye out to see if the professor was treating everyone the same way. If anyone got a pass on this type of behavior, that would make me look at it much more negatively. Whereas if a professor is treating everyone the exact same way, and if expectations were set clearly on the syllabus and on the first day of classes, I don't think I'd personally have a problem with it. because the student could have communicated with the professor earlier to let them know if there was a special situation or something.","I felt that I would probably be a little bit more on edge in this class than other classes. But I think that was probably the professor's intent. And I would definitely also be keeping an eye out to see if the professor was treating everyone the same way. If anyone got a pass on this type of behavior, that would make me look at it much more negatively. Whereas if a professor is treating everyone the exact same way, and if expectations were set clearly on the syllabus and on the first day of classes, I don't think I'd personally have a problem with it. because the student could have communicated with the professor earlier to let them know if there was a special situation or something.",128
80,MPP1,Speaker 10,False,48:32:00,174720,"Yeah, I also actually think this kind of strict disagreeing and coherent rules are very important for learning. So I think actually this kind of attitude of professor actually helped my learning because you know, a lot of course require a great workload, and all those assignments and readings were there for reasons, and students, they can be busy or sometimes they can be lazy, and professors are actually responsible for getting students to do the assignments and read the materials. So I think, you know, the professional scenario is actually encouraging students to get more involved in the class.","Yeah, I also actually think this kind of strict disagreeing and coherent rules are very important for learning. So I think actually this kind of attitude of professor actually helped my learning because you know, a lot of course require a great workload, and all those assignments and readings were there for reasons, and students, they can be busy or sometimes they can be lazy, and professors are actually responsible for getting students to do the assignments and read the materials. So I think, you know, the professional scenario is actually encouraging students to get more involved in the class.",100
81,MPP1,Speaker 5,False,49:30:00,178200,"I think for me, this would really negatively affect my learning. I think I would feel like secondhand embarrassment for the person. And I would think that could be me if I had something going on. I think to speak like this to a room full of adults is like not okay. I think like we're we're all adults, we're not kids. So I think, like, given the big class sizes, like the professor could just move on to the next person. I don't, yeah, I think for me this would, like, yeah, negatively affect how I view the class and how, yeah, I view the culture and how, like, psychologically safe I probably feel in the class.","I think for me, this would really negatively affect my learning. I think I would feel like secondhand embarrassment for the person. And I would think that could be me if I had something going on. I think to speak like this to a room full of adults is like not okay. I think like we're we're all adults, we're not kids. So I think, like, given the big class sizes, like the professor could just move on to the next person. I don't, yeah, I think for me this would, like, yeah, negatively affect how I view the class and how, yeah, I view the culture and how, like, psychologically safe I probably feel in the class.",118
82,MPP1,Moderator,True,50:06:00,180360,Thank you. Would you raise your hand?,Thank you. Would you raise your hand?,7
83,MPP1,Speaker 11,False,50:08:00,180480,"Yeah. I think I agree with what [NAME] said, but I also feel that there is a certain merit to holding people to a certain academic standard. So maybe calling out the person by using the word that's disappointing may not be the right thing to do. [NAME] that moment the professor could move on to the next participant and I believe everyone in the class would still understand that it is important. [NAME] the person who did not come to pay for whatsoever reason, it could be callousness or a genuine reason, the professor could schedule a one-on-one chat later on or CA could relay that feedback that this is something we should be careful about or stuff like that. I genuinely feel that we should all be collectively holding ourselves to a better preparation for class and thereby a better academic standard. So I agree there's a trade-off. I think on the one","Yeah. I think I agree with what said, but I also feel that there is a certain merit to holding people to a certain academic standard. So maybe calling out the person by using the word that's disappointing may not be the right thing to do. that moment the professor could move on to the next participant and I believe everyone in the class would still understand that it is important. the person who did not come to pay for whatsoever reason, it could be callousness or a genuine reason, the professor could schedule a one-on-one chat later on or CA could relay that feedback that this is something we should be careful about or stuff like that. I genuinely feel that we should all be collectively holding ourselves to a better preparation for class and thereby a better academic standard. So I agree there's a trade-off. I think on the one",152
84,MPP1,Speaker 6,False,51:05:00,183900,"hand, I don't want other people in the class to be late or underprepared because, for example, if the door keeps opening, I've had it in one class that's like incredibly disruptive because You just can't listen to the person speaking. But on the other hand, I don't want people to be intimidated. And so I think the way to have that trade-off is, or one way I've seen it done by [NAME] [NAME], is that he does call on you, but if you genuinely are having a bad day, he allows you to call on someone else or say, I don't want to answer today. And I think it's okay as long as students do that a few times throughout the semester, as long as it doesn't happen the entire time. And I think that's a sort of softer way of doing what I presume the professor is trying to do here, like sort of setting standards, but giving that extra flexibility if things are rough.","hand, I don't want other people in the class to be late or underprepared because, for example, if the door keeps opening, I've had it in one class that's like incredibly disruptive because You just can't listen to the person speaking. But on the other hand, I don't want people to be intimidated. And so I think the way to have that trade-off is, or one way I've seen it done by , is that he does call on you, but if you genuinely are having a bad day, he allows you to call on someone else or say, I don't want to answer today. And I think it's okay as long as students do that a few times throughout the semester, as long as it doesn't happen the entire time. And I think that's a sort of softer way of doing what I presume the professor is trying to do here, like sort of setting standards, but giving that extra flexibility if things are rough.",166
85,MPP1,Moderator,True,51:51:00,186660,"Can I tease out one thing about what people at the table think should happen with that idea of kind of the people coming late that are staggered? What do you think ought to happen? Like, what is the thing that you wish, you know, would stem that or change that? Or is it, you know, how should that be treated or handled? Just ideas for that.","Can I tease out one thing about what people at the table think should happen with that idea of kind of the people coming late that are staggered? What do you think ought to happen? Like, what is the thing that you wish, you know, would stem that or change that? Or is it, you know, how should that be treated or handled? Just ideas for that.",67
86,MPP1,Speaker 6,False,52:21:00,188460,"I don't know if it's a general solution. One solution I've seen from [NAME] [NAME] is in the first couple of classes, just whenever someone came in late, she would interrupt the session and say to the person, class begins at 9 a.m. and then continue with the lecture and I think that set a standard very early on that like coming to the classroom was important and she would then reiterate that and say your presence matters we need all of you in this room so please be here on time and since that first session a lot fewer people have come late.","I don't know if it's a general solution. One solution I've seen from is in the first couple of classes, just whenever someone came in late, she would interrupt the session and say to the person, class begins at 9 a.m. and then continue with the lecture and I think that set a standard very early on that like coming to the classroom was important and she would then reiterate that and say your presence matters we need all of you in this room so please be here on time and since that first session a lot fewer people have come late.",102
87,MPP1,Speaker 12,False,52:57:00,190620,I think I'm one of those people who struggles with coming on time and if I were to analyze my own behavior.,I think I'm one of those people who struggles with coming on time and if I were to analyze my own behavior.,22
88,MPP1,Speaker 2,False,53:06:00,191160,Yes.,Yes.,1
89,MPP1,Speaker 12,False,53:07:00,191220,"I think we also have a similar class in ethics where the professor set the norms that if someone comes late, then you stop the class and they are made to solve the ethical challenge for a minute. But he did say it's not meant to be to put you on the spot. It's useful, but it's also to sort of set that norm and expectation. and personally I've always been on time for that class","I think we also have a similar class in ethics where the professor set the norms that if someone comes late, then you stop the class and they are made to solve the ethical challenge for a minute. But he did say it's not meant to be to put you on the spot. It's useful, but it's also to sort of set that norm and expectation. and personally I've always been on time for that class",76
90,MPP1,Speaker 2,False,53:37:00,193020,Fascinating So you know,Fascinating So you know,4
91,MPP1,Speaker 12,False,53:41:00,193260,"I'm a problem and I can tell you how it can work Okay But yeah even about this and I think about in general it's linked to your question and even about this case I think what's great is I think this situation has never happened I think professors are great about being gracious but at the same time enforcing norms. So I don't think professors like to publicly shame, like in this case. I think there's a way to ignore it in class, but you will often get an email checking in, hey, are you okay? Or is there anything we can do to support you? And then if it's not addressed, it always will come, you will get a low class participation rate. So there are consequences, but so far I think it's been dealt with, all of this has been dealt with really well.","I'm a problem and I can tell you how it can work Okay But yeah even about this and I think about in general it's linked to your question and even about this case I think what's great is I think this situation has never happened I think professors are great about being gracious but at the same time enforcing norms. So I don't think professors like to publicly shame, like in this case. I think there's a way to ignore it in class, but you will often get an email checking in, hey, are you okay? Or is there anything we can do to support you? And then if it's not addressed, it always will come, you will get a low class participation rate. So there are consequences, but so far I think it's been dealt with, all of this has been dealt with really well.",147
92,MPP1,Moderator,True,54:31:00,196260,Thank you. [NAME] more on this and then we'll move to the next part.,Thank you. more on this and then we'll move to the next part.,13
93,MPP1,Speaker 13,False,54:35:00,196500,"I like that [NAME] [NAME] does that. I think that that's like, because it's playful. It's not like it removes all of the like anger and attitude from it. Whereas like if I walked in late to a classroom and someone looked at me and was like class starts at 9am, I would be like, yeah, well, the bus also is supposed to get here on time. Like, you know, there's genuine reason. I think tone and attitude matter here a lot. And I'm like reading both of these and it's ambiguous. you can't tell what tone they're taking in, but I can imagine that, like, yeah, I mean, if the student was like, I don't have time for this, like, sorry, your reading is, you know, not as important to me, like, if I was a professor, I would have attitude, too, and that student would probably deserve it, so that's, I think tone and attitude is sort of, like, my focus on this, and because [NAME] [NAME] takes a very, like, playful, like, no one cares, come just, like, talk for a minute, really, is what the prompt for that is, like, I think it's pretty open, but I've also never been subjected to that, So I don't want to speak on behalf of those who have. Not everyone has outspoken.","I like that does that. I think that that's like, because it's playful. It's not like it removes all of the like anger and attitude from it. Whereas like if I walked in late to a classroom and someone looked at me and was like class starts at 9am, I would be like, yeah, well, the bus also is supposed to get here on time. Like, you know, there's genuine reason. I think tone and attitude matter here a lot. And I'm like reading both of these and it's ambiguous. you can't tell what tone they're taking in, but I can imagine that, like, yeah, I mean, if the student was like, I don't have time for this, like, sorry, your reading is, you know, not as important to me, like, if I was a professor, I would have attitude, too, and that student would probably deserve it, so that's, I think tone and attitude is sort of, like, my focus on this, and because takes a very, like, playful, like, no one cares, come just, like, talk for a minute, really, is what the prompt for that is, like, I think it's pretty open, but I've also never been subjected to that, So I don't want to speak on behalf of those who have. Not everyone has outspoken.",219
94,MPP1,Moderator,True,55:30:00,199800,"Thank you so much for that. We're going to transition now to a new exercise. And why don't we-- actually, you can just pass the blue sheets back down to me. I'll collect them because Lori's going to do whiteboard things with us. So now, beyond the scenarios, we want to open the floor to your ideas in a generative exercise. And what I want to ask you to think about now is if the school leaders could change one thing about HCAS professionalism and rigor, and you may separate them, you may combine them, what would it be? It's very hard to pick only one, and we're going to generate the ideas here. Each one will generate an idea. We're going to put it on the whiteboard, and then we're going to sort of test out the collective intensity we have for these ideas that our group generates. So we want to hear one thing from everyone, and I'm just going to cold call. I'm just going to start with [NAME].","Thank you so much for that. We're going to transition now to a new exercise. And why don't we-- actually, you can just pass the blue sheets back down to me. I'll collect them because Lori's going to do whiteboard things with us. So now, beyond the scenarios, we want to open the floor to your ideas in a generative exercise. And what I want to ask you to think about now is if the school leaders could change one thing about HCAS professionalism and rigor, and you may separate them, you may combine them, what would it be? It's very hard to pick only one, and we're going to generate the ideas here. Each one will generate an idea. We're going to put it on the whiteboard, and then we're going to sort of test out the collective intensity we have for these ideas that our group generates. So we want to hear one thing from everyone, and I'm just going to cold call. I'm just going to start with .",172
95,MPP1,Speaker 7,False,56:36:00,203760,I would say get rid of some of the core courses.,I would say get rid of some of the core courses.,11
96,MPP1,Moderator,True,56:43:00,204180,Get rid of some of them. Yeah.,Get rid of some of them. Yeah.,7
97,MPP1,Speaker 7,False,56:45:00,204300,"at least not making them in the top. I think some of them are useful, some are less useful.","at least not making them in the top. I think some of them are useful, some are less useful.",19
98,MPP1,Speaker 2,False,56:52:00,204720,Okay.,Okay.,1
99,MPP1,Speaker 7,False,56:53:00,204780,More specific?,More specific?,2
100,MPP1,Speaker 2,False,56:54:00,204840,No.,No.,1
101,MPP1,Moderator,True,56:58:00,205080,"You're in the middle of it. I think probably we're going to get high intensity on that. Thank you. Thank you, [NAME]. So let's take a second idea from a volunteer.","You're in the middle of it. I think probably we're going to get high intensity on that. Thank you. Thank you, . So let's take a second idea from a volunteer.",31
102,MPP1,Speaker 5,False,57:13:00,205980,"I would say just reduce the volume of, like, work. Not necessarily assignments, but just, like, the readings and stuff. I feel like I'm getting such a surface-level understanding of so much, and I'm not getting the time to go into depth on these, like, important policy issues. So it's just, like, volume of... Volume of reading?","I would say just reduce the volume of, like, work. Not necessarily assignments, but just, like, the readings and stuff. I feel like I'm getting such a surface-level understanding of so much, and I'm not getting the time to go into depth on these, like, important policy issues. So it's just, like, volume of... Volume of reading?",57
103,MPP1,Moderator,True,57:35:00,207300,"Number of assignments? Because sometimes there's, like, two set up.","Number of assignments? Because sometimes there's, like, two set up.",10
104,MPP1,Speaker 5,False,57:39:00,207540,"It's probably more volume of reading, I think. They're kind of both interrelated a little.","It's probably more volume of reading, I think. They're kind of both interrelated a little.",15
105,MPP1,Moderator,True,57:45:00,207900,"Yes, I suppose if it's a signed reading, yes. Okay.","Yes, I suppose if it's a signed reading, yes. Okay.",10
106,MPP1,Speaker 4,False,57:48:00,208080,"Yeah, I second that.","Yeah, I second that.",4
107,MPP1,Moderator,True,57:49:00,208140,Okay.,Okay.,1
108,MPP1,Speaker 4,False,57:50:00,208200,"I think there should be a meeting for arranging volume of reading among professors. Okay. In last semester, one of my class gave me a reading of like 200 pages per week. It's like 200 pages for [NAME] and 200 pages for like [NAME]. It was like, whoa, it's madness. I'm an international student. I cannot follow the class. But if there were a meeting of professors that are allocating reading type. Coordination. Yeah, that's right. So coordination in the reading.","I think there should be a meeting for arranging volume of reading among professors. Okay. In last semester, one of my class gave me a reading of like 200 pages per week. It's like 200 pages for and 200 pages for like . It was like, whoa, it's madness. I'm an international student. I cannot follow the class. But if there were a meeting of professors that are allocating reading type. Coordination. Yeah, that's right. So coordination in the reading.",80
109,MPP1,Moderator,True,58:21:00,210060,"Coordination in the reading burden or assignment. Okay. So why don't we put that under a separate idea, which is sort of course-to-course coordination, you know, because reducing volume could be in a single course instance, coordination across has a flavor of a different idea. So let's take an idea from [NAME]. [NAME] you ready?","Coordination in the reading burden or assignment. Okay. So why don't we put that under a separate idea, which is sort of course-to-course coordination, you know, because reducing volume could be in a single course instance, coordination across has a flavor of a different idea. So let's take an idea from . you ready?",54
110,MPP1,Speaker 6,False,58:46:00,211560,"So I would call this learning at the right level, and I think it has something to do, there's a PDD case about this, it has something to do with the exemption policy. So people come into the school with incredibly different levels of prior knowledge on the subjects in the court. [NAME] they studied something that has nothing to do with political science or economics or social science before or they already have degrees in those subjects and I don't think the current exemption policy is allowing enough flexibility for students to be entering courses at the right level. So to give an example of that, I exempted out of statistics for last semester and this semester, but the core is requiring me to take the second half of statistics still this semester. But at the same time, for the first half of the semester, I'm a course assistant for statistics because of my prior background. So I don't think there's enough flexibility to match what people have done. And I think there's models to adopt here where, for example, the business school is allowing people to just take a more difficult statistics course or a more difficult econ course instead and this school has so many great stats courses and econ courses that I'm sure it would be possible to just allow MPP ones to go into one of those harder courses instead in their first year if they can prove that they have the prior","So I would call this learning at the right level, and I think it has something to do, there's a PDD case about this, it has something to do with the exemption policy. So people come into the school with incredibly different levels of prior knowledge on the subjects in the court. they studied something that has nothing to do with political science or economics or social science before or they already have degrees in those subjects and I don't think the current exemption policy is allowing enough flexibility for students to be entering courses at the right level. So to give an example of that, I exempted out of statistics for last semester and this semester, but the core is requiring me to take the second half of statistics still this semester. But at the same time, for the first half of the semester, I'm a course assistant for statistics because of my prior background. So I don't think there's enough flexibility to match what people have done. And I think there's models to adopt here where, for example, the business school is allowing people to just take a more difficult statistics course or a more difficult econ course instead and this school has so many great stats courses and econ courses that I'm sure it would be possible to just allow MPP ones to go into one of those harder courses instead in their first year if they can prove that they have the prior",247
111,MPP1,Moderator,True,1:00:11,3611,experience so in terms of the right level you're imagining mostly I think in what you described a student who's able to do things at a higher level it's not necessarily a student who needs a lower level? I think the thing that adjusts is,experience so in terms of the right level you're imagining mostly I think in what you described a student who's able to do things at a higher level it's not necessarily a student who needs a lower level? I think the thing that adjusts is,45
112,MPP1,Speaker 6,False,1:00:27,3627,if people who are more advanced because of their prior courses are opting into more difficult courses then the core can adjust to also meet the needs more of students who are struggling. And I think that's the way to kind of make that benefit everyone. [NAME] one of the challenges is people's questions aren't being answered enough for example in stats or econ and they spend a lot of time in office hours because the course is too difficult for them. So just spread it out.,if people who are more advanced because of their prior courses are opting into more difficult courses then the core can adjust to also meet the needs more of students who are struggling. And I think that's the way to kind of make that benefit everyone. one of the challenges is people's questions aren't being answered enough for example in stats or econ and they spend a lot of time in office hours because the course is too difficult for them. So just spread it out.,86
113,MPP1,Moderator,True,1:00:53,3653,"Okay, thank you. We're gonna move on and keep getting the ideas. [NAME]?","Okay, thank you. We're gonna move on and keep getting the ideas. ?",13
114,MPP1,Speaker 9,False,1:00:58,3658,"I wanted to decrease the participation scores percentages because like from some [NAME] students, especially from [NAME] students, although they have amazing ideas, they just didn't get used to speaking up a lot. And then, although they do extremely great on other stuff, but their score is lower than mine, I always, like, shamelessly, mindlessly speak, which seems really unfair. And also, like, sometimes the participation score is, for some classes, 40%. And it makes me, like, just push myself, like, perform instead of, like, asking what is important for me. So that seems like, if it's, like, really, like, lower for me, it's beneficial.","I wanted to decrease the participation scores percentages because like from some students, especially from students, although they have amazing ideas, they just didn't get used to speaking up a lot. And then, although they do extremely great on other stuff, but their score is lower than mine, I always, like, shamelessly, mindlessly speak, which seems really unfair. And also, like, sometimes the participation score is, for some classes, 40%. And it makes me, like, just push myself, like, perform instead of, like, asking what is important for me. So that seems like, if it's, like, really, like, lower for me, it's beneficial.",103
115,MPP1,Moderator,True,1:01:46,3706,I mean I saw you nodding I think [NAME] were you nodding about when [NAME] said that? I've nodded everything,I mean I saw you nodding I think were you nodding about when said that? I've nodded everything,18
116,MPP1,Speaker 13,False,1:01:52,3712,yes I think it's also teachly from my understanding tracks how many times you participate which is sort of a ridiculous measure of like the quality of your contributions to the classroom so maybe I don't know having some other system but yeah 100% and also on the stat thing I totally agree I came in with a stat background too,yes I think it's also teachly from my understanding tracks how many times you participate which is sort of a ridiculous measure of like the quality of your contributions to the classroom so maybe I don't know having some other system but yeah 100% and also on the stat thing I totally agree I came in with a stat background too,61
117,MPP1,Moderator,True,1:02:12,3732,We're going to have a chance to actually show how you agree. So we're going to collect out ideas from anyone who hasn't contributed an idea yet.,We're going to have a chance to actually show how you agree. So we're going to collect out ideas from anyone who hasn't contributed an idea yet.,27
118,MPP1,Speaker 11,False,1:02:22,3742,"Be a global school and not be very [NAME] in the coursework. I've been a part of multiple classrooms where I find myself pretty much questioning why am I here in the name of a global school where I'm being taught a very [NAME] focused case or coursework. [NAME], be more global. [NAME], okay. [NAME] good, thank you. [NAME] hasn't","Be a global school and not be very in the coursework. I've been a part of multiple classrooms where I find myself pretty much questioning why am I here in the name of a global school where I'm being taught a very focused case or coursework. , be more global. , okay. good, thank you. hasn't",56
119,MPP1,Moderator,True,1:02:52,3772,"who hasn't provided an idea yet? I've lost track. [NAME], and then we'll go to you.","who hasn't provided an idea yet? I've lost track. , and then we'll go to you.",16
120,MPP1,Speaker 8,False,1:02:58,3778,I agree with a lot of them. I'll try to offer a new one. I think we need to reduce class sizes. The size of the race and racism classes makes me feel like the program doesn't actually care about race and racism. So why is it required if I'm in a class of 120 people?,I agree with a lot of them. I'll try to offer a new one. I think we need to reduce class sizes. The size of the race and racism classes makes me feel like the program doesn't actually care about race and racism. So why is it required if I'm in a class of 120 people?,56
121,MPP1,Moderator,True,1:03:25,3805,"where like, yeah. Can, so the 120 is the number that sort of seems. Yeah, I mean like last semester. How about 60?","where like, yeah. Can, so the 120 is the number that sort of seems. Yeah, I mean like last semester. How about 60?",23
122,MPP1,Speaker 8,False,1:03:37,3817,"No, like last semester I was in one of the 70. I think a lot of us were in the same class. And that even, like, I think it's an intersection of class size and a huge participation grade. Uh-huh. Really like the intersection of those two really make it not worthwhile.","No, like last semester I was in one of the 70. I think a lot of us were in the same class. And that even, like, I think it's an intersection of class size and a huge participation grade. Uh-huh. Really like the intersection of those two really make it not worthwhile.",52
123,MPP1,Speaker 5,False,1:03:52,3832,Mm-hmm.,Mm-hmm.,1
124,MPP1,Speaker 12,False,1:03:52,3832,"Okay. And, [NAME]? Yeah. Yeah, I agree with everything. [NAME] a slightly different idea. And I know there's a lot of work being done, but there's so much work to be done on diversity of opinions in classrooms.","Okay. And, ? Yeah. Yeah, I agree with everything. a slightly different idea. And I know there's a lot of work being done, but there's so much work to be done on diversity of opinions in classrooms.",37
125,MPP1,Moderator,True,1:04:07,3847,Okay. [NAME] diversity of opinions.,Okay. diversity of opinions.,4
126,MPP1,Speaker 12,False,1:04:10,3850,Classrooms are not safe in my words. [NAME] from it.,Classrooms are not safe in my words. from it.,9
127,MPP1,Moderator,True,1:04:13,3853,Okay.,Okay.,1
128,MPP1,Speaker 12,False,1:04:14,3854,"I will come out of classrooms and there'll be at least 30 to 40% roughly where people are like, What was being discussed in the classroom was ridiculous. There's no way I could even say that in class. Or give my opinion in class. And these are not even, let's say, I mean, we don't know HKS as a liberal school. These are not even right-wing perspectives. These are like center-left perspectives. Where you just don't feel comfortable. And I think a lot of that expectation setting has to be done explicitly by the professor. The onus is on the professor to set the norms on day one. and to elicit diverse viewpoints. And I've been in a couple of classrooms which you learn really well. But most fail miserably.","I will come out of classrooms and there'll be at least 30 to 40% roughly where people are like, What was being discussed in the classroom was ridiculous. There's no way I could even say that in class. Or give my opinion in class. And these are not even, let's say, I mean, we don't know HKS as a liberal school. These are not even right-wing perspectives. These are like center-left perspectives. Where you just don't feel comfortable. And I think a lot of that expectation setting has to be done explicitly by the professor. The onus is on the professor to set the norms on day one. and to elicit diverse viewpoints. And I've been in a couple of classrooms which you learn really well. But most fail miserably.",130
129,MPP1,Moderator,True,1:04:58,3898,"Okay. Let's amend eight, [NAME], that you wrote down, and include onus is on the professor, you know, the onus is on the professor rather than the onus being on the community of students. Yes?","Okay. Let's amend eight, , that you wrote down, and include onus is on the professor, you know, the onus is on the professor rather than the onus being on the community of students. Yes?",35
130,MPP1,Speaker 13,False,1:05:13,3913,"One thing that we haven't talked about yet, and I don't know if other people experience this, but exclusivity seems to kind of like run through HKS's blood. Like, classes are exclusive. The bid point system makes it so that, like, unless you're a dual degree student, you can't take, like, these celebrity faculty your first year. The courses you have to apply to, I think a lot of it is discouraging for students who just, like, are happy they got in and want to experience as much as they can. Because, like, you can't get into certain courses or in study groups, like, all sorts of things. I think, like, yeah, a lot of that. I mean, I like smaller class sizes, but I think that also there's a balance between how exclusive can you make certain things.","One thing that we haven't talked about yet, and I don't know if other people experience this, but exclusivity seems to kind of like run through HKS's blood. Like, classes are exclusive. The bid point system makes it so that, like, unless you're a dual degree student, you can't take, like, these celebrity faculty your first year. The courses you have to apply to, I think a lot of it is discouraging for students who just, like, are happy they got in and want to experience as much as they can. Because, like, you can't get into certain courses or in study groups, like, all sorts of things. I think, like, yeah, a lot of that. I mean, I like smaller class sizes, but I think that also there's a balance between how exclusive can you make certain things.",139
131,MPP1,Moderator,True,1:05:51,3951,Would it be fair if we summarize this as examine and reduce the amount of exclusivity in courses and potentially other co-curricular things?,Would it be fair if we summarize this as examine and reduce the amount of exclusivity in courses and potentially other co-curricular things?,23
132,MPP1,Speaker 13,False,1:06:03,3963,"Yeah, I think courses is sort of my main point.","Yeah, I think courses is sort of my main point.",10
133,MPP1,Moderator,True,1:06:05,3965,"Courses, okay. Okay, all right. Now we're going to do a get up and move a little bit. It's going to be a little crowded, but what we're going to do is we want to get the intensity of your feelings about these ideas. And everybody has two check marks and one X mark. You don't have to use the X mark. The X mark is saying, like, I'm downsizing the intensity on this idea. But the check marks are for you to say, yeah, this is something I actually want to make sure rises to the top of all of it. You can use both checkmarks on one idea or just distribute the two checkmarks in a way that you want. And we'll go quickly. Don't think too hard about it. Use your gut so that we can end and make sure we end on time because there's one extra brief writing exercise on the cards. So put your checkmarks up and come back to your seat.","Courses, okay. Okay, all right. Now we're going to do a get up and move a little bit. It's going to be a little crowded, but what we're going to do is we want to get the intensity of your feelings about these ideas. And everybody has two check marks and one X mark. You don't have to use the X mark. The X mark is saying, like, I'm downsizing the intensity on this idea. But the check marks are for you to say, yeah, this is something I actually want to make sure rises to the top of all of it. You can use both checkmarks on one idea or just distribute the two checkmarks in a way that you want. And we'll go quickly. Don't think too hard about it. Use your gut so that we can end and make sure we end on time because there's one extra brief writing exercise on the cards. So put your checkmarks up and come back to your seat.",168
134,MPP1,Speaker 5,False,1:07:04,4024,Will we have a chance to explain anything?,Will we have a chance to explain anything?,8
135,MPP1,Moderator,True,1:07:07,4027,Explain your checkmarks?,Explain your checkmarks?,3
136,MPP1,Speaker 5,False,1:07:08,4028,"Yeah. Yeah, because... No, okay. But you know what?","Yeah. Yeah, because... No, okay. But you know what?",9
137,MPP1,Moderator,True,1:07:11,4031,You could annotate on your index card. Okay. Okay? You could do that. How's that? Perfect. Okay.,You could annotate on your index card. Okay. Okay? You could do that. How's that? Perfect. Okay.,17
138,MPP1,Speaker 2,False,1:07:50,4070,"That is exactly what that is. Somebody will thank you again. I'm sorry, but there's a clear time.","That is exactly what that is. Somebody will thank you again. I'm sorry, but there's a clear time.",18
139,MPP1,Speaker 12,False,1:07:56,4076,"I'm sorry, I'm sorry. I just, I'm sorry.","I'm sorry, I'm sorry. I just, I'm sorry.",8
140,MPP1,Moderator,True,1:07:59,4079,"No, we're not going to have open cards, but what we are going to do is we're going to have an opportunity for you to share final thoughts on the white cards that are at. So right now, so that we end on time, thank you very much. We're going to have a final brief activity, and this is writing something individual and index cards. If there's something that you didn't get to say or share, we want to have you put them on the index cards. But we also want to know, is there a question that we didn't ask that you think was really important and you would have really liked to bring forward about professionalism, rigor, classroom culture, anything? Have we not asked something that you would like to make sure you share? Are you going to write that on the index card? We're going to collect the index card and not have discussion about it. And if there's something that you want to annotate about any prior parts of our discussion today, please use the other side of the index card. That will become part of our data set that we analyze. So is there anything that we didn't ask that you would have really liked to share about?","No, we're not going to have open cards, but what we are going to do is we're going to have an opportunity for you to share final thoughts on the white cards that are at. So right now, so that we end on time, thank you very much. We're going to have a final brief activity, and this is writing something individual and index cards. If there's something that you didn't get to say or share, we want to have you put them on the index cards. But we also want to know, is there a question that we didn't ask that you think was really important and you would have really liked to bring forward about professionalism, rigor, classroom culture, anything? Have we not asked something that you would like to make sure you share? Are you going to write that on the index card? We're going to collect the index card and not have discussion about it. And if there's something that you want to annotate about any prior parts of our discussion today, please use the other side of the index card. That will become part of our data set that we analyze. So is there anything that we didn't ask that you would have really liked to share about?",213
141,MPP1,Speaker 2,False,1:09:11,4151,Can you repeat what we're supposed to put on the index again?,Can you repeat what we're supposed to put on the index again?,12
142,MPP1,Moderator,True,1:09:13,4153,"Well, on one side, you could put, is there anything that we didn't ask that you want to share about? On the other side, if there was an opportunity to comment on something that you didn't get a chance to, you can put something under addendum comment or something like that. Thank you. Yeah. Thank you so much. We couldn't have asked for just a better group with a lot of ideas and a lot of energy on an afternoon on, I don't even, [NAME]. Tuesday. So, um, see you in the cafe with your vouchers. [NAME] there's any, if you get any trouble with those, you have my email. [NAME], and I just appreciate the time that you took today and the thoughts and your candor and your willingness to participate. And, um, I really do appreciate it. So those of you finishing writing, you can stay. [NAME], you can pass the index cards either to I'm going to go to [NAME] on your way out, and I appreciate it very much. And have a great rest of your afternoon. You too. School leaders will get the analysis at the end of [NAME]. Think about the changes there. Do they do this every year? No, this is very special.","Well, on one side, you could put, is there anything that we didn't ask that you want to share about? On the other side, if there was an opportunity to comment on something that you didn't get a chance to, you can put something under addendum comment or something like that. Thank you. Yeah. Thank you so much. We couldn't have asked for just a better group with a lot of ideas and a lot of energy on an afternoon on, I don't even, . Tuesday. So, um, see you in the cafe with your vouchers. there's any, if you get any trouble with those, you have my email. , and I just appreciate the time that you took today and the thoughts and your candor and your willingness to participate. And, um, I really do appreciate it. So those of you finishing writing, you can stay. , you can pass the index cards either to I'm going to go to on your way out, and I appreciate it very much. And have a great rest of your afternoon. You too. School leaders will get the analysis at the end of . Think about the changes there. Do they do this every year? No, this is very special.",208
143,MCMPA,Moderator,True,13:19,799,"So, thank you so much for coming. I'm Maria, and this is Laurie. from the [NAME]'s [NAME] at HKS and at [NAME], we are convening these focus groups. The purpose is it's going to provide some sort of student input into a vision and strategy project that they're undertaking. First up, we're going to record the audio, but the purpose of that is just a support analysis and your inputs will be anonymized. anonymized. There will be no attributions of who said what or quotes or your names, anywhere. So [NAME]'s also taking a few notes on the side as well. The goal is to hear your honest perspectives, a few ground rules that help the conversations work. You're expected to stay for the full hour. We hope that the cafe voucher helps you stay for the full hour. There are no wrong answers. We want your real reactions. Speak from your own experience when you can. It's okay to disagree and disagreement is useful and productive. And then I don't think we'll have any issues with this but like let each other finish before jumping in. And what should, what was said here should stay here. We ask you not share others comments outside of the room. Any questions before we start? How did you find us? You are a randomly organized invited sample. I got all the MCMPAs, randomized, picked up the top stripes of the new random numbers. If only [NAME] did the same thing with my numbers. I know. I know. I try to talk to the stats professors here about lotteries. Yeah. What are you doing? I'm [NAME]. Okay. So that's how we found you. And actually, to me, it's really important to the people commissioning this that it wasn't just sort of the volunteer self-selectors. Who wants to come? So it was important that actually we kind of do that discipline. So let's go. We'll begin. We'll go around the table and have each person tell us their first name in their hometown, in case you don't know each other already. So I'll start with you. I'm [NAME]. I'm from [NAME]. Great. Thank you. So now we're going to go through a series of things, different kind of modalities and different activities, but the first thing we want to do is have you think about your time here in HKS classrooms, and not a specific moment, but overall. In a couple of words or a short phrase, how would you describe the classroom course experience? And this is just a quick gut reaction. Laurie's going to record the words and phrases on the whiteboard. And let's go around in a brief phrase and [NAME] will record them. We're recording now too? Yes, we're recording now too for just the audio for us. This is so you can see what people have said. So why don't we start with you?","So, thank you so much for coming. I'm Maria, and this is Laurie. from the 's at HKS and at , we are convening these focus groups. The purpose is it's going to provide some sort of student input into a vision and strategy project that they're undertaking. First up, we're going to record the audio, but the purpose of that is just a support analysis and your inputs will be anonymized. anonymized. There will be no attributions of who said what or quotes or your names, anywhere. So 's also taking a few notes on the side as well. The goal is to hear your honest perspectives, a few ground rules that help the conversations work. You're expected to stay for the full hour. We hope that the cafe voucher helps you stay for the full hour. There are no wrong answers. We want your real reactions. Speak from your own experience when you can. It's okay to disagree and disagreement is useful and productive. And then I don't think we'll have any issues with this but like let each other finish before jumping in. And what should, what was said here should stay here. We ask you not share others comments outside of the room. Any questions before we start? How did you find us? You are a randomly organized invited sample. I got all the MCMPAs, randomized, picked up the top stripes of the new random numbers. If only did the same thing with my numbers. I know. I know. I try to talk to the stats professors here about lotteries. Yeah. What are you doing? I'm . Okay. So that's how we found you. And actually, to me, it's really important to the people commissioning this that it wasn't just sort of the volunteer self-selectors. Who wants to come? So it was important that actually we kind of do that discipline. So let's go. We'll begin. We'll go around the table and have each person tell us their first name in their hometown, in case you don't know each other already. So I'll start with you. I'm . I'm from . Great. Thank you. So now we're going to go through a series of things, different kind of modalities and different activities, but the first thing we want to do is have you think about your time here in HKS classrooms, and not a specific moment, but overall. In a couple of words or a short phrase, how would you describe the classroom course experience? And this is just a quick gut reaction. Laurie's going to record the words and phrases on the whiteboard. And let's go around in a brief phrase and will record them. We're recording now too? Yes, we're recording now too for just the audio for us. This is so you can see what people have said. So why don't we start with you?",482
144,MCMPA,Speaker 6,False,16:30,990,"Julia? A description of the way I've experienced courses would be engaging, invested, sometimes almost like a performance, but in a good way. Okay. All","Julia? A description of the way I've experienced courses would be engaging, invested, sometimes almost like a performance, but in a good way. Okay. All",25
145,MCMPA,Moderator,True,16:46,1006,"right. Great. Catching up, [NAME]. All right. Great. So [NAME], let's hear from you in kind of a word or phrase? Words or phrase?","right. Great. Catching up, . All right. Great. So , let's hear from you in kind of a word or phrase? Words or phrase?",24
146,MCMPA,Speaker 8,False,16:58,1018,"I mean, I think the professors are quite engaging as well. I think that oftentimes there's one or two people who take up student-wise the entirety of the class. In like 75 plus percent of my classes I've taken.","I mean, I think the professors are quite engaging as well. I think that oftentimes there's one or two people who take up student-wise the entirety of the class. In like 75 plus percent of my classes I've taken.",39
147,MCMPA,Moderator,True,17:17,1037,"Would it be fair to say dominant voices, overly dominant voices or something like that?","Would it be fair to say dominant voices, overly dominant voices or something like that?",15
148,MCMPA,Speaker 8,False,17:23,1043,For sure.,For sure.,2
149,MCMPA,Moderator,True,17:24,1044,Okay. Great. Thank you. But what was the first thing you said though?,Okay. Great. Thank you. But what was the first thing you said though?,13
150,MCMPA,Speaker 8,False,17:29,1049,I was just reiterating the engaging piece.,I was just reiterating the engaging piece.,7
151,MCMPA,Speaker 6,False,17:31,1051,"Okay. The professors dominant or the students? Students. Specific students, yeah.","Okay. The professors dominant or the students? Students. Specific students, yeah.",11
152,MCMPA,Speaker 7,False,17:36,1056,"Okay. I would say they're different from each other, both in terms of the type of engagement, sometimes also the quality.","Okay. I would say they're different from each other, both in terms of the type of engagement, sometimes also the quality.",21
153,MCMPA,Moderator,True,18:04,1084,So not uniform.,So not uniform.,3
154,MCMPA,Speaker 7,False,18:06,1086,"Yeah, not uniform. Not uniform.","Yeah, not uniform. Not uniform.",5
155,MCMPA,Moderator,True,18:08,1088,"So actually this question kind of is like, no, there's not one.","So actually this question kind of is like, no, there's not one.",12
156,MCMPA,Speaker 7,False,18:11,1091,"Yeah, and there is a very positive aspect of that, but there is also some negative aspects of that.","Yeah, and there is a very positive aspect of that, but there is also some negative aspects of that.",19
157,MCMPA,Moderator,True,18:17,1097,Great. We're going to hope to draw some of that out today. Varying engagement quality. Great. Okay. See you.,Great. We're going to hope to draw some of that out today. Varying engagement quality. Great. Okay. See you.,19
158,MCMPA,Speaker 4,False,18:25,1105,Okay. So I may have a bias because I took very quant-heavy subjects in the first term. So for me it was overwhelming but very engaging as well. So and this semester seems lighter because I'm not taking quant-heavy subjects. It's a biased answer because of the subjects.,Okay. So I may have a bias because I took very quant-heavy subjects in the first term. So for me it was overwhelming but very engaging as well. So and this semester seems lighter because I'm not taking quant-heavy subjects. It's a biased answer because of the subjects.,48
159,MCMPA,Moderator,True,18:48,1128,"Yes, that's totally fine. We're kind of just pulling out the big ideas first. Can I just tease out, would you say overwhelming in workload or in kind of the academic level or both? Or like tell me more, one more couple words about overwhelming.","Yes, that's totally fine. We're kind of just pulling out the big ideas first. Can I just tease out, would you say overwhelming in workload or in kind of the academic level or both? Or like tell me more, one more couple words about overwhelming.",45
160,MCMPA,Speaker 4,False,19:11,1151,"I just felt the scope and the quality and the rigor is required for quant subjects. Hence, the time period of four months may not be sufficient because of the vastness of the scope. And especially because it's about practice in quant subjects, so that's something that kind of took away practical experience away from me. Also, I felt that the time given for quant between the final exams and when we finish off with our classes, that should be a little bit more for quant because that gives you time for prepping while you are also submitting and doing other"",""things, finishing off with the other things, which are non-quant heavy.","I just felt the scope and the quality and the rigor is required for quant subjects. Hence, the time period of four months may not be sufficient because of the vastness of the scope. And especially because it's about practice in quant subjects, so that's something that kind of took away practical experience away from me. Also, I felt that the time given for quant between the final exams and when we finish off with our classes, that should be a little bit more for quant because that gives you time for prepping while you are also submitting and doing other"",""things, finishing off with the other things, which are non-quant heavy.",111
161,MCMPA,Moderator,True,20:11,1211,"Okay, thank you. Great perspective. Hi, how are you? We'll catch you up. So [NAME],","Okay, thank you. Great perspective. Hi, how are you? We'll catch you up. So ,",15
162,MCMPA,Speaker 5,False,20:22,1222,"I would say generally very supportive. Pedagogy is truly unlike anything like other classes that I've been in in the past in my previous institutions and so it's kind of exploratory, experiential, there seems to be a lot of focus on that. And then I think varying degrees of accessibility depending on. Okay.","I would say generally very supportive. Pedagogy is truly unlike anything like other classes that I've been in in the past in my previous institutions and so it's kind of exploratory, experiential, there seems to be a lot of focus on that. And then I think varying degrees of accessibility depending on. Okay.",53
163,MCMPA,Moderator,True,20:45,1245,"That is great. Emma? I'm [NAME]. This is [NAME]. We're hoping to just have you speak a word or a short phrase that sort of comes to mind when you think across all of your experience so far in HKS classrooms. Democracy. Great. Thank you. Okay, so now we're going to move on and we're going to go into something to try to sort of compare to some of your past experiences, which [NAME], I think you sort of were alluding to some things feeling very different than past ones. So everyone has prior experience in college and perhaps graduate classrooms before HKS, so take a moment to think about how classroom professionalism at HKS compares with what you've experienced elsewhere and how those environments affect your learning, whether you're thinking of the ones here or the ones elsewhere. It's okay to describe specific moments or courses without using people's names. And feel free to interpret professionalism, you know, so it's not that there's a strict definition to it. So what are one or two ways professionalism of HKS classes feels different than your prior experience? And who would like to jump in and start?","That is great. Emma? I'm . This is . We're hoping to just have you speak a word or a short phrase that sort of comes to mind when you think across all of your experience so far in HKS classrooms. Democracy. Great. Thank you. Okay, so now we're going to move on and we're going to go into something to try to sort of compare to some of your past experiences, which , I think you sort of were alluding to some things feeling very different than past ones. So everyone has prior experience in college and perhaps graduate classrooms before HKS, so take a moment to think about how classroom professionalism at HKS compares with what you've experienced elsewhere and how those environments affect your learning, whether you're thinking of the ones here or the ones elsewhere. It's okay to describe specific moments or courses without using people's names. And feel free to interpret professionalism, you know, so it's not that there's a strict definition to it. So what are one or two ways professionalism of HKS classes feels different than your prior experience? And who would like to jump in and start?",195
164,MCMPA,Speaker 4,False,22:01,1321,"I think so the way of teaching is very different from what we have in [NAME]. So it's kind of more liberal and as you said democratic in terms of how the class is conducted. And I think the openness of thoughts is welcomed. what kind of encourages one person, one to kind of come out of his or her shell to expand the learning and the perspectives. So I think that I really appreciate that part of it. And it's not only just for me, because I also have my son with me here and he goes to [NAME] school. So I can see that actually starts at a very low level, I mean, in school and that kind of perculates upwards, not perculates downwards, but upwards. So I think I am appreciative of that system.","I think so the way of teaching is very different from what we have in . So it's kind of more liberal and as you said democratic in terms of how the class is conducted. And I think the openness of thoughts is welcomed. what kind of encourages one person, one to kind of come out of his or her shell to expand the learning and the perspectives. So I think that I really appreciate that part of it. And it's not only just for me, because I also have my son with me here and he goes to school. So I can see that actually starts at a very low level, I mean, in school and that kind of perculates upwards, not perculates downwards, but upwards. So I think I am appreciative of that system.",136
165,MCMPA,Moderator,True,23:02,1382,"Do you want to elaborate? You had started talking about it's different than anything else in experience, so sort of tease that out for us a little bit.","Do you want to elaborate? You had started talking about it's different than anything else in experience, so sort of tease that out for us a little bit.",28
166,MCMPA,Speaker 5,False,23:10,1390,"Yeah, 100%. I love it. I'm somebody who learns better when I'm going through and experiencing things as opposed to just being lectured at or just being taught at. And so I find, with a few exceptions, most of the courses that I was in last semester has some kind of incorporation of activity or, like, tactile or whatever. So I can name off [NAME], [NAME], and also [NAME] O'[NAME], amazing, amazing professors, who, and especially [NAME], who really tried, and [NAME], actually, all of them are great. But they really, I think, took the pedagogy of what it means to learn and reflected on it. And you can see it in the way that they teach their classes. And it really is why it's engaging. It's why I feel like I'm genuinely learning something every class. Yeah. And I'd say there are a few profs who still do the old school lecture at you and whatever. But I think that's just the nature of them.","Yeah, 100%. I love it. I'm somebody who learns better when I'm going through and experiencing things as opposed to just being lectured at or just being taught at. And so I find, with a few exceptions, most of the courses that I was in last semester has some kind of incorporation of activity or, like, tactile or whatever. So I can name off , , and also O', amazing, amazing professors, who, and especially , who really tried, and , actually, all of them are great. But they really, I think, took the pedagogy of what it means to learn and reflected on it. And you can see it in the way that they teach their classes. And it really is why it's engaging. It's why I feel like I'm genuinely learning something every class. Yeah. And I'd say there are a few profs who still do the old school lecture at you and whatever. But I think that's just the nature of them.",165
167,MCMPA,Moderator,True,24:07:00,86820,Does anyone else have a comparison to offer that hasn't spoken yet with some prior experiences in the classrooms elsewhere?,Does anyone else have a comparison to offer that hasn't spoken yet with some prior experiences in the classrooms elsewhere?,20
168,MCMPA,Speaker 6,False,24:15:00,87300,"Yeah. So when I was referring to performative and I said in a good way, what I mean is that people aren't standing behind their knowledge or behind a PowerPoint or what you know and so it's a point I 100% agree and like any other I've been countless institutions and I've been saying this and starting here that there's the highest level of professionalism that I've seen in that in that way I feel like the people that I've been learning from are involved in the experience and they're invested in they're almost learning as they go also or they're so they're experts in their given fields but yet it's not presented in a way where they're standing on high or you know so I and I think the knowledge is kind of it's permeating the classroom rather than it being something that's you know said and sitting in the air and people aren't quite clear about what it is that they're learning and then they move on so I 100% agree I think it's been excellent. So I think MCFPAs have a very special","Yeah. So when I was referring to performative and I said in a good way, what I mean is that people aren't standing behind their knowledge or behind a PowerPoint or what you know and so it's a point I 100% agree and like any other I've been countless institutions and I've been saying this and starting here that there's the highest level of professionalism that I've seen in that in that way I feel like the people that I've been learning from are involved in the experience and they're invested in they're almost learning as they go also or they're so they're experts in their given fields but yet it's not presented in a way where they're standing on high or you know so I and I think the knowledge is kind of it's permeating the classroom rather than it being something that's you know said and sitting in the air and people aren't quite clear about what it is that they're learning and then they move on so I 100% agree I think it's been excellent. So I think MCFPAs have a very special",186
169,MCMPA,Moderator,True,25:09:00,90540,kind of lens on this because you take such a wide variety of classes so has anyone does anyone have some sort of opposite experiences from classes that they've been in that they would share um,kind of lens on this because you take such a wide variety of classes so has anyone does anyone have some sort of opposite experiences from classes that they've been in that they would share um,36
170,MCMPA,Speaker 7,False,25:24:00,91440,"i i generally agree and and and share your perspective in that sense but i also feel that sometimes um i'm trying to to find like a more like that sometimes uh class discussions are like simulacra of discussion rather than actual discussion. Sometimes it's because there are, and maybe also it's a cultural thing, maybe not maybe, I think it's a cultural thing, setting too many rules to the extent for discussion, to the extent that it's clear what you're not allowed to say and what you're allowed to say. or I just found myself sometimes in the class subjects are so interesting, but I mean, probably, you know, there are a lot of, you know, reasons for that, and I don't put the blame, all the blame on the professors or the institution or the students. It's like a mix. But sometimes we like, there is a super interesting subject, But no one says anything, you know, substantial. And for me also, as an MCMP, and I know what kind of students I share the class with, with amazing experiences, I always found myself throughout this year having the most interesting discussions outside class, rather in class.","i i generally agree and and and share your perspective in that sense but i also feel that sometimes um i'm trying to to find like a more like that sometimes uh class discussions are like simulacra of discussion rather than actual discussion. Sometimes it's because there are, and maybe also it's a cultural thing, maybe not maybe, I think it's a cultural thing, setting too many rules to the extent for discussion, to the extent that it's clear what you're not allowed to say and what you're allowed to say. or I just found myself sometimes in the class subjects are so interesting, but I mean, probably, you know, there are a lot of, you know, reasons for that, and I don't put the blame, all the blame on the professors or the institution or the students. It's like a mix. But sometimes we like, there is a super interesting subject, But no one says anything, you know, substantial. And for me also, as an MCMP, and I know what kind of students I share the class with, with amazing experiences, I always found myself throughout this year having the most interesting discussions outside class, rather in class.",199
171,MCMPA,Speaker 8,False,26:50:00,96600,"And to that point, yeah. Or sorry, were you done?","And to that point, yeah. Or sorry, were you done?",10
172,MCMPA,Speaker 3,False,26:52:00,96720,"No, no.","No, no.",2
173,MCMPA,Speaker 8,False,26:54:00,96840,"Like tons of experience. And I don't know if nobody knows anybody's experience or like never, like certainly, I mean, I don't think I've, maybe I have one class where they asked everyone's background or something like that. But I mean, there's people in the room with 20, 30 years experience. I mean, of course, I appreciate the professors that worked with 11 different presidents and walking through their examples are awesome. That's amazing. But like, we're on a subject, somebody's raising their hand. Again, it's kind of like the same person who raises their hand every single class. And they're talking about their little specific niche. When we read 150 pages on this totally different topic, and we're not talking about that topic or engaging with people who actually have experience in that topic. It's just the same people over and over again regurgitating the same things.","Like tons of experience. And I don't know if nobody knows anybody's experience or like never, like certainly, I mean, I don't think I've, maybe I have one class where they asked everyone's background or something like that. But I mean, there's people in the room with 20, 30 years experience. I mean, of course, I appreciate the professors that worked with 11 different presidents and walking through their examples are awesome. That's amazing. But like, we're on a subject, somebody's raising their hand. Again, it's kind of like the same person who raises their hand every single class. And they're talking about their little specific niche. When we read 150 pages on this totally different topic, and we're not talking about that topic or engaging with people who actually have experience in that topic. It's just the same people over and over again regurgitating the same things.",148
174,MCMPA,Moderator,True,27:38:00,99480,"If you could compare it to other classroom experiences, does it feel like that's substantially different here? That, you know, like, is there a comparative to something that you have? Or it's sort of that you're speaking at the end moment, which is great.","If you could compare it to other classroom experiences, does it feel like that's substantially different here? That, you know, like, is there a comparative to something that you have? Or it's sort of that you're speaking at the end moment, which is great.",44
175,MCMPA,Speaker 3,False,27:55:00,100500,Yeah.,Yeah.,1
176,MCMPA,Moderator,True,27:56:00,100560,"Because these are comments that are really important. Have you seen, like elsewhere, where you're like, well, in my undergrad or in my other classes, people manage that discussion better?","Because these are comments that are really important. Have you seen, like elsewhere, where you're like, well, in my undergrad or in my other classes, people manage that discussion better?",30
177,MCMPA,Speaker 8,False,28:10:00,101400,"Well, yeah, I mean, yeah. But I don't think the professors are necessarily trying to shut down a student from speaking either. So allowing it to continue to go kind of takes away from it. I don't know. I guess the biggest thing is if we're reading 150 pages on a subject, I'd at least like to address the subject in that classroom. And there have been some professors I've taken that we don't even touch on the subject because we kind of go down these different pathways, I think, kind of to your point, [NAME].","Well, yeah, I mean, yeah. But I don't think the professors are necessarily trying to shut down a student from speaking either. So allowing it to continue to go kind of takes away from it. I don't know. I guess the biggest thing is if we're reading 150 pages on a subject, I'd at least like to address the subject in that classroom. And there have been some professors I've taken that we don't even touch on the subject because we kind of go down these different pathways, I think, kind of to your point, .",96
178,MCMPA,Moderator,True,28:38:00,103080,"And, [NAME], can I ask a follow-up question, which is that I think you hinted that there are sort of like, you know, there's a lot of discussions around the thing but not getting at the thing. There are a lot of, perhaps I think you used the word some rules. Do you use the word rules?","And, , can I ask a follow-up question, which is that I think you hinted that there are sort of like, you know, there's a lot of discussions around the thing but not getting at the thing. There are a lot of, perhaps I think you used the word some rules. Do you use the word rules?",57
179,MCMPA,Speaker 3,False,28:55:00,104100,"Yeah, yeah.","Yeah, yeah.",2
180,MCMPA,Moderator,True,28:56:00,104160,"Do you find that those rules are sort of active and explicit and visible somewhere, or are they more implicit and, you know, it's just the culture? Is it that these rules for discussion are set forth and everybody seems to need to follow them?","Do you find that those rules are sort of active and explicit and visible somewhere, or are they more implicit and, you know, it's just the culture? Is it that these rules for discussion are set forth and everybody seems to need to follow them?",45
181,MCMPA,Speaker 7,False,29:14:00,105240,"I think that the spoken rules always sound super reasonable and illegitimate. But behind those external rules, there are also, how can I say that, implied rules that everyone understands what they are, but no one mentions them.","I think that the spoken rules always sound super reasonable and illegitimate. But behind those external rules, there are also, how can I say that, implied rules that everyone understands what they are, but no one mentions them.",38
182,MCMPA,Speaker 6,False,29:32:00,106320,Okay.,Okay.,1
183,MCMPA,Speaker 7,False,29:34:00,106440,"And I do have to say that I think maybe when the class, that was my experience, when the class is smaller, so it becomes easier. Also, I can bring like another angle. I'm not, you know, [NAME] is not my first language. So for people like me, these kind of environments are more, I don't know if convenient is the right word, but we feel more safe in those kind of environments. Because there is sometimes, I think that there are many, many occasions where people that [NAME] is their first language, it's much more easier for them to control the situation than us. I also take this on me, but I truly, except from, you know, what I just said of, you know, like, that I think that in smaller groups it works better. I don't have a specific suggestion. I didn't ask for that, but, like, I will try to think or listen to others here. But yeah, it's something that bothers me because I know what kind of people we have here and how amazing they are. And like, sometimes I don't just, I don't feel it, you know, in class and for structural reasons.","And I do have to say that I think maybe when the class, that was my experience, when the class is smaller, so it becomes easier. Also, I can bring like another angle. I'm not, you know, is not my first language. So for people like me, these kind of environments are more, I don't know if convenient is the right word, but we feel more safe in those kind of environments. Because there is sometimes, I think that there are many, many occasions where people that is their first language, it's much more easier for them to control the situation than us. I also take this on me, but I truly, except from, you know, what I just said of, you know, like, that I think that in smaller groups it works better. I don't have a specific suggestion. I didn't ask for that, but, like, I will try to think or listen to others here. But yeah, it's something that bothers me because I know what kind of people we have here and how amazing they are. And like, sometimes I don't just, I don't feel it, you know, in class and for structural reasons.",197
184,MCMPA,Moderator,True,31:13:00,112380,Sometimes structural reasons prevent that from being tapped. It sounds like [NAME] is sort of saying something really along those lines as well.,Sometimes structural reasons prevent that from being tapped. It sounds like is sort of saying something really along those lines as well.,22
185,MCMPA,Speaker 5,False,31:20:00,112800,"I actually have a point, and I'd be curious to hear your thoughts, because, like, and this isn't in my personal experience, but based on some friends who I've talked to last semester, the concept of cold calling, it seems to be prevalent in"",""some classes, not as much in others. or the way that you mark participation is by the way that you cold call or respond to cold calls. And I think that's what leads to some people just sort of like, vomiting what it is that they want to say. I personally think cold calling is like an outdated and like a lazy pedagogical tool because I think it only tests the surface of the things that you've actually interacted with. It doesn't allow the full transformational learning to happen. But I am very curious and like your responses either to cold calling or like if there's other things structurally that are causing some of these things or tangents in class. It could be anyone.","I actually have a point, and I'd be curious to hear your thoughts, because, like, and this isn't in my personal experience, but based on some friends who I've talked to last semester, the concept of cold calling, it seems to be prevalent in"",""some classes, not as much in others. or the way that you mark participation is by the way that you cold call or respond to cold calls. And I think that's what leads to some people just sort of like, vomiting what it is that they want to say. I personally think cold calling is like an outdated and like a lazy pedagogical tool because I think it only tests the surface of the things that you've actually interacted with. It doesn't allow the full transformational learning to happen. But I am very curious and like your responses either to cold calling or like if there's other things structurally that are causing some of these things or tangents in class. It could be anyone.",167
186,MCMPA,Moderator,True,32:10:00,115800,"I want to put cold calling into a small parking lot because one of the scenarios we're going to tackle is the right off. I have a lot to say about this, but I already spoke too much. No, we want it. We're really, like, part of the purpose of this having a small group is, and again, no attributions, no quotes, nothing like that. But one of the scenarios we're going to talk about has to do with some cold calling. It's a cold calling scenario, so I think you will have a lot to say about that and discussion perhaps in the classroom. So let me, does anyone else want to share any, you know, comparison about instructional quality classroom practices to any prior experiences that you've had? And then if not, we can kind of go ahead. Okay. I didn't give the 10 second wait time. That was a failure. I talk too much. No, no, no, no, no. No, I don't want anyone to feel that they've talked too much. Because the much worse is no talking. Right? Much worse. And it's awesome that you're sharing these things. So I want to make sure we'll get to all the voices that we want to hear from in the room. All right. So I'm going to start, not cold calling scenario, but this is what I'm going to do. There's a scenario that we have. It's fictional, but it could be based strongly on some realistic kinds of things. We're going to dive a little bit deeper. And you'll read silently for a minute, and then I think we want to hear some comments from you, some of the reactions that you have to the scenario. So if you want to pass three down there, then I'll pass the rest over here. Thanks, please. Okay, great. So take a moment to read, and then we're going to have some table discussion about this. We're going to be guiding questions. Thank you. Okay, so in this scenario, what do you notice happening and who, if anyone, is responsible? Sort of the throwing out first foray here into the reactions to this. Is it familiar to anybody?","I want to put cold calling into a small parking lot because one of the scenarios we're going to tackle is the right off. I have a lot to say about this, but I already spoke too much. No, we want it. We're really, like, part of the purpose of this having a small group is, and again, no attributions, no quotes, nothing like that. But one of the scenarios we're going to talk about has to do with some cold calling. It's a cold calling scenario, so I think you will have a lot to say about that and discussion perhaps in the classroom. So let me, does anyone else want to share any, you know, comparison about instructional quality classroom practices to any prior experiences that you've had? And then if not, we can kind of go ahead. Okay. I didn't give the 10 second wait time. That was a failure. I talk too much. No, no, no, no, no. No, I don't want anyone to feel that they've talked too much. Because the much worse is no talking. Right? Much worse. And it's awesome that you're sharing these things. So I want to make sure we'll get to all the voices that we want to hear from in the room. All right. So I'm going to start, not cold calling scenario, but this is what I'm going to do. There's a scenario that we have. It's fictional, but it could be based strongly on some realistic kinds of things. We're going to dive a little bit deeper. And you'll read silently for a minute, and then I think we want to hear some comments from you, some of the reactions that you have to the scenario. So if you want to pass three down there, then I'll pass the rest over here. Thanks, please. Okay, great. So take a moment to read, and then we're going to have some table discussion about this. We're going to be guiding questions. Thank you. Okay, so in this scenario, what do you notice happening and who, if anyone, is responsible? Sort of the throwing out first foray here into the reactions to this. Is it familiar to anybody?",368
187,MCMPA,Speaker 8,False,35:09:00,126540,"Yeah, this is super typical based on, I mean, I'm surprised they got a response. Like if the assignment was on week two, the fact that they got a grade back by week five is surprising to me.","Yeah, this is super typical based on, I mean, I'm surprised they got a response. Like if the assignment was on week two, the fact that they got a grade back by week five is surprising to me.",38
188,MCMPA,Moderator,True,35:20:00,127200,Okay. And so has your experience been these?,Okay. And so has your experience been these?,8
189,MCMPA,Speaker 8,False,35:23:00,127380,"Yeah, and then we're expected to submit reviews of the professors before we even get our grades back at the end of the semester as well. I mean, again, this is just me, but I think that this is very typical. And I don't want to place the blame solely on students, but the fact is there's not 68 students that are emailing for detailed feedback. I never once emailed for detailed feedback, but I just never got my grades back. and then we're expected to submit these course critiques, and then if we don't submit them, we get punished by waiting an extra month to get our grades. I had two classes last semester that I didn't get a single grade back the entire semester. I got A's in both the classes, but how am I supposed to critique if I get no feedback? So I don't know. This just relates to kind of what I felt last semester.","Yeah, and then we're expected to submit reviews of the professors before we even get our grades back at the end of the semester as well. I mean, again, this is just me, but I think that this is very typical. And I don't want to place the blame solely on students, but the fact is there's not 68 students that are emailing for detailed feedback. I never once emailed for detailed feedback, but I just never got my grades back. and then we're expected to submit these course critiques, and then if we don't submit them, we get punished by waiting an extra month to get our grades. I had two classes last semester that I didn't get a single grade back the entire semester. I got A's in both the classes, but how am I supposed to critique if I get no feedback? So I don't know. This just relates to kind of what I felt last semester.",160
190,MCMPA,Speaker 4,False,36:18:00,130680,"All right. I haven't experienced this. I have experienced the first part of it, but not the latter. But I agree with him because there were many students who have complained about this, and it's typical of a few people, professors.","All right. I haven't experienced this. I have experienced the first part of it, but not the latter. But I agree with him because there were many students who have complained about this, and it's typical of a few people, professors.",41
191,MCMPA,Moderator,True,36:39:00,131940,"Does the term rigor, how does the term rigor fit into this scenario?","Does the term rigor, how does the term rigor fit into this scenario?",13
192,MCMPA,Speaker 6,False,36:43:00,132180,"I've had a very different experience as far as maybe not the timeline, but knowing that the instructor or professor will be reading every assignment and not a TA or somebody else, to me, I feel like I'm willing to wait that period so I get that full feedback. And I think thus far I've gotten very detailed feedback. I don't remember anything being vague. There was one final where I know the professor had a number of classes and so many students, but he wanted to read every one where he read the TA's feedback before his own, And then I think he was kind of, that was anchoring whatever it was that he was thinking, and that way it wasn't as much of a fan. And then when I know that instructors just read my paper or whatever it is that I write, and maybe it takes time. And then I don't look at how I do the feedback based on what it is as far as their feedback or my grade. So that hasn't been an issue for me as far as completing their assessments.","I've had a very different experience as far as maybe not the timeline, but knowing that the instructor or professor will be reading every assignment and not a TA or somebody else, to me, I feel like I'm willing to wait that period so I get that full feedback. And I think thus far I've gotten very detailed feedback. I don't remember anything being vague. There was one final where I know the professor had a number of classes and so many students, but he wanted to read every one where he read the TA's feedback before his own, And then I think he was kind of, that was anchoring whatever it was that he was thinking, and that way it wasn't as much of a fan. And then when I know that instructors just read my paper or whatever it is that I write, and maybe it takes time. And then I don't look at how I do the feedback based on what it is as far as their feedback or my grade. So that hasn't been an issue for me as far as completing their assessments.",188
193,MCMPA,Speaker 4,False,37:38:00,135480,"Sorry, I'm just watching in again. on the TA part, again, I'm sorry, I'm getting other voices from outside this cohort, but then yes, there have been, I mean, we've had discussions amongst ourselves wherein people have spoken about TA's kind of giving remarks which may not qualify, but a few of them are also very good but there's a hindsight to it as well and there the feedback would be more credible to a student if it is actually coming from the professor especially if it's negative feedback so I think that's the acceptability of that feedback coming from a TA becomes less and less important and less beneficial to a student if it's not coming from a professor.","Sorry, I'm just watching in again. on the TA part, again, I'm sorry, I'm getting other voices from outside this cohort, but then yes, there have been, I mean, we've had discussions amongst ourselves wherein people have spoken about TA's kind of giving remarks which may not qualify, but a few of them are also very good but there's a hindsight to it as well and there the feedback would be more credible to a student if it is actually coming from the professor especially if it's negative feedback so I think that's the acceptability of that feedback coming from a TA becomes less and less important and less beneficial to a student if it's not coming from a professor.",120
194,MCMPA,Speaker 6,False,38:34:00,138840,"And the vantage point is different, because the two times that's happened, it was actually something where it wasn't as helpful. It almost seemed like they were looking at it. I don't know. I'm not clear about why that is, but I felt like whatever the professor says, I'm willing to kind of, not that they're coming from on high, but more that they have an understanding of the class, the cohort, my dynamic, and it just felt different.","And the vantage point is different, because the two times that's happened, it was actually something where it wasn't as helpful. It almost seemed like they were looking at it. I don't know. I'm not clear about why that is, but I felt like whatever the professor says, I'm willing to kind of, not that they're coming from on high, but more that they have an understanding of the class, the cohort, my dynamic, and it just felt different.",79
195,MCMPA,Moderator,True,38:55:00,140100,So let me get sort of a read from the table about is this a problem on a professor by professor basis or a problem with how HKS works? That's a good question.,So let me get sort of a read from the table about is this a problem on a professor by professor basis or a problem with how HKS works? That's a good question.,33
196,MCMPA,Speaker 5,False,39:09:00,140940,"How does HKS assess professors? Like, what are the incentives, I think, and what are the performance mechanisms? Because I can see instances where there are amazing professors, but probably there's competing priorities if I want to give, like, a benefit of the doubt. And there are sometimes probably professors who don't give feedback at all. And I don't know what classes you've had, but I've had friends who would tell me similar things. And so I don't know if it's either or, or if they're somehow tied together, you know, in terms of what's actually valued when you are a professor.","How does HKS assess professors? Like, what are the incentives, I think, and what are the performance mechanisms? Because I can see instances where there are amazing professors, but probably there's competing priorities if I want to give, like, a benefit of the doubt. And there are sometimes probably professors who don't give feedback at all. And I don't know what classes you've had, but I've had friends who would tell me similar things. And so I don't know if it's either or, or if they're somehow tied together, you know, in terms of what's actually valued when you are a professor.",102
197,MCMPA,Moderator,True,39:41:00,142860,Anyone else? Give a response to that question that [NAME] was just addressing. But is it a problem with this professor or how HKS works? from your perch where you sit?,Anyone else? Give a response to that question that was just addressing. But is it a problem with this professor or how HKS works? from your perch where you sit?,30
198,MCMPA,Speaker 4,False,39:57:00,143820,"I think just specific. In my case, it's been very specific to a few, not to everyone.","I think just specific. In my case, it's been very specific to a few, not to everyone.",17
199,MCMPA,Speaker 6,False,40:05:00,144300,I've never had anything where a professor responds that they can't offer something I'm asking for thus far.,I've never had anything where a professor responds that they can't offer something I'm asking for thus far.,18
200,MCMPA,Speaker 8,False,40:11:00,144660,"Yeah, my personal experience is that I always get great feedback when I get the feedback. It's just when I don't get the feedback, it's impossible for me to say, like, this is how I feel about the professor's course if I'm not getting feedback at all during the semester. So I think it's probably a mix of the two. It's probably certain professors that aren't, you know, not this exact scenario. And then maybe there's some sort of cultural thing. I'm not sure.","Yeah, my personal experience is that I always get great feedback when I get the feedback. It's just when I don't get the feedback, it's impossible for me to say, like, this is how I feel about the professor's course if I'm not getting feedback at all during the semester. So I think it's probably a mix of the two. It's probably certain professors that aren't, you know, not this exact scenario. And then maybe there's some sort of cultural thing. I'm not sure.",84
201,MCMPA,Moderator,True,40:40:00,146400,"Emma, do you have a contribution?","Emma, do you have a contribution?",6
202,MCMPA,Speaker 9,False,40:42:00,146520,"I would differ from this because last semester we had a class with a very busy professor. Both [NAME] and I, we attended, but they were very considerate and kind. And if we had a point to ask, we could always ask them before the class or after the class. And they always made sure that they stayed back for even 10 minutes after class. So my experience with my professors here has been deeply inspiring. And I believe that when they were in class, no matter whatever priorities they had, they treated me, their students, as their top priority. And this is exceptional in the sense that in my previous college where I studied, although there were only two students in the class, tutorial, I was at [NAME], [NAME]. But the challenge in the tutorial system is when you engage with the students from other cultures and other ideas and schools of thoughts, you tend to learn more from them. And I totally agree with [NAME]'s point that you learn more outside the classroom than inside the classroom. So here, because we have big cohort, the experiences are so diverse and so rich. We always learn from each other. So to me, I would rate HKS as the best college I've ever attended. Much better than [NAME]. Of course, like I love [NAME] deeply. Yeah, but to rate it like I would rate HHS above and that is solely because of two reasons, my peers. No matter how busy they are, anyone, even if they have a job and TA ship, something else, I haven't seen a single peer, if I would pull them just listen to me for two minutes, they'd be like, yeah. Or like if I'm hurrying up like it happened with me and [NAME] that we never got an opportunity for a coffee chat, But if we are walking in the corridor, it's always a hug. With her, yeah.","I would differ from this because last semester we had a class with a very busy professor. Both and I, we attended, but they were very considerate and kind. And if we had a point to ask, we could always ask them before the class or after the class. And they always made sure that they stayed back for even 10 minutes after class. So my experience with my professors here has been deeply inspiring. And I believe that when they were in class, no matter whatever priorities they had, they treated me, their students, as their top priority. And this is exceptional in the sense that in my previous college where I studied, although there were only two students in the class, tutorial, I was at , . But the challenge in the tutorial system is when you engage with the students from other cultures and other ideas and schools of thoughts, you tend to learn more from them. And I totally agree with 's point that you learn more outside the classroom than inside the classroom. So here, because we have big cohort, the experiences are so diverse and so rich. We always learn from each other. So to me, I would rate HKS as the best college I've ever attended. Much better than . Of course, like I love deeply. Yeah, but to rate it like I would rate HHS above and that is solely because of two reasons, my peers. No matter how busy they are, anyone, even if they have a job and TA ship, something else, I haven't seen a single peer, if I would pull them just listen to me for two minutes, they'd be like, yeah. Or like if I'm hurrying up like it happened with me and that we never got an opportunity for a coffee chat, But if we are walking in the corridor, it's always a hug. With her, yeah.",321
203,MCMPA,Speaker 6,False,42:47:00,154020,"It's deeply enriching. And there's not this competitive thing going on. I don't know how that's made here. I don't know what's that. I'm still trying to figure it out. But any other place I've been, even if it's not designed to be competitive, it comes in in different places. And I find this to be extremely collaborative.","It's deeply enriching. And there's not this competitive thing going on. I don't know how that's made here. I don't know what's that. I'm still trying to figure it out. But any other place I've been, even if it's not designed to be competitive, it comes in in different places. And I find this to be extremely collaborative.",58
204,MCMPA,Speaker 9,False,43:04:00,155040,"And one more thing, which I find very refreshing. We are very encouraging of women, of diversity. So like [NAME] also knows that if women are running here for any representative, we are extremely happy in encouraging each other. So she won the election.","And one more thing, which I find very refreshing. We are very encouraging of women, of diversity. So like also knows that if women are running here for any representative, we are extremely happy in encouraging each other. So she won the election.",43
205,MCMPA,Moderator,True,43:25:00,156300,"All right, should we move to a tougher scenario a little bit? This has some toughness to it. We'll move to a tougher scenario. Fondly known as my blue sheet here. So you can just pass these down either to [NAME] or just push them to the X. Okay. Alright, so take a moment on this one. We're going to take a moment to read this one and then we'll have some tables to cook about it.","All right, should we move to a tougher scenario a little bit? This has some toughness to it. We'll move to a tougher scenario. Fondly known as my blue sheet here. So you can just pass these down either to or just push them to the X. Okay. Alright, so take a moment on this one. We're going to take a moment to read this one and then we'll have some tables to cook about it.",76
206,MCMPA,Speaker 6,False,44:30:00,160200,Isn't that legally blonde?,Isn't that legally blonde?,4
207,MCMPA,Moderator,True,44:40:00,160800,"All right, so I'm going to have an opening question here for this, which is, does the instructor's approach help or hinder learning in your view? And then I expect that there may be differences of opinion about this. So.","All right, so I'm going to have an opening question here for this, which is, does the instructor's approach help or hinder learning in your view? And then I expect that there may be differences of opinion about this. So.",40
208,MCMPA,Speaker 4,False,45:05:00,162300,"I mean, I would go for the first. Because when we're talking about understanding the other person's interest and not the position, the situations and what really happened. And if there is, I mean, it's been clearly stated that they had like three deadlines. So I think there is an event to excuse. So a cold call or there should be a negative on that. Or this kind of comment should not be there. It could have been a genuine case. And especially if it's towards the end of the term or the midterm or stuff like that.","I mean, I would go for the first. Because when we're talking about understanding the other person's interest and not the position, the situations and what really happened. And if there is, I mean, it's been clearly stated that they had like three deadlines. So I think there is an event to excuse. So a cold call or there should be a negative on that. Or this kind of comment should not be there. It could have been a genuine case. And especially if it's towards the end of the term or the midterm or stuff like that.",98
209,MCMPA,Moderator,True,45:53:00,165180,"So to boil it down to a very overly simplified analysis, this could potentially hinder learning.","So to boil it down to a very overly simplified analysis, this could potentially hinder learning.",16
210,MCMPA,Speaker 4,False,46:05:00,165900,Very much yes.,Very much yes.,3
211,MCMPA,Moderator,True,46:06:00,165960,"Very much, yeah. Okay. What other reactions do people have about this and the sort of scenarios impact on learning or impact in any way?","Very much, yeah. Okay. What other reactions do people have about this and the sort of scenarios impact on learning or impact in any way?",25
212,MCMPA,Speaker 7,False,46:23:00,166980,"Okay, for discussing cold calls, so my take on this is a week ago, I dropped a class because of cold calling, The class that I was really, I was, I really waited for this class because, you know, the, the, both like the, the subject and the professor, like, both are like super interesting and, and compliment my experience. And, and I also want to hear, I wanted to hear from, from the professor and his experience and, and his views. And the concept, what I found out is that the concept of the class is only cold calling. the professor barely says anything, just cold calls. And basically, like, for the whole, you know, session, I only hear, like, students, part of them are either, like, super ready and talk about their, you know, experience, which is, as I said, it's amazing, but when it's, like, the whole class, it's, like, also, I think, like, a bit, you know, like, I don't know, it's not what I came for. And the other half is like people that are just, you know, mumbling or like feel like that they are like, you know, it's like an exam without, you know, us being told that it's an exam. And I don't hear anything from the professor itself. I just hear like, you know, like people, you know, targeted or like, you know, having to, you know, come to the, like, and stand in front of the class and do this. And I'll also connect this to what I said earlier. I understood that in this kind of setting, me, as someone whose [NAME] is not his first language, I just, I have no way to actually excel. Because maybe if it was in [NAME], so I could, you know, improvise or do something, you know, that will make me, you know, come out better. But I cannot do this, you know, this kind of, you know, environment. And it's also like tech-oriented class and I'm not a tech guy. So it's like, it's too much. So I think that cold calls are effective in the right context. If it's like part of a discussion and you want to add someone, you know, to the discussion based on a paper that he or she wrote. So, yeah, that's like essential. But if it's just for, you know, targeting someone, like, I don't know, like we're in like primary school and did you do your homework? I mean, I don't see the added value in that.","Okay, for discussing cold calls, so my take on this is a week ago, I dropped a class because of cold calling, The class that I was really, I was, I really waited for this class because, you know, the, the, both like the, the subject and the professor, like, both are like super interesting and, and compliment my experience. And, and I also want to hear, I wanted to hear from, from the professor and his experience and, and his views. And the concept, what I found out is that the concept of the class is only cold calling. the professor barely says anything, just cold calls. And basically, like, for the whole, you know, session, I only hear, like, students, part of them are either, like, super ready and talk about their, you know, experience, which is, as I said, it's amazing, but when it's, like, the whole class, it's, like, also, I think, like, a bit, you know, like, I don't know, it's not what I came for. And the other half is like people that are just, you know, mumbling or like feel like that they are like, you know, it's like an exam without, you know, us being told that it's an exam. And I don't hear anything from the professor itself. I just hear like, you know, like people, you know, targeted or like, you know, having to, you know, come to the, like, and stand in front of the class and do this. And I'll also connect this to what I said earlier. I understood that in this kind of setting, me, as someone whose is not his first language, I just, I have no way to actually excel. Because maybe if it was in , so I could, you know, improvise or do something, you know, that will make me, you know, come out better. But I cannot do this, you know, this kind of, you know, environment. And it's also like tech-oriented class and I'm not a tech guy. So it's like, it's too much. So I think that cold calls are effective in the right context. If it's like part of a discussion and you want to add someone, you know, to the discussion based on a paper that he or she wrote. So, yeah, that's like essential. But if it's just for, you know, targeting someone, like, I don't know, like we're in like primary school and did you do your homework? I mean, I don't see the added value in that.",423
213,MCMPA,Moderator,True,48:55:00,176100,Did you have any cold calls before in classes before this one course was very like that was the pedagogy like last semester?,Did you have any cold calls before in classes before this one course was very like that was the pedagogy like last semester?,23
214,MCMPA,Speaker 7,False,49:05:00,176700,"Other classes here? Yeah, there were cold calls but they were less they were like as a part of like I don't know as I said part of like it wasn't like you know like I don't know how to say","Other classes here? Yeah, there were cold calls but they were less they were like as a part of like I don't know as I said part of like it wasn't like you know like I don't know how to say",41
215,MCMPA,Moderator,True,49:18:00,177480,they had like a relevance,they had like a relevance,5
216,MCMPA,Speaker 7,False,49:19:00,177540,"Yeah, it wasn't like just you know cold calling for the sake of cold calling I mean, like, as I said, I didn't come to the class, you know, to see people, you know, moving, you know, like that for this whole, it's a lot of tension. And I don't know, eventually we came here, you know, to, to, to learn, to be in a, like, this is not the kind of like, I don't know, the environment I want to be part of in this stage of my life, you know, so.","Yeah, it wasn't like just you know cold calling for the sake of cold calling I mean, like, as I said, I didn't come to the class, you know, to see people, you know, moving, you know, like that for this whole, it's a lot of tension. And I don't know, eventually we came here, you know, to, to, to learn, to be in a, like, this is not the kind of like, I don't know, the environment I want to be part of in this stage of my life, you know, so.",93
217,MCMPA,Moderator,True,49:48:00,179280,"What other reactions do people have to this scenario, positive or negative, or just observation traditional I tend to be quiet in classes um but I'll speak when I'm ready to there was a course","What other reactions do people have to this scenario, positive or negative, or just observation traditional I tend to be quiet in classes um but I'll speak when I'm ready to there was a course",35
218,MCMPA,Speaker 6,False,50:01:00,180060,"where uh last semester where the professor was warm culling excuse me I'm even thinking about no she was warm culling and uh you know there were and it was on reading and it'd be in the beginning of the class and it seemed to have like it created a little bit of tension I think at the outset and I kind of became playful with it like oh I wonder you know um but I think to shame I don't think this was her intention but I think what you're describing sounds like it's for shaming and trying to get other people to not want to be in that position so they'll be motivated to do the reading I don't think that's a necessarily productive way of doing things um but uh yeah as far as my own this idea of warm calling I could sit with and I think in the end when I was cold called it was based on my experience or something that I think in this case that she thought I could offer not where it was like oh did you do the reading and trying to embarrass somebody or me whether or not I did or whatever, that wasn't the intention.","where uh last semester where the professor was warm culling excuse me I'm even thinking about no she was warm culling and uh you know there were and it was on reading and it'd be in the beginning of the class and it seemed to have like it created a little bit of tension I think at the outset and I kind of became playful with it like oh I wonder you know um but I think to shame I don't think this was her intention but I think what you're describing sounds like it's for shaming and trying to get other people to not want to be in that position so they'll be motivated to do the reading I don't think that's a necessarily productive way of doing things um but uh yeah as far as my own this idea of warm calling I could sit with and I think in the end when I was cold called it was based on my experience or something that I think in this case that she thought I could offer not where it was like oh did you do the reading and trying to embarrass somebody or me whether or not I did or whatever, that wasn't the intention.",208
219,MCMPA,Speaker 9,False,50:58:00,183480,"I have a very different view of this. I feel that when professors ask questions, that in a way may be helpful in preparing for a normal work life. For example, if this is a workday scenario and a top official is questioning me, junior official, so the way they work is they have reports which we are supposed to consume before coming to the meeting. For example, say if it's a meeting with the governor's office, all of us are supposed to have consumed this much of literature with data. So they walk in and they quickly question, yes, okay, this person, what do you think? then what do you think okay what is your opinion how should we proceed for example if you are saying a disaster response force and you are heading it they come they question to prepare for that scenario before coming to the meeting some summary some form which would sound coherent and related to the principle this gets ingrained so the way I look at cold calls is the same that whether or not I have consumed the entire reports that I was supposed to consume in my authority. I should know something. And cold calling happened with me in a court of law. When I was not supposed to speak, my lawyer was supposed to speak, I represented the district. And then the [NAME] said,","I have a very different view of this. I feel that when professors ask questions, that in a way may be helpful in preparing for a normal work life. For example, if this is a workday scenario and a top official is questioning me, junior official, so the way they work is they have reports which we are supposed to consume before coming to the meeting. For example, say if it's a meeting with the governor's office, all of us are supposed to have consumed this much of literature with data. So they walk in and they quickly question, yes, okay, this person, what do you think? then what do you think okay what is your opinion how should we proceed for example if you are saying a disaster response force and you are heading it they come they question to prepare for that scenario before coming to the meeting some summary some form which would sound coherent and related to the principle this gets ingrained so the way I look at cold calls is the same that whether or not I have consumed the entire reports that I was supposed to consume in my authority. I should know something. And cold calling happened with me in a court of law. When I was not supposed to speak, my lawyer was supposed to speak, I represented the district. And then the said,",232
220,MCMPA,Moderator,True,52:31:00,189060,"yes, what do you say? So your pedagogy connects to your professional experiences in a strong way.","yes, what do you say? So your pedagogy connects to your professional experiences in a strong way.",17
221,MCMPA,Speaker 7,False,52:42:00,189720,"By the way, I'm not against cold calling. I just think that, you know, sometimes if it's like the whole essence of the classes. So, like, I don't know, maybe, you know, the syllabus should mention that, you know, every class is a simulation. And I like simulations. Like, I had the whole J-term doing [NAME]'s course. And it's like every day is a whole simulation. But I came prepared for this. I mean, I know that this is, you know, this is part of it. I mean, so if the whole class is cold calling, basically it's a simulation. And then it requires different kind of preparation. And also in real life, you know what you're like, if you're like working somewhere, like I also had, you know, I have this experience. Like I was prepared for, you know, I know what, you know, what is the context, as I said. So, anyway.","By the way, I'm not against cold calling. I just think that, you know, sometimes if it's like the whole essence of the classes. So, like, I don't know, maybe, you know, the syllabus should mention that, you know, every class is a simulation. And I like simulations. Like, I had the whole J-term doing 's course. And it's like every day is a whole simulation. But I came prepared for this. I mean, I know that this is, you know, this is part of it. I mean, so if the whole class is cold calling, basically it's a simulation. And then it requires different kind of preparation. And also in real life, you know what you're like, if you're like working somewhere, like I also had, you know, I have this experience. Like I was prepared for, you know, I know what, you know, what is the context, as I said. So, anyway.",154
222,MCMPA,Moderator,True,53:37:00,193020,"What would need to change for this situation not to happen? Like, what would you want to see that ought to happen?","What would need to change for this situation not to happen? Like, what would you want to see that ought to happen?",22
223,MCMPA,Speaker 8,False,53:48:00,193680,"Putting the syllabus that they're using the [NAME] method, I think, would be helpful on the front end, because then that also impacts the bidding that we do. If folks don't want to be in a class like that, I mean, unless you want to expose them to that component, And then let's have a course that is literally you have to take a [NAME] method course. And that's fine. Then it's part of our curriculum and we'll do it and we'll be uncomfortable. I think it goes without saying, but the comment definitely hinders. It's just useless comment. And kind of by the student as well. I mean, I don't know what would have been sufficed by the student. And the professor's response obviously isn't helpful. But my expectation is, me personally, if we're at [NAME], I hope everyone did their reading and knows what's going on in class and can add to the class as well. But also agree with [NAME]'s point that the professor shouldn't be pushing that onto the student to teach the class in little baby segments. It should be the professor teaching and then asking for some feedback on the scenario. Hopefully based on somebody's experience.","Putting the syllabus that they're using the method, I think, would be helpful on the front end, because then that also impacts the bidding that we do. If folks don't want to be in a class like that, I mean, unless you want to expose them to that component, And then let's have a course that is literally you have to take a method course. And that's fine. Then it's part of our curriculum and we'll do it and we'll be uncomfortable. I think it goes without saying, but the comment definitely hinders. It's just useless comment. And kind of by the student as well. I mean, I don't know what would have been sufficed by the student. And the professor's response obviously isn't helpful. But my expectation is, me personally, if we're at , I hope everyone did their reading and knows what's going on in class and can add to the class as well. But also agree with 's point that the professor shouldn't be pushing that onto the student to teach the class in little baby segments. It should be the professor teaching and then asking for some feedback on the scenario. Hopefully based on somebody's experience.",200
224,MCMPA,Moderator,True,54:58:00,197880,"Okay. A lot of nodding around the table. I got a time check signal from [NAME], who's trying to help keep me on track for this. And now we're going to go beyond scenarios, and what we're going to do is open the floor to your ideas. And so this will be a bit hard because we're going to get budgeted to an idea of one. But with the idea of one, we're going to collect our ideas of one from each of you and then be able to sort of indicate some intensity, how strongly you feel about the different ideas that come out. So we're going to open the floor to your ideas, and [NAME]'s going to scribe them down, which is that if the school leaders could change one thing about HKS classroom course experiences, what would it be? And it's very hard to pick just one, but maybe there's something that you feel the most passionate about. But we want to hear one thing from each person, and [NAME] will put your ideas in the whiteboard, and then we'll kind of gauge our collective intensity about it. So give a moment to think, and then I'm not going to call a call. And maybe we'll just start with... Start here. Am I right?","Okay. A lot of nodding around the table. I got a time check signal from , who's trying to help keep me on track for this. And now we're going to go beyond scenarios, and what we're going to do is open the floor to your ideas. And so this will be a bit hard because we're going to get budgeted to an idea of one. But with the idea of one, we're going to collect our ideas of one from each of you and then be able to sort of indicate some intensity, how strongly you feel about the different ideas that come out. So we're going to open the floor to your ideas, and 's going to scribe them down, which is that if the school leaders could change one thing about HKS classroom course experiences, what would it be? And it's very hard to pick just one, but maybe there's something that you feel the most passionate about. But we want to hear one thing from each person, and will put your ideas in the whiteboard, and then we'll kind of gauge our collective intensity about it. So give a moment to think, and then I'm not going to call a call. And maybe we'll just start with... Start here. Am I right?",216
225,MCMPA,Speaker 6,False,56:18:00,202680,"If you're ready. What first comes to mind is the idea, And I don't think this is something that's an easy thing to change whatsoever, but the idea of having more block learning versus two hour and whatever, what is it, hour and a half? Houses a week. That would be really, and I base that off of my J-term experience.","If you're ready. What first comes to mind is the idea, And I don't think this is something that's an easy thing to change whatsoever, but the idea of having more block learning versus two hour and whatever, what is it, hour and a half? Houses a week. That would be really, and I base that off of my J-term experience.",61
226,MCMPA,Moderator,True,56:41:00,204060,So sort of that's a positive reflection onto what the J-term had offered you. And I love the J-term.,So sort of that's a positive reflection onto what the J-term had offered you. And I love the J-term.,19
227,MCMPA,Speaker 3,False,56:46:00,204360,I think it was a brilliant idea.,I think it was a brilliant idea.,7
228,MCMPA,Moderator,True,56:49:00,204540,"And I'm saying, okay, good. we're going to get some good intensity voting maybe here. So more block learning. And then you can maybe put, Laurie, just sort of annotate that maybe a little bit with like J-term, you know, sort of.","And I'm saying, okay, good. we're going to get some good intensity voting maybe here. So more block learning. And then you can maybe put, Laurie, just sort of annotate that maybe a little bit with like J-term, you know, sort of.",42
229,MCMPA,Speaker 7,False,57:04:00,205440,"But maybe it can also be in the form of like spring one, spring two. It also allows us to experience more. Yeah.","But maybe it can also be in the form of like spring one, spring two. It also allows us to experience more. Yeah.",23
230,MCMPA,Moderator,True,57:14:00,206040,"So even the module length. Yeah, yeah. Our opportunities. We're in three-day weekends, so we're just... Yeah. Yeah. Okay. Who would like to go next? I could go around the table, but I don't want to, you know... Are you ready, [NAME], to say an idea that you would want to see the school?","So even the module length. Yeah, yeah. Our opportunities. We're in three-day weekends, so we're just... Yeah. Yeah. Okay. Who would like to go next? I could go around the table, but I don't want to, you know... Are you ready, , to say an idea that you would want to see the school?",54
231,MCMPA,Speaker 8,False,57:32:00,207120,"Yeah. For me, it's refining the subjects. I'm guessing we keep a lot of the subjects the same semester by semester. Maybe I'm wrong on that. But refining the semester or the coursework and also the three buckets that we have to complete. items in, I think two things, this is like long-winded, but two things that I think are totally missing from the program. We should be forced to do something policy-related and we should be forced, or maybe this one's optional, but about running for public office, I just, I think we have these three buckets we have to complete courses in and there's probably some other ones that could fit in there and also some courses that, you know, there's like nine people registered for.","Yeah. For me, it's refining the subjects. I'm guessing we keep a lot of the subjects the same semester by semester. Maybe I'm wrong on that. But refining the semester or the coursework and also the three buckets that we have to complete. items in, I think two things, this is like long-winded, but two things that I think are totally missing from the program. We should be forced to do something policy-related and we should be forced, or maybe this one's optional, but about running for public office, I just, I think we have these three buckets we have to complete courses in and there's probably some other ones that could fit in there and also some courses that, you know, there's like nine people registered for.",128
232,MCMPA,Moderator,True,58:21:00,210060,So it's like changing the distribution requirements in a few different ways.,So it's like changing the distribution requirements in a few different ways.,12
233,MCMPA,Speaker 8,False,58:26:00,210360,Yeah.,Yeah.,1
234,MCMPA,Moderator,True,58:27:00,210420,You know.,You know.,2
235,MCMPA,Speaker 8,False,58:27:00,210420,"And even like it could be tightening up the course, like the course offerings even. There's just, there's a lot of course offerings and some of them I'm, I don't know, maybe they're just there every semester. I don't know.","And even like it could be tightening up the course, like the course offerings even. There's just, there's a lot of course offerings and some of them I'm, I don't know, maybe they're just there every semester. I don't know.",40
236,MCMPA,Moderator,True,58:38:00,211080,"Uh-huh. Uh-huh. So refining, when you were saying refining it, you were saying widen the distribution required, change and widen maybe, but refine the course. Say more about the refining one, okay, just a little bit more. So we get the idea, we get the gist of it.","Uh-huh. Uh-huh. So refining, when you were saying refining it, you were saying widen the distribution required, change and widen maybe, but refine the course. Say more about the refining one, okay, just a little bit more. So we get the idea, we get the gist of it.",48
237,MCMPA,Speaker 8,False,59:02:00,212520,"I just, I don't know that there's enough that, there's almost too much optionality, I think.","I just, I don't know that there's enough that, there's almost too much optionality, I think.",16
238,MCMPA,Moderator,True,59:09:00,212940,"Okay, all right. Yeah, okay. Got it. Yeah. Okay. So who's ready to go next? Ron.","Okay, all right. Yeah, okay. Got it. Yeah. Okay. So who's ready to go next? Ron.",16
239,MCMPA,Speaker 7,False,59:20:00,213600,"I found the skill-based courses very effective, and I find it a bit problematic when I have to bid, like, all my points for, like, a writing class. I didn't take any writing class because I just cannot, you know, bid, you know, 900, you know, sorry, like, yeah, 900 points for this thing that I don't think that it should go for bidding at all. So every, like, skills-based, you know, class, I think, you know, should be, as [NAME] suggested, yeah, more, like, mandatory and, like, also more options. I feel like that, yeah, I think for structural reasons, I am not, you know, leaving this school with the, like, the complete toolkit in terms of policy that I was hoping to have here. and I think it's only for structural reasons. Also for me, part of that was because, and I don't know if it's relevant for you, I mean the DRM track, and so it basically means that half of the credits that I have, half of the program credits, I have to take DRM designated courses, but the courses that are offered as part of the DRM track, they're supposed to be STEM-oriented. I think 80% of them, none of us understands what is their connection to DRM or STEM and it's like something, it became like I don't know who's in charge of that but it became like something like in a opinion we all share, we don't understand what is the logic behind this and why there are certain courses that are there and certain courses that are not there so I think there should be, as you said, maybe less freedom and more buckets that are skill-based and have the option of attend those classes without beating on you, if it's a skill-based class. I know it came out a bit messy.","I found the skill-based courses very effective, and I find it a bit problematic when I have to bid, like, all my points for, like, a writing class. I didn't take any writing class because I just cannot, you know, bid, you know, 900, you know, sorry, like, yeah, 900 points for this thing that I don't think that it should go for bidding at all. So every, like, skills-based, you know, class, I think, you know, should be, as suggested, yeah, more, like, mandatory and, like, also more options. I feel like that, yeah, I think for structural reasons, I am not, you know, leaving this school with the, like, the complete toolkit in terms of policy that I was hoping to have here. and I think it's only for structural reasons. Also for me, part of that was because, and I don't know if it's relevant for you, I mean the DRM track, and so it basically means that half of the credits that I have, half of the program credits, I have to take DRM designated courses, but the courses that are offered as part of the DRM track, they're supposed to be STEM-oriented. I think 80% of them, none of us understands what is their connection to DRM or STEM and it's like something, it became like I don't know who's in charge of that but it became like something like in a opinion we all share, we don't understand what is the logic behind this and why there are certain courses that are there and certain courses that are not there so I think there should be, as you said, maybe less freedom and more buckets that are skill-based and have the option of attend those classes without beating on you, if it's a skill-based class. I know it came out a bit messy.",309
240,MCMPA,Moderator,True,1:01:31,3691,"That's good. We're going to have to... That is a lot of very... There are a lot of important ideas in there. Everyone, when we come to the voting, keep that in your brains and your cognitive working memory because I think there were a lot of great ideas in there. I think those are very specific also importantly to the MCMPA program so I think probably you have some deep understanding of what exactly I was saying. Which I understood it as well but I think it's super important. Okay. Three more ideas need to come out from our individuals today. Ideas for change. The school leadership should know. I have another idea but I want to go after everyone gets a chance to speak. Yeah, you just get one because we're going to run out of time for voting. But you can replace yours. I'll give you that at the end. Okay. How's that? That's good. That's a good negotiation. That's a good negotiation. Okay. [NAME] and [NAME] and [NAME].","That's good. We're going to have to... That is a lot of very... There are a lot of important ideas in there. Everyone, when we come to the voting, keep that in your brains and your cognitive working memory because I think there were a lot of great ideas in there. I think those are very specific also importantly to the MCMPA program so I think probably you have some deep understanding of what exactly I was saying. Which I understood it as well but I think it's super important. Okay. Three more ideas need to come out from our individuals today. Ideas for change. The school leadership should know. I have another idea but I want to go after everyone gets a chance to speak. Yeah, you just get one because we're going to run out of time for voting. But you can replace yours. I'll give you that at the end. Okay. How's that? That's good. That's a good negotiation. That's a good negotiation. Okay. and and .",170
241,MCMPA,Speaker 9,False,1:02:26,3746,"Go ahead. Because there are a lot of readings, it would be very helpful if before we are starting a course, we can get our course packets. That happens in HLS. That happens in HBS. ATS should do it. A lot of reading on the computer screen is, I mean, it's okay, we have to adapt, but having a bundle beforehand, even before the semester starts, they should be ready in a store. So students can look at the readings physically, understand that, okay, this is what I'm supposed to do. And when you have a physical copy sitting on your table, chances are you'll read it.","Go ahead. Because there are a lot of readings, it would be very helpful if before we are starting a course, we can get our course packets. That happens in HLS. That happens in HBS. ATS should do it. A lot of reading on the computer screen is, I mean, it's okay, we have to adapt, but having a bundle beforehand, even before the semester starts, they should be ready in a store. So students can look at the readings physically, understand that, okay, this is what I'm supposed to do. And when you have a physical copy sitting on your table, chances are you'll read it.",107
242,MCMPA,Moderator,True,1:03:07,3787,The digital world has been a burden on reading.,The digital world has been a burden on reading.,9
243,MCMPA,Speaker 9,False,1:03:10,3790,"No, I mean, it's a one that we have adapted, but last semester I had a course in HLS with a proper packet. It helped me. Physical.","No, I mean, it's a one that we have adapted, but last semester I had a course in HLS with a proper packet. It helped me. Physical.",27
244,MCMPA,Speaker 7,False,1:03:20,3800,It's also in HBS.,It's also in HBS.,4
245,MCMPA,Speaker 9,False,1:03:21,3801,"So you have it as optional. What would help more is to have all the readings beforehand. Like the entire semester course, entire packet ready. I look at the reading, I decide if I want this course.","So you have it as optional. What would help more is to have all the readings beforehand. Like the entire semester course, entire packet ready. I look at the reading, I decide if I want this course.",37
246,MCMPA,Speaker 5,False,1:03:36,3816,"I think that would also help professors put a limit on some of their readings. Because there are some professors where it's like 400 pages of readings for one class, and you're like, okay, well, what actually am I extracting from this, right? Like, it's the, yeah.","I think that would also help professors put a limit on some of their readings. Because there are some professors where it's like 400 pages of readings for one class, and you're like, okay, well, what actually am I extracting from this, right? Like, it's the, yeah.",47
247,MCMPA,Moderator,True,1:03:50,3830,Kind of goes also to [NAME]'s earlier point about having 150 pages to read.,Kind of goes also to 's earlier point about having 150 pages to read.,14
248,MCMPA,Speaker 8,False,1:03:53,3833,I'm down to read it. I just want to talk about it in the class. Yeah.,I'm down to read it. I just want to talk about it in the class. Yeah.,16
249,MCMPA,Speaker 9,False,1:03:58,3838,"Okay, so I'm saying that the entire reading, whatever you expect. The whole module, of course, like. Yes, even if it's divided into small chunks, but you keep it ready in the photocopy store. So we go there, we just check out, okay, this is my reading, okay.","Okay, so I'm saying that the entire reading, whatever you expect. The whole module, of course, like. Yes, even if it's divided into small chunks, but you keep it ready in the photocopy store. So we go there, we just check out, okay, this is my reading, okay.",48
250,MCMPA,Speaker 1,False,1:04:13,3853,Yeah.,Yeah.,1
251,MCMPA,Speaker 9,False,1:04:13,3853,"I want this course, I don't want this course. Okay. You want to keep 1,000 pages per week, keep it. But let me take a look at it.","I want this course, I don't want this course. Okay. You want to keep 1,000 pages per week, keep it. But let me take a look at it.",28
252,MCMPA,Moderator,True,1:04:21,3861,"Okay, all right. Yes. Great. Two more ideas, and then you can swap yours.","Okay, all right. Yes. Great. Two more ideas, and then you can swap yours.",14
253,MCMPA,Speaker 9,False,1:04:28,3868,"And less junk, please. Sorry.","And less junk, please. Sorry.",5
254,MCMPA,Moderator,True,1:04:30,3870,"Less junk, re-junk.","Less junk, re-junk.",3
255,MCMPA,Speaker 9,False,1:04:32,3872,Lots of junk to eat here.,Lots of junk to eat here.,6
256,MCMPA,Moderator,True,1:04:33,3873,"Oh, junk to eat. Less junk food to eat. Well, we'll have to hold that idea for... Another focus. Another focus. Sorry. Culture and too much eating. Okay.","Oh, junk to eat. Less junk food to eat. Well, we'll have to hold that idea for... Another focus. Another focus. Sorry. Culture and too much eating. Okay.",28
257,MCMPA,Speaker 4,False,1:04:46,3886,"I want to add, and then I'll talk about my head. I think at least the cases should be given in print. Yeah. Because, you know, you have to look at exhibits. Yeah. And only the cases, wherever necessary, so that way you're not using a lot of paper as well. We don't need the hard copies of the presentations, but the cases would be useful. My idea is that one thing that I feel is lacking, at least for me, and maybe for many people, would be the practical experience of what I've learned in the class. So I feel that a lot of TA-ship and RA-ships are actually restricted to people who've come gore from that field and they are not offered to people who are pivoting, especially mid-careers. A lot of it goes to the MPPs because they know that they're going to be extending. So I feel, I mean, I've asked multiple people, multiple faculty as well as center people, but then I'm pivoting to climate. So it's been very difficult for me to understand what goes what's the rigor behind making that report I can read a report I can do analysis I've been doing that for all my life I've been a consultant but I want to learn something if it's about climate risk we've spoken about something very interesting but I want to see what's at the back because it was the professor's work I want to see those excel sheets and I've asked this to multiple people I'm not I'm not asking for a pay also I said okay I don't want it on one entry basis I just want to kind of shadow people with whom I can learn how they did that excel and because there are certain","I want to add, and then I'll talk about my head. I think at least the cases should be given in print. Yeah. Because, you know, you have to look at exhibits. Yeah. And only the cases, wherever necessary, so that way you're not using a lot of paper as well. We don't need the hard copies of the presentations, but the cases would be useful. My idea is that one thing that I feel is lacking, at least for me, and maybe for many people, would be the practical experience of what I've learned in the class. So I feel that a lot of TA-ship and RA-ships are actually restricted to people who've come gore from that field and they are not offered to people who are pivoting, especially mid-careers. A lot of it goes to the MPPs because they know that they're going to be extending. So I feel, I mean, I've asked multiple people, multiple faculty as well as center people, but then I'm pivoting to climate. So it's been very difficult for me to understand what goes what's the rigor behind making that report I can read a report I can do analysis I've been doing that for all my life I've been a consultant but I want to learn something if it's about climate risk we've spoken about something very interesting but I want to see what's at the back because it was the professor's work I want to see those excel sheets and I've asked this to multiple people I'm not I'm not asking for a pay also I said okay I don't want it on one entry basis I just want to kind of shadow people with whom I can learn how they did that excel and because there are certain",298
258,MCMPA,Moderator,True,1:06:33,3993,"frameworks. Is this co-existing with your experiences during your degree? Yeah, it will help me. Or is it sort of the","frameworks. Is this co-existing with your experiences during your degree? Yeah, it will help me. Or is it sort of the",21
259,MCMPA,Speaker 4,False,1:06:41,4001,"post-degree time frame? No, I'm supposed to be job ready at the end in [NAME]. I'm not going to do another course or I don't want another three months after me to or go to work life and say I'm going to experience, I'm going to put everything what I've learned into experience and this is how I'm going to learn from my juniors about an excel sheet which I should have already known. But my prior experience did not give me that information.","post-degree time frame? No, I'm supposed to be job ready at the end in . I'm not going to do another course or I don't want another three months after me to or go to work life and say I'm going to experience, I'm going to put everything what I've learned into experience and this is how I'm going to learn from my juniors about an excel sheet which I should have already known. But my prior experience did not give me that information.",84
260,MCMPA,Moderator,True,1:07:11,4031,"So is it fair if we were to describe your idea as better and more practical? job readiness during this time, you know, during the learning period.","So is it fair if we were to describe your idea as better and more practical? job readiness during this time, you know, during the learning period.",27
261,MCMPA,Speaker 4,False,1:07:26,4046,"So I think one of the courses that's offered by [NAME], like on the [NAME] Field [NAME], there should be more of those. I mean, we've just had one or two, I guess. So, I mean, we've got very good research. Yeah, exactly. You've got very good, it's all there. It's just that we need to create that field. Yeah.","So I think one of the courses that's offered by , like on the Field , there should be more of those. I mean, we've just had one or two, I guess. So, I mean, we've got very good research. Yeah, exactly. You've got very good, it's all there. It's just that we need to create that field. Yeah.",59
262,MCMPA,Moderator,True,1:07:52,4072,"Okay, great. One more. And then we're not going to have to swap yours out because we're going to do a... Do you want to say yours? Because I feel like... No, no, no. You're going to say yours. I'm going to add it on. No, not verbally. What I'm going to ask you to do is we have some index cards, and we're going to ask you to write some things on the index cards just so we can end early. And I want your idea to go on one side of the index card. Okay? It could be like the idea. Yeah. All right? Because that way it will be collected as part of our data to analyze and we'll incorporate it into this. So, okay, on the index card that you have, we're going to kind of do... Oh, maybe... What? [NAME]? Oh, [NAME]. I'm so sorry.","Okay, great. One more. And then we're not going to have to swap yours out because we're going to do a... Do you want to say yours? Because I feel like... No, no, no. You're going to say yours. I'm going to add it on. No, not verbally. What I'm going to ask you to do is we have some index cards, and we're going to ask you to write some things on the index cards just so we can end early. And I want your idea to go on one side of the index card. Okay? It could be like the idea. Yeah. All right? Because that way it will be collected as part of our data to analyze and we'll incorporate it into this. So, okay, on the index card that you have, we're going to kind of do... Oh, maybe... What? ? Oh, . I'm so sorry.",150
263,MCMPA,Speaker 5,False,1:08:35,4115,"All good. I can be quick. I think accessibility towards students should be a core performance for teachers. I think it's unacceptable that there are some professors who are saying like, oh, I only have time for like one office hour, like one 10 minute office hour for my students and it's only the students and not accessible to the rest of anybody. Whereas there are other professors who have the exact same number of students and are very, very open about sharing their time. And I think that to me is a matter of prioritization of value.","All good. I can be quick. I think accessibility towards students should be a core performance for teachers. I think it's unacceptable that there are some professors who are saying like, oh, I only have time for like one office hour, like one 10 minute office hour for my students and it's only the students and not accessible to the rest of anybody. Whereas there are other professors who have the exact same number of students and are very, very open about sharing their time. And I think that to me is a matter of prioritization of value.",98
264,MCMPA,Moderator,True,1:09:08,4148,"#NAME? So thank you. Okay, you have an index card. We're going to do two things at the same time. One is physical and standing up. You have two check marks that are on the green. You have one X mark that's on a pink. You don't have to use the X mark, but you should use the check marks, the two check marks. And you can, basically we're doing a collective kind of intensity check here. Of these ideas up here, which ones are drawing your greatest focus and interest? You can put two check marks on one idea. You can put check marks on your own idea. that's great. You can separate the checkmarks, but use your two checkmarks. And once you stand up and put your checkmarks down there, and you come back and sit down on the side of the inde card, what is one thing that we didn't ask you that you think is really important that we should have asked you or that students in your situation should have been asked to provide input on? Because it's like, we had an hour, We want to let you go on time. So the intensity check, and then come back. And what is something that we didn't ask that we really should have? And the extra idea. We'll go on the other side.","So thank you. Okay, you have an index card. We're going to do two things at the same time. One is physical and standing up. You have two check marks that are on the green. You have one X mark that's on a pink. You don't have to use the X mark, but you should use the check marks, the two check marks. And you can, basically we're doing a collective kind of intensity check here. Of these ideas up here, which ones are drawing your greatest focus and interest? You can put two check marks on one idea. You can put check marks on your own idea. that's great. You can separate the checkmarks, but use your two checkmarks. And once you stand up and put your checkmarks down there, and you come back and sit down on the side of the inde card, what is one thing that we didn't ask you that you think is really important that we should have asked you or that students in your situation should have been asked to provide input on? Because it's like, we had an hour, We want to let you go on time. So the intensity check, and then come back. And what is something that we didn't ask that we really should have? And the extra idea. We'll go on the other side.",226
265,MCMPA,Speaker 4,False,1:10:24,4224,"There's nothing to put on this, right?","There's nothing to put on this, right?",7
266,MCMPA,Moderator,True,1:10:26,4226,"Put here? Yeah, you're putting them on the whiteboard next to the six ideas.","Put here? Yeah, you're putting them on the whiteboard next to the six ideas.",14
267,MCMPA,Speaker 3,False,1:10:35,4235,"No, no, no, go. Sure, go, go. I need to. It's only two. Ah!","No, no, no, go. Sure, go, go. I need to. It's only two. Ah!",14
268,MCMPA,Speaker 7,False,1:10:46,4246,I think those are kind of connected to each other.,I think those are kind of connected to each other.,10
269,MCMPA,Speaker 4,False,1:10:54,4254,The cross needs to be in this.,The cross needs to be in this.,7
270,MCMPA,Moderator,True,1:10:57,4257,"If you want to just say you don't think it must text. Oh, for these ideas. You don't have to use it. It was just a way of sort of giving people a way to say.","If you want to just say you don't think it must text. Oh, for these ideas. You don't have to use it. It was just a way of sort of giving people a way to say.",36
271,MCMPA,Speaker 7,False,1:11:06,4266,Also wine is great.,Also wine is great.,4
272,MCMPA,Moderator,True,1:11:08,4268,What?,What?,1
273,MCMPA,Speaker 7,False,1:11:09,4269,So I don't know why I think so.,So I don't know why I think so.,8
274,MCMPA,Moderator,True,1:11:12,4272,"Okay. So thank you so much. It's been really valuable. Make sure you write, like, what did we not ask that we really should have asked you today. That's the nature of focus groups, I think, which is that we've got all the questions that we should have been brought out to us.","Okay. So thank you so much. It's been really valuable. Make sure you write, like, what did we not ask that we really should have asked you today. That's the nature of focus groups, I think, which is that we've got all the questions that we should have been brought out to us.",53
275,MCMPA,Speaker 4,False,1:11:28,4288,"And does it have to be, like, content-based and academics?","And does it have to be, like, content-based and academics?",10
276,MCMPA,Moderator,True,1:11:33,4293,"No, no, it could be. It could be anything. It could be anything. I think something that we should have asked that didn't.","No, no, it could be. It could be anything. It could be anything. I think something that we should have asked that didn't.",23
277,MCMPA,Speaker 4,False,1:11:48,4308,"One, two, one. One, I did.","One, two, one. One, I did.",6
278,MCMPA,Speaker 3,False,1:12:10,4330,#NAME?,,0
279,MCMPA,Moderator,True,1:12:14,4334,"- [NAME]'s the academic dean for faculty engagement, I think. And we have an academic dating, teaching, and curriculum.","- 's the academic dean for faculty engagement, I think. And we have an academic dating, teaching, and curriculum.",19
280,MCMPA,Speaker 3,False,1:12:23,4343,"Oh, OK. Who's that?","Oh, OK. Who's that?",4
281,MCMPA,Moderator,True,1:12:25,4345,That is [NAME].,That is .,3
282,MCMPA,Speaker 3,False,1:12:27,4347,"Oh, that's [NAME]. OK. OK.","Oh, that's . OK. OK.",5
283,MCMPA,Speaker 5,False,1:12:28,4348,"So that's [NAME], and then [NAME] is student life. Debbie is the different degree program, student affairs.","So that's , and then is student life. Debbie is the different degree program, student affairs.",16
284,MCMPA,Moderator,True,1:12:34,4354,Got it. I know. I know.,Got it. I know. I know.,6
285,MCMPA,Speaker 4,False,1:12:46,4366,"What do you call those? Like the MIT, they get their rings, where they have [NAME] skyline and the MIT written on the other side. Class rings? They got class rings.","What do you call those? Like the MIT, they get their rings, where they have skyline and the MIT written on the other side. Class rings? They got class rings.",30
286,MCMPA,Speaker 3,False,1:12:57,4377,"Yeah, yeah, yeah. Yeah, somebody has made a request of my cell phone page. Go for it.","Yeah, yeah, yeah. Yeah, somebody has made a request of my cell phone page. Go for it.",17
287,MCMPA,Speaker 4,False,1:13:04,4384,That's why--,That's why--,2
288,MCMPA,Moderator,True,1:13:27,4407,"Thank you so much today for your time. I really, really appreciate it. Really, it's great energy. A lot of ideas. I'm going to pull them all together, build themes, show them to the leadership in short order by the end of [NAME].","Thank you so much today for your time. I really, really appreciate it. Really, it's great energy. A lot of ideas. I'm going to pull them all together, build themes, show them to the leadership in short order by the end of .",43
289,MCMPA,Speaker 5,False,1:13:46,4426,Is it sort of the similar cycle every year? This is unique.,Is it sort of the similar cycle every year? This is unique.,12
290,MCMPA,Moderator,True,1:13:51,4431,"This is not annual. This is very custom and special. The dean is sort of, you know, they're doing vision and strategy for the [NAME]. this is an important measure to, important process to get the, you know, which they felt there was a, not enough of. Yeah, yeah, yeah. Thank you. So, it's not repeated every year.","This is not annual. This is very custom and special. The dean is sort of, you know, they're doing vision and strategy for the . this is an important measure to, important process to get the, you know, which they felt there was a, not enough of. Yeah, yeah, yeah. Thank you. So, it's not repeated every year.",58
291,MCMPA,Speaker 5,False,1:14:19,4459,"Yeah, yeah, yeah. Got it. I mean, especially if the dean, then I feel like, in terms of anything, AI readiness for labs or clinics like that. Thank you.","Yeah, yeah, yeah. Got it. I mean, especially if the dean, then I feel like, in terms of anything, AI readiness for labs or clinics like that. Thank you.",29
292,MCMPA,Moderator,True,1:14:31,4471,"So really appreciate it. Thank you so much. Thank you. It's [NAME], right? Wednesday afternoon, but there's no snow coming today. So is there snow in [NAME]?","So really appreciate it. Thank you so much. Thank you. It's , right? Wednesday afternoon, but there's no snow coming today. So is there snow in ?",27
293,MCMPA,Speaker 7,False,1:14:43,4483,"In parts of [NAME], in [NAME].","In parts of , in .",6
294,MCMPA,Moderator,True,1:14:46,4486,I don't think there's snow in [NAME].,I don't think there's snow in .,7
295,MCMPA,Speaker 8,False,1:14:49,4489,In the panhandle this year and last year there was.,In the panhandle this year and last year there was.,10
296,MCMPA,Moderator,True,1:14:52,4492,"There was? Really? Okay, well you didn't escape it up here then. And I don't know about [NAME], there's snow.","There was? Really? Okay, well you didn't escape it up here then. And I don't know about , there's snow.",20
297,MCMPA,Speaker 5,False,1:14:59,4499,"I was like, this is fine. No snow.","I was like, this is fine. No snow.",8
298,MCMPA,Speaker 4,False,1:15:04,4504,But I know something else which starts with smog. Oh. But there's no.,But I know something else which starts with smog. Oh. But there's no.,13
299,MCMPA,Speaker 3,False,1:15:13,4513,It's dark. It's dark.,It's dark. It's dark.,4
300,MCMPA,Moderator,True,1:15:17,4517,Thank you.,Thank you.,2
301,MCMPA,Speaker 3,False,1:15:18,4518,Thank you so much. Thank you. You can take it. We'll take care of them.,Thank you so much. Thank you. You can take it. We'll take care of them.,15
302,MCMPA,Moderator,True,1:15:26,4526,"If you can take it, you can take it. Thank you. I'm getting these. Oh, great. Thank you.","If you can take it, you can take it. Thank you. I'm getting these. Oh, great. Thank you.",18
303,MCMPA,Speaker 7,False,1:15:35,4535,And what was your name again?,And what was your name again?,6
304,MCMPA,Moderator,True,1:15:37,4537,My name is [NAME].,My name is .,4
305,MCMPA,Speaker 7,False,1:15:38,4538,"Maria, and you said you are?","Maria, and you said you are?",6
306,MCMPA,Moderator,True,1:15:40,4540,"I'm with [NAME] and [NAME], which is underneath [NAME]'s office.","I'm with and , which is underneath 's office.",9
307,MCMPA,Speaker 7,False,1:15:47,4547,Okay.,Okay.,1
308,MCMPA,Speaker 3,False,1:15:48,4548,Thank you so much for doing this.,Thank you so much for doing this.,7
309,MCMPA,Moderator,True,1:15:49,4549,I'll send you a little note. Thank you so much.,I'll send you a little note. Thank you so much.,10
310,MCMPA,Speaker 3,False,1:15:51,4551,Thank you. Thank you.,Thank you. Thank you.,4
311,MCMPA,Moderator,True,1:15:53,4553,I'll send you a little email.,I'll send you a little email.,6
312,MCMPA,Speaker 3,False,1:15:55,4555,"Oh, that's a great idea. Thank you. You please can. All right.","Oh, that's a great idea. Thank you. You please can. All right.",12
313,MCMPA,Speaker 6,False,1:15:59,4559,Thank you. Thank you. Thank you.,Thank you. Thank you. Thank you.,6
314,MCMPA,Speaker 3,False,1:16:14,4574,Thank you. And I'll stop it.,Thank you. And I'll stop it.,6
315,MPAID,Moderator,True,9:13,553,"I'm Maria, and this is Lori, and we work in the academic dean's office. And at the ask of [NAME], we're running focus groups with different degree sets of students. in their degree programs to try to understand some of the collective student input to offer for issues that there's sort of a vision and strategy initiative underway, and there's not enough student input that's been collected, and that's why we're here today. So I really appreciate that you responded to the invitation and made time for this. So first step, we're going to record the audio of the session to support our analysis, but your inputs will be anonymized and nobody will be attributed, no quotes will be attributed to you by name. Lori's also taking some written notes, and she'll be doing some of the whiteboard writing during some of the different activities we have planned. So the goal today is to hear honest perspectives and a few ground rules that will help the conversations work. You're expected to stay for the full hour. Hopefully the incentive of the cafe voucher will have you staying and participating for the full hour. But we are going to go, but we will end on time. There are no wrong answers, and we want your real reactions. And speak from your own experience when you can. It's okay to disagree, and disagreement could be productive to draw out some of the different perspectives. Please let each other finish before jumping in and then what's said here should stay here. We ask that you don't share what others have said outside the room. Any questions before we get going? No. All right, great. So, okay, we'll begin. We'll go around the table and have each person tell us their name and their hometown. I realize some of you may already know each other very well from your degree program, but it will just help us and those who don't know each other yet. So we'll begin. Let's go around. Your first name and your hometown.","I'm Maria, and this is Lori, and we work in the academic dean's office. And at the ask of , we're running focus groups with different degree sets of students. in their degree programs to try to understand some of the collective student input to offer for issues that there's sort of a vision and strategy initiative underway, and there's not enough student input that's been collected, and that's why we're here today. So I really appreciate that you responded to the invitation and made time for this. So first step, we're going to record the audio of the session to support our analysis, but your inputs will be anonymized and nobody will be attributed, no quotes will be attributed to you by name. Lori's also taking some written notes, and she'll be doing some of the whiteboard writing during some of the different activities we have planned. So the goal today is to hear honest perspectives and a few ground rules that will help the conversations work. You're expected to stay for the full hour. Hopefully the incentive of the cafe voucher will have you staying and participating for the full hour. But we are going to go, but we will end on time. There are no wrong answers, and we want your real reactions. And speak from your own experience when you can. It's okay to disagree, and disagreement could be productive to draw out some of the different perspectives. Please let each other finish before jumping in and then what's said here should stay here. We ask that you don't share what others have said outside the room. Any questions before we get going? No. All right, great. So, okay, we'll begin. We'll go around the table and have each person tell us their name and their hometown. I realize some of you may already know each other very well from your degree program, but it will just help us and those who don't know each other yet. So we'll begin. Let's go around. Your first name and your hometown.",343
316,MPAID,Speaker 2,False,11:18,678,"Hi, everyone. I'm [NAME]. I've been doing MPAID second year and I'm from  Colombia.","Hi, everyone. I'm . I've been doing MPAID second year and I'm from Colombia.",14
317,MPAID,Speaker 7,False,11:23,683,"Hello, I'm [NAME]. I'm from  Colombia, and I'm also in MPAID 1.","Hello, I'm . I'm from Colombia, and I'm also in MPAID 1.",12
318,MPAID,Speaker 5,False,11:28,688,"Hello, everyone. My name is [NAME], MPAID2, and I'm from Indonesia.","Hello, everyone. My name is , MPAID2, and I'm from Indonesia.",11
319,MPAID,Speaker 6,False,11:33,693,"Hello, everyone. My name is [NAME]. I'm MPAID1, and my hometown is  Indonesia.","Hello, everyone. My name is . I'm MPAID1, and my hometown is Indonesia.",13
320,MPAID,Speaker 4,False,11:41,701,"Hi, everyone. I'm [NAME] from Pakistan, MPAID 2.","Hi, everyone. I'm from Pakistan, MPAID 2.",7
321,MPAID,Speaker 8,False,11:46,706,"Hello, everyone. I'm [NAME] from MPAID 1. My hometown is I've been all my life in  India.","Hello, everyone. I'm from MPAID 1. My hometown is I've been all my life in India.",16
322,MPAID,Speaker 9,False,11:55,715,"Hi, everyone. I'm [NAME], MPAID 1, and I'm originally from Morocco.","Hi, everyone. I'm , MPAID 1, and I'm originally from Morocco.",11
323,MPAID,Moderator,True,12:02,722,"I'm Maria, and my hometown probably for so long now has been Cambridge, so I better call it that. I am from Omaha, Nebraska. Lori. Wonderful. So the first thing we'd like to do is for you to think about your time in HKS classrooms, whether you're in your first year or your second year, not a specific moment, but overall. And in a couple of words or a short phrase, how would you describe the classroom culture here in terms of rigor and professionalism? And just a quick gut reaction, we're going to go around. And Lori's going to record those words and phrases on the whiteboard just to get started. So maybe, [NAME], why don't we start with you as sort of the holistic overall kind of experience.","I'm Maria, and my hometown probably for so long now has been Cambridge, so I better call it that. I am from Omaha, Nebraska. Lori. Wonderful. So the first thing we'd like to do is for you to think about your time in HKS classrooms, whether you're in your first year or your second year, not a specific moment, but overall. And in a couple of words or a short phrase, how would you describe the classroom culture here in terms of rigor and professionalism? And just a quick gut reaction, we're going to go around. And Lori's going to record those words and phrases on the whiteboard just to get started. So maybe, , why don't we start with you as sort of the holistic overall kind of experience.",130
324,MPAID,Speaker 9,False,12:59,779,"Sure. Well, I think I just maybe want to start by acknowledging that I think it's a very well-designed program that I think that it oftentimes exceeded my expectations in terms of rigor and also coherence in between the different classes. Maybe we'll talk more about things to improve, but I think that's something that I think it's important to, at least for me personally, I think I've been really impressed by the rigor. maybe too much at times where the pace has been difficult to manage I would say but intellectually if like the at least the first year and like especially now with like a bit more perspective like being a second semester first year student I'm really able to like you know, put the, kind of like see the bigger picture and the coherence of the overall program. So I would say, yeah, I'm not concerned about the rigor, I think, yeah.","Sure. Well, I think I just maybe want to start by acknowledging that I think it's a very well-designed program that I think that it oftentimes exceeded my expectations in terms of rigor and also coherence in between the different classes. Maybe we'll talk more about things to improve, but I think that's something that I think it's important to, at least for me personally, I think I've been really impressed by the rigor. maybe too much at times where the pace has been difficult to manage I would say but intellectually if like the at least the first year and like especially now with like a bit more perspective like being a second semester first year student I'm really able to like you know, put the, kind of like see the bigger picture and the coherence of the overall program. So I would say, yeah, I'm not concerned about the rigor, I think, yeah.",155
325,MPAID,Moderator,True,14:08,848,"Okay. And coherence, I think, was an interesting word. So grab that word, too, maybe.","Okay. And coherence, I think, was an interesting word. So grab that word, too, maybe.",15
326,MPAID,Speaker 2,False,14:16,856,May I ask a question about you?,May I ask a question about you?,7
327,MPAID,Moderator,True,14:19,859,"Yes, you certainly can.","Yes, you certainly can.",4
328,MPAID,Speaker 2,False,14:23,863,"So we're talking about the classroom as in the professor and also the students, right?","So we're talking about the classroom as in the professor and also the students, right?",15
329,MPAID,Moderator,True,14:29,869,"Yes, so what we're excluding is something like, well, does the [NAME] offer enough speaking events? Or do you have enough job opportunities? Or things like that. So we are talking about what happens in the courses in the classrooms. It doesn't necessarily mean only physically in the classroom. It's sort of an entity at a course level. And so this first exercise is asking you to think across all the courses and see whether you have sentiments to describe something about all the courses. Does that answer your question or did that?","Yes, so what we're excluding is something like, well, does the offer enough speaking events? Or do you have enough job opportunities? Or things like that. So we are talking about what happens in the courses in the classrooms. It doesn't necessarily mean only physically in the classroom. It's sort of an entity at a course level. And so this first exercise is asking you to think across all the courses and see whether you have sentiments to describe something about all the courses. Does that answer your question or did that?",92
330,MPAID,Speaker 2,False,15:06,906,"Like, for instance, another word could be lack of punctuality and things like that, right? Or not necessarily.","Like, for instance, another word could be lack of punctuality and things like that, right? Or not necessarily.",18
331,MPAID,Moderator,True,15:15,915,"Yes, for example, if you think that that's something that's pervasive that you've noticed and you would rise up at a meta level. We will talk about a couple of specific instances about things like that. So we can certainly put that up if you think sort of that is a big idea for you that you'd want to capture.","Yes, for example, if you think that that's something that's pervasive that you've noticed and you would rise up at a meta level. We will talk about a couple of specific instances about things like that. So we can certainly put that up if you think sort of that is a big idea for you that you'd want to capture.",60
332,MPAID,Speaker 9,False,15:40,940,"I think maybe, correct me if I'm wrong, it's because you also mentioned the professionalism of the students and I guess how everyone like maybe behave in class.","I think maybe, correct me if I'm wrong, it's because you also mentioned the professionalism of the students and I guess how everyone like maybe behave in class.",28
333,MPAID,Speaker 2,False,15:49,949,"I'm thinking like how do people behave in class as well, right?","I'm thinking like how do people behave in class as well, right?",12
334,MPAID,Moderator,True,15:53,953,"Yes. So in fact, I think it's perhaps, this is our second focus group, so it's not a well-honed machine yet, and I think that maybe if you find that what you would like to do is separate rigor from professionalism, that's totally fine. You might say this is a, you know, you might have a big idea about professionalism and lack of punctuality may be sort of on the professional space, professionalism space. Rigor may be a different vector or a different factor. So please do feel free to separate those two and say you're addressing, you know, with your idea here, you're addressing this one thing. I think as you said, you did. Yeah. So do you want to take it up and we'll go this way or you want to wait?","Yes. So in fact, I think it's perhaps, this is our second focus group, so it's not a well-honed machine yet, and I think that maybe if you find that what you would like to do is separate rigor from professionalism, that's totally fine. You might say this is a, you know, you might have a big idea about professionalism and lack of punctuality may be sort of on the professional space, professionalism space. Rigor may be a different vector or a different factor. So please do feel free to separate those two and say you're addressing, you know, with your idea here, you're addressing this one thing. I think as you said, you did. Yeah. So do you want to take it up and we'll go this way or you want to wait?",134
335,MPAID,Speaker 2,False,16:43,1003,"I mean, I agree that the syllabus, the curriculum is rigorous. I would say in terms of like behavior in the classroom, lack of punctuality is something that I've seen. And use of technology in class sometimes it's allowed, sometimes it's not, but like not following the rules.","I mean, I agree that the syllabus, the curriculum is rigorous. I would say in terms of like behavior in the classroom, lack of punctuality is something that I've seen. And use of technology in class sometimes it's allowed, sometimes it's not, but like not following the rules.",48
336,MPAID,Moderator,True,17:10,1030,"So if I package those things together, we can unpack them a little bit later, like concerning classroom behavior. Like sort of poor classroom behavior or something that's detracting from professionalism.","So if I package those things together, we can unpack them a little bit later, like concerning classroom behavior. Like sort of poor classroom behavior or something that's detracting from professionalism.",31
337,MPAID,Speaker 1,False,17:30,1050,Concerning.,Concerning.,1
338,MPAID,Speaker 2,False,17:31,1051,"Concerning. It wouldn't categorize as bad or good, but it's just like some things that we're observing.","Concerning. It wouldn't categorize as bad or good, but it's just like some things that we're observing.",17
339,MPAID,Moderator,True,17:41,1061,"It's observed, okay. Okay, great. We'll move this way.","It's observed, okay. Okay, great. We'll move this way.",9
340,MPAID,Speaker 7,False,17:46,1066,"Okay, I'm just going to answer, as I thought the question was at the beginning, like thinking overall about the program. Yeah. So I think it has been, as Joseph said, very rigorous, very academically difficult, especially at the beginning, since most of us are not used to studying at this level since a couple of years. But I think the program has done a great job handling that and the learning curve. They try to help us a lot with that. So I think it's a bit of a shock at the beginning, but then you get used to the academic rigorosity that the program has. And also, yeah, the professionalism. And they put a lot of thought into what we learn is interconnected between classes. So that's a rather new experience for me, which I didn't get back in my home country, that you only took a class and it focused only in the syllabus of that class. But here, I think all the teachers try to connect what you learn in one class into another one and try to make everything practical as you go through your entire degree. So I think that's very, very nice.","Okay, I'm just going to answer, as I thought the question was at the beginning, like thinking overall about the program. Yeah. So I think it has been, as Joseph said, very rigorous, very academically difficult, especially at the beginning, since most of us are not used to studying at this level since a couple of years. But I think the program has done a great job handling that and the learning curve. They try to help us a lot with that. So I think it's a bit of a shock at the beginning, but then you get used to the academic rigorosity that the program has. And also, yeah, the professionalism. And they put a lot of thought into what we learn is interconnected between classes. So that's a rather new experience for me, which I didn't get back in my home country, that you only took a class and it focused only in the syllabus of that class. But here, I think all the teachers try to connect what you learn in one class into another one and try to make everything practical as you go through your entire degree. So I think that's very, very nice.",199
341,MPAID,Speaker 1,False,18:53,1133,Thank you.,Thank you.,2
342,MPAID,Speaker 5,False,18:55,1135,"For me, it's very similar to what the [NAME] have said. it's very like academic, like intellectually challenging academically. But I think one input from me is like I wish that like the core courses on the first year could have been more spreading out to the second year. Because like sometimes like I feel that like we as an MPAID we don't really have like opportunities to take like courses outside the core courses on the first year which is like a shame because like when I, I'm in the second year now, I feel like a lot of courses in HK are really good. That's not economics. For example, this semester I take a lot of courses on communication, on media, it's as important as economics itself because I work for the Ministry of [NAME] and those kind of courses really helped me in building my career later on.","For me, it's very similar to what the have said. it's very like academic, like intellectually challenging academically. But I think one input from me is like I wish that like the core courses on the first year could have been more spreading out to the second year. Because like sometimes like I feel that like we as an MPAID we don't really have like opportunities to take like courses outside the core courses on the first year which is like a shame because like when I, I'm in the second year now, I feel like a lot of courses in HK are really good. That's not economics. For example, this semester I take a lot of courses on communication, on media, it's as important as economics itself because I work for the Ministry of and those kind of courses really helped me in building my career later on.",149
343,MPAID,Moderator,True,19:49,1189,"- So if I were to say, there is a great density in the core at the expense of flexibility. Yeah. Is that?","- So if I were to say, there is a great density in the core at the expense of flexibility. Yeah. Is that?",23
344,MPAID,Speaker 5,False,20:01,1201,"Yeah, yeah. Okay. So, like, the first year was, like, full-pature. Yeah. The second year was, like, very flexible. But I think, yeah, maybe the program itself could, like, yeah, like, yeah, spreading out.","Yeah, yeah. Okay. So, like, the first year was, like, full-pature. Yeah. The second year was, like, very flexible. But I think, yeah, maybe the program itself could, like, yeah, like, yeah, spreading out.",34
345,MPAID,Moderator,True,20:14,1214,"These are fantastic. I hope we are going to be able to unpack a little bit of it a little bit more. How about you, Anissa?","These are fantastic. I hope we are going to be able to unpack a little bit of it a little bit more. How about you, Anissa?",26
346,MPAID,Speaker 6,False,20:23,1223,"Yeah. Echoing what everyone else has said, definitely very rigorous. And yeah, it's definitely very hard. Like for me, it's very, very hard. I've been out of school for a few years, and it's really, it was really difficult for me to catch up. What was I going to say? I think also I would also highlight the coherence of it. This part, at many points, I would be discussing things about something I learned in class, and I don't even remember which class. which is this is a very, again, new experience for me. Like, I've never experienced that before. I think that exemplifies how well integrated these courses are. And I think that's a really good sign. I would say, in addition to the actual academic syllabus and academic rigor, the professors are excellent. They are, for the most part, for the most part of the semester, For most of the professors, they are very well prepared. They know what they're, they teach really well. They manage the class really well, which is important. Manage the discussion well. And I think that adds into a very positive experience in the classroom.","Yeah. Echoing what everyone else has said, definitely very rigorous. And yeah, it's definitely very hard. Like for me, it's very, very hard. I've been out of school for a few years, and it's really, it was really difficult for me to catch up. What was I going to say? I think also I would also highlight the coherence of it. This part, at many points, I would be discussing things about something I learned in class, and I don't even remember which class. which is this is a very, again, new experience for me. Like, I've never experienced that before. I think that exemplifies how well integrated these courses are. And I think that's a really good sign. I would say, in addition to the actual academic syllabus and academic rigor, the professors are excellent. They are, for the most part, for the most part of the semester, For most of the professors, they are very well prepared. They know what they're, they teach really well. They manage the class really well, which is important. Manage the discussion well. And I think that adds into a very positive experience in the classroom.",193
347,MPAID,Moderator,True,21:38,1298,Thank you. Thank you. Welcome. We're going to podcast you for this first thing. Okay. And we're going to continue. Hi. Hi.,Thank you. Thank you. Welcome. We're going to podcast you for this first thing. Okay. And we're going to continue. Hi. Hi.,22
348,MPAID,Speaker 4,False,21:47,1307,"So yeah, I would also echo what some others have said already, but definitely very structured, very analytical. I agree the first semester should be a little less intense and with sort of more flexibility built into the first year overall. I would say the teaching quality is a bit variable.","So yeah, I would also echo what some others have said already, but definitely very structured, very analytical. I agree the first semester should be a little less intense and with sort of more flexibility built into the first year overall. I would say the teaching quality is a bit variable.",51
349,MPAID,Moderator,True,22:12,1332,"Okay, thank you. [NAME]?","Okay, thank you. ?",4
350,MPAID,Speaker 8,False,22:15,1335,"Sure. So, yeah, I think a lot of it has been said by my friends already. But, yeah, coming to first, the rigor, I do think the course is very rigorous, like in a good way. So for me also, I did not do economics as an undergrad. I did have econ background, but given that it was very rigorous. But also, I think it's extremely interesting the way we are learning. And as some of my friends mentioned that the way everything is interconnected, how the courses are so well designed that what we are learning is parallelly used in other courses. For instance, we're learning game theory now, and we can see it's been used in our politics and in our developed many concourses as well. So I love that it's been organized in a way where we can use our learnings, like even econometrics from one course to the other courses. And coming to the professors, they are very professional in their conduct and the way they have planned and prepared the curriculum, the way they have planned the teaching methodology. I think that is very well designed. So I really admire that. And going to the students' professionalism also, I think if I just talk about their conduct in class, I think that's very professional. Because I love the diversity we have, especially in MPAID specifically, with most of the batch being international. And there could be opportunities that we come from very widely different cultures and everything. But when we are expressing our thoughts in class or when we are giving our point of view, I think that's very professional. And it's also fantastic that you're talking about, say, one country as an example, and we have someone from that country or that region right there who can give a first-hand perspective, which I think is really valuable that we have the lived experiences of people. One thing which I think I would like, I don't know if it comes in the classroom question or overall, I would definitely love a little bit more of a debate and discussion culture.","Sure. So, yeah, I think a lot of it has been said by my friends already. But, yeah, coming to first, the rigor, I do think the course is very rigorous, like in a good way. So for me also, I did not do economics as an undergrad. I did have econ background, but given that it was very rigorous. But also, I think it's extremely interesting the way we are learning. And as some of my friends mentioned that the way everything is interconnected, how the courses are so well designed that what we are learning is parallelly used in other courses. For instance, we're learning game theory now, and we can see it's been used in our politics and in our developed many concourses as well. So I love that it's been organized in a way where we can use our learnings, like even econometrics from one course to the other courses. And coming to the professors, they are very professional in their conduct and the way they have planned and prepared the curriculum, the way they have planned the teaching methodology. I think that is very well designed. So I really admire that. And going to the students' professionalism also, I think if I just talk about their conduct in class, I think that's very professional. Because I love the diversity we have, especially in MPAID specifically, with most of the batch being international. And there could be opportunities that we come from very widely different cultures and everything. But when we are expressing our thoughts in class or when we are giving our point of view, I think that's very professional. And it's also fantastic that you're talking about, say, one country as an example, and we have someone from that country or that region right there who can give a first-hand perspective, which I think is really valuable that we have the lived experiences of people. One thing which I think I would like, I don't know if it comes in the classroom question or overall, I would definitely love a little bit more of a debate and discussion culture.",355
351,MPAID,Moderator,True,24:08:00,86880,"Hold this thought because I want you to notice on the right side of the board ideas for change. Alright. So we're definitely going to be priming the pump to get those ideas out of you. So. Sure. So minus that. Yeah. So this isn't just necessarily also these words are not meant to be like only like this is not like oh the positive or the you know the kind of things that come to mind that are positive only. So welcome. Thank you for coming. We're going to do a few exercises today in our time together. And so now what we're going to do is we're going to change a little bit and we're going to do something that's a bit of a comparative discussion. Everyone has prior experience in college and maybe graduate classrooms before coming to your program here at HKS. So take a moment to think about how classroom practices and teaching and classroom culture compares with what you've experienced elsewhere and how those environments affected your learning, how they would affect your learning. And it's okay to describe specific moments or courses without using people's names. So we don't want you to necessarily call out people by name in their teaching. But so think about those comparisons and what are one or two ways the professionalism of HKS classes feels different than your prior experiences. It could be in a positive way. It could be in a negative way. But it's sort of we want to hear about these differences and then have you reflect on whether they've been effective for your learning or drawn away from your learning. So, let's have someone jump in. Who would like to start? Jose Antonio.","Hold this thought because I want you to notice on the right side of the board ideas for change. Alright. So we're definitely going to be priming the pump to get those ideas out of you. So. Sure. So minus that. Yeah. So this isn't just necessarily also these words are not meant to be like only like this is not like oh the positive or the you know the kind of things that come to mind that are positive only. So welcome. Thank you for coming. We're going to do a few exercises today in our time together. And so now what we're going to do is we're going to change a little bit and we're going to do something that's a bit of a comparative discussion. Everyone has prior experience in college and maybe graduate classrooms before coming to your program here at HKS. So take a moment to think about how classroom practices and teaching and classroom culture compares with what you've experienced elsewhere and how those environments affected your learning, how they would affect your learning. And it's okay to describe specific moments or courses without using people's names. So we don't want you to necessarily call out people by name in their teaching. But so think about those comparisons and what are one or two ways the professionalism of HKS classes feels different than your prior experiences. It could be in a positive way. It could be in a negative way. But it's sort of we want to hear about these differences and then have you reflect on whether they've been effective for your learning or drawn away from your learning. So, let's have someone jump in. Who would like to start? Jose Antonio.",289
352,MPAID,Speaker 7,False,26:04:00,93840,"Yes, thank you very much. I have indeed had experience. I had a master's degree before coming here in Colombia. And one of the things that I think I can highlight most about this program is the motivation that the overall faculty has for you to work with your classmates. like to work in groups, like they encourage you to do most of the work in pairs, even if it is individual work, they encourage you to work as a group with a lot of people and I think that elsewhere, or at least what I've been before, is not to work with other people. I think that's like a key thing I have learned from here that's different from other other experiences that I've had before and also I would say that the teachers here or more ones more than others like encourage a lot of participation like dynamics in class to allow you to engage with the students not only like outside of the crowd but in the crowd room so I think That's one key element that I would have of the program. Again, not of every teacher, but most of them try to make participation a key element of the class. So those two things for you.","Yes, thank you very much. I have indeed had experience. I had a master's degree before coming here in Colombia. And one of the things that I think I can highlight most about this program is the motivation that the overall faculty has for you to work with your classmates. like to work in groups, like they encourage you to do most of the work in pairs, even if it is individual work, they encourage you to work as a group with a lot of people and I think that elsewhere, or at least what I've been before, is not to work with other people. I think that's like a key thing I have learned from here that's different from other other experiences that I've had before and also I would say that the teachers here or more ones more than others like encourage a lot of participation like dynamics in class to allow you to engage with the students not only like outside of the crowd but in the crowd room so I think That's one key element that I would have of the program. Again, not of every teacher, but most of them try to make participation a key element of the class. So those two things for you.",211
353,MPAID,Moderator,True,27:30:00,99000,Thank you. How about other comparisons?,Thank you. How about other comparisons?,6
354,MPAID,Speaker 6,False,27:34:00,99240,"I think, actually, I was really surprised of how large the classrooms are, like the size. It's much bigger than I expected. I went to a small liberal arts college here in the U.S. And it was, again, it's not an apple-to-apple comparison, but of course, like, it was bigger than I expected. I think all my classes, all undergrad, doesn't go beyond, like, 30.","I think, actually, I was really surprised of how large the classrooms are, like the size. It's much bigger than I expected. I went to a small liberal arts college here in the U.S. And it was, again, it's not an apple-to-apple comparison, but of course, like, it was bigger than I expected. I think all my classes, all undergrad, doesn't go beyond, like, 30.",65
355,MPAID,Moderator,True,28:00:00,100800,"And you're talking now about, like, 65, 70?","And you're talking now about, like, 65, 70?",8
356,MPAID,Speaker 6,False,28:03:00,100980,"No, we have classes that are the whole, yeah, I guess 65, 70 people, that's the whole class. And more. And more, like...","No, we have classes that are the whole, yeah, I guess 65, 70 people, that's the whole class. And more. And more, like...",23
357,MPAID,Speaker 2,False,28:10:00,101400,There's somebody finding that.,There's somebody finding that.,4
358,MPAID,Speaker 6,False,28:11:00,101460,"Yeah, and now I'm in a classroom that has 100 people, 90 people. I think that's much bigger than I expected. And I think that relates to my second comparison is how, again, I'm comparing with my undergrad in a smaller arts college. It's really hard to build a professional relationship with the professors in that way. professors don't know necessarily your names. And it's, you know, the office hours, it's hard to get office hours. You kind of have to, you know, some professors obviously require sign up, and that sign up gets filled out very quickly, very easily. So I think that would be two points.","Yeah, and now I'm in a classroom that has 100 people, 90 people. I think that's much bigger than I expected. And I think that relates to my second comparison is how, again, I'm comparing with my undergrad in a smaller arts college. It's really hard to build a professional relationship with the professors in that way. professors don't know necessarily your names. And it's, you know, the office hours, it's hard to get office hours. You kind of have to, you know, some professors obviously require sign up, and that sign up gets filled out very quickly, very easily. So I think that would be two points.",108
359,MPAID,Moderator,True,28:56:00,104160,"It's interesting the sort of, do you see a relationship, the scarcity of office hours not scaling in relationship to the size of the class? like with 100 students in the class?","It's interesting the sort of, do you see a relationship, the scarcity of office hours not scaling in relationship to the size of the class? like with 100 students in the class?",32
360,MPAID,Speaker 6,False,29:07:00,104820,"I can compare to the 100 students in the class, but like even the smaller ones, like 60, 70 people, a class size, I've experienced challenges in finding office hours to professors.","I can compare to the 100 students in the class, but like even the smaller ones, like 60, 70 people, a class size, I've experienced challenges in finding office hours to professors.",32
361,MPAID,Moderator,True,29:21:00,105660,"All right, great, thanks. Another comparison, yes. So I think actually this is my second master,","All right, great, thanks. Another comparison, yes. So I think actually this is my second master,",16
362,MPAID,Speaker 10,False,29:27:00,106020,"and compared to my first master, which I did economics back in Korea, I was quite surprised by the support by the teaching team. So in my previous master's, if there is anyone who falls behind academically, all the blame goes to the student. Whereas here, if anyone falls behind, then the teacher team is there just to support these students. I think that's one positive that I found from this program. And another difference that I found was that here it values more relationship among the student and the relationship between the professor and the student. in my previous masters, they don't really care about who are in the class. The only people that they care about are the people who taught the whole class, but the rest of them seems to be just be there, but they don't really seem to care that much. So these are the positive side of HKS, and for the negatives, I think I somehow echo [NAME]. So I felt there's been less, how can I say, professional guidance from professors. What I mean by this is that now I'm also writing my second thesis, but compared to my previous one, it's very hard for us to find our own supervisors first, and it's very hard to make our own office hours with them because maybe professors have a lot of involvement with other students. And the nature of the program itself is less analytical compared to what I did before. Well, of course, my previous degree in my previous master's focused more on the mathematical side of economics. So I think this is something I think should have made some improvement, I guess.","and compared to my first master, which I did economics back in Korea, I was quite surprised by the support by the teaching team. So in my previous master's, if there is anyone who falls behind academically, all the blame goes to the student. Whereas here, if anyone falls behind, then the teacher team is there just to support these students. I think that's one positive that I found from this program. And another difference that I found was that here it values more relationship among the student and the relationship between the professor and the student. in my previous masters, they don't really care about who are in the class. The only people that they care about are the people who taught the whole class, but the rest of them seems to be just be there, but they don't really seem to care that much. So these are the positive side of HKS, and for the negatives, I think I somehow echo . So I felt there's been less, how can I say, professional guidance from professors. What I mean by this is that now I'm also writing my second thesis, but compared to my previous one, it's very hard for us to find our own supervisors first, and it's very hard to make our own office hours with them because maybe professors have a lot of involvement with other students. And the nature of the program itself is less analytical compared to what I did before. Well, of course, my previous degree in my previous master's focused more on the mathematical side of economics. So I think this is something I think should have made some improvement, I guess.",281
363,MPAID,Moderator,True,31:11:00,112260,"Okay, thank you. Other comparisons?","Okay, thank you. Other comparisons?",5
364,MPAID,Speaker 8,False,31:15:00,112500,"So I have a master's for just as well. So I did my MBA from India. So again, it would be a bit of an unfair comparison because an MBA degree operates a bit differently. but one positive is that so class participation has been like a key component in my MBA classes as well and here in my HKS classes as well I do think the good thing is that I think the class participation here has a lot more substance because when there is a lot of weightage to participation which is in some of the MBA classes you have people just participating for the sake of it but here when I see my fellow classmates participating I think there's a lot of value to what anybody says. So I think that's where I find education better in this way.","So I have a master's for just as well. So I did my MBA from India. So again, it would be a bit of an unfair comparison because an MBA degree operates a bit differently. but one positive is that so class participation has been like a key component in my MBA classes as well and here in my HKS classes as well I do think the good thing is that I think the class participation here has a lot more substance because when there is a lot of weightage to participation which is in some of the MBA classes you have people just participating for the sake of it but here when I see my fellow classmates participating I think there's a lot of value to what anybody says. So I think that's where I find education better in this way.",142
365,MPAID,Moderator,True,32:01:00,115260,Can you tease out what is making that happen that's different than your MBA since both are both weighted participation and grade but like somehow you're finding something in the substance,Can you tease out what is making that happen that's different than your MBA since both are both weighted participation and grade but like somehow you're finding something in the substance,31
366,MPAID,Speaker 8,False,32:14:00,116040,"of it here? Yes. So I would say it's also by the nature of the course maybe or but let me compare similar things. So for example, a lot of MBA courses are case-based and some of my education courses are also case-based. Some of them are more theoretical, but some are case-based. So I think about that was that while you have a case and you just say something, I mean in the beginning people will have good points, but ultimately you exhaust most of your points. And then we have people kind of repeating or just rehashing it in a different way just to get some marks here for it. I don't see that here in this classroom. I think maybe that's also just because the kind of topics that we have our cases on when people speak, I see that they also come, like they try to knit in their own maybe personal experiences into the case because the topics we read up are so much like from the grassroots or from the ground, a lot of like development related issues. So people bring in their own perspectives, their own like prior experiences, their readings, and also what they, what analysis they have of the reading. So I think in that way it's different, that I find the insights more valuable here. So that's a good thing. On the other hand, just like the same extension, like some of the classes where I mentioned are more theoretical. So that is something which I find that when it's a very long, just one-way communication, personally, I also find it difficult to just focus if it's just a one-way theory. And in those cases, I feel it would have been nicer to have the class a little more discussion-based. So it goes both ways. Like some classes where I find this lack because in my MBA classes, like almost every class was very highly engaging. Yes, there were these instances, of course, where the participation, I felt, was not great by some people. But I think it was really engaging, all the classes, given that it was not very theoretical of them. And we had these opportunities to even present in the class, do formal presentations, or even just do some papers, just some reading. So I think in those things, I find it a little less in education classrooms. So these were my pros and cons.","of it here? Yes. So I would say it's also by the nature of the course maybe or but let me compare similar things. So for example, a lot of MBA courses are case-based and some of my education courses are also case-based. Some of them are more theoretical, but some are case-based. So I think about that was that while you have a case and you just say something, I mean in the beginning people will have good points, but ultimately you exhaust most of your points. And then we have people kind of repeating or just rehashing it in a different way just to get some marks here for it. I don't see that here in this classroom. I think maybe that's also just because the kind of topics that we have our cases on when people speak, I see that they also come, like they try to knit in their own maybe personal experiences into the case because the topics we read up are so much like from the grassroots or from the ground, a lot of like development related issues. So people bring in their own perspectives, their own like prior experiences, their readings, and also what they, what analysis they have of the reading. So I think in that way it's different, that I find the insights more valuable here. So that's a good thing. On the other hand, just like the same extension, like some of the classes where I mentioned are more theoretical. So that is something which I find that when it's a very long, just one-way communication, personally, I also find it difficult to just focus if it's just a one-way theory. And in those cases, I feel it would have been nicer to have the class a little more discussion-based. So it goes both ways. Like some classes where I find this lack because in my MBA classes, like almost every class was very highly engaging. Yes, there were these instances, of course, where the participation, I felt, was not great by some people. But I think it was really engaging, all the classes, given that it was not very theoretical of them. And we had these opportunities to even present in the class, do formal presentations, or even just do some papers, just some reading. So I think in those things, I find it a little less in education classrooms. So these were my pros and cons.",408
367,MPAID,Moderator,True,34:25:00,123900,That's really enlightening. Thank you.,That's really enlightening. Thank you.,5
368,MPAID,Speaker 5,False,34:29:00,124140,"So contrary to what [NAME] had said, I did my undergrad in Indonesia, and the class size was 30 to 40 people per class. But the professor's engagement to the students were very low compared to here. So the class was just one-way teaching. So we don't really do discussion in class.","So contrary to what had said, I did my undergrad in Indonesia, and the class size was 30 to 40 people per class. But the professor's engagement to the students were very low compared to here. So the class was just one-way teaching. So we don't really do discussion in class.",51
369,MPAID,Moderator,True,34:47:00,125220,Like lecture.,Like lecture.,2
370,MPAID,Speaker 5,False,34:48:00,125280,"Yeah, so it kind of takes me some time to adjust to it. So the HKS way of teaching, a lot of discussion, a lot of participation. And then the office hour system, we don't have that. We didn't have that back then. So it's a new thing for me, and I find it very helpful as well. Because like, yeah, I do a lot of it. And then like, I also like.","Yeah, so it kind of takes me some time to adjust to it. So the HKS way of teaching, a lot of discussion, a lot of participation. And then the office hour system, we don't have that. We didn't have that back then. So it's a new thing for me, and I find it very helpful as well. Because like, yeah, I do a lot of it. And then like, I also like.",73
371,MPAID,Moderator,True,35:10:00,126600,"So it might be scarce, but it was not present. Yeah. Yes. It might be scarce here. Okay. Sure. Yes. One more and then we're going to move to the next activity.","So it might be scarce, but it was not present. Yeah. Yes. It might be scarce here. Okay. Sure. Yes. One more and then we're going to move to the next activity.",32
372,MPAID,Speaker 4,False,35:20:00,127200,"Okay. So for me, the biggest difference between the previous education and here was the role of the program office. So Carol and Sarah, they manage the workload calendar. And I mean, it's, yeah, I think maybe they don't get enough credit, but they really put a lot of thought into it and make sure that we don't have too many assignments due in one week. And that really helps a lot in the learning culture overall and in what we get out of the programs. It would be impossible, I think, if they weren't doing that planning and balancing of the load across the weeks and just having those activities and events to get us together and make sure all of us are on track, not only stepping in on something that's gone wrong, but sort of proactively managing our schedules.","Okay. So for me, the biggest difference between the previous education and here was the role of the program office. So Carol and Sarah, they manage the workload calendar. And I mean, it's, yeah, I think maybe they don't get enough credit, but they really put a lot of thought into it and make sure that we don't have too many assignments due in one week. And that really helps a lot in the learning culture overall and in what we get out of the programs. It would be impossible, I think, if they weren't doing that planning and balancing of the load across the weeks and just having those activities and events to get us together and make sure all of us are on track, not only stepping in on something that's gone wrong, but sort of proactively managing our schedules.",142
373,MPAID,Moderator,True,36:07:00,130020,"That's really, really an important point. Thank you for bringing that up. That's sometimes some hidden work, you know. Okay, so now we're going to change to do something a little bit different now, and we're going to sort of have some reaction to two scenarios. So we'll move quickly through this, and the scenarios are fictional, but based on possibly realistic situations. I know you're coming from the MPAID program, so as you mentioned, great coordination and some really strong interconnectedness already starts with it. So these are scenarios just to provoke our discussion. The first one I'm gonna hand out is this one on the orange sheet, the orange scenario. And you can take one and pass it down. So take a minute, please, to silently read it. There's some pens on the table, and if you didn't bring one of your own, we'd like you to just jot some notes. We're going to use them. We're going to actually take back the scenarios with your notes, because they will also become part of our sort of how students are thinking about different things, set of data. And then we're going to have a table discussion about the scenario, and then we'll move to the second scenario. So take a moment to silently read it. Jot a few notes that come to mind. and then we'll discuss.","That's really, really an important point. Thank you for bringing that up. That's sometimes some hidden work, you know. Okay, so now we're going to change to do something a little bit different now, and we're going to sort of have some reaction to two scenarios. So we'll move quickly through this, and the scenarios are fictional, but based on possibly realistic situations. I know you're coming from the MPAID program, so as you mentioned, great coordination and some really strong interconnectedness already starts with it. So these are scenarios just to provoke our discussion. The first one I'm gonna hand out is this one on the orange sheet, the orange scenario. And you can take one and pass it down. So take a minute, please, to silently read it. There's some pens on the table, and if you didn't bring one of your own, we'd like you to just jot some notes. We're going to use them. We're going to actually take back the scenarios with your notes, because they will also become part of our sort of how students are thinking about different things, set of data. And then we're going to have a table discussion about the scenario, and then we'll move to the second scenario. So take a moment to silently read it. Jot a few notes that come to mind. and then we'll discuss.",229
374,MPAID,Speaker 6,False,38:05:00,137100,Can I ask a question?,Can I ask a question?,5
375,MPAID,Moderator,True,38:06:00,137160,Yes.,Yes.,1
376,MPAID,Speaker 6,False,38:07:00,137220,"When you said what would affect your own learning, what do you mean, what's what?","When you said what would affect your own learning, what do you mean, what's what?",15
377,MPAID,Moderator,True,38:11:00,137460,That is a rather vague question. Yeah.,That is a rather vague question. Yeah.,7
378,MPAID,Speaker 6,False,38:13:00,137580,"So, like, amongst these?","So, like, amongst these?",4
379,MPAID,Moderator,True,38:17:00,137820,"I think if you said, if this happened to me, or this has happened to me, it would have an effect.","I think if you said, if this happened to me, or this has happened to me, it would have an effect.",21
380,MPAID,Speaker 6,False,38:23:00,138180,How would it affect? Okay. Okay. Thank you.,How would it affect? Okay. Okay. Thank you.,8
381,MPAID,Moderator,True,38:27:00,138420,"Yeah, no, I, that could use a little bit of the answer. Thank you. I'm throwing away the cheap ads after it's not working. Who needs one? Yes.","Yeah, no, I, that could use a little bit of the answer. Thank you. I'm throwing away the cheap ads after it's not working. Who needs one? Yes.",28
382,MPAID,Speaker 1,False,39:10:00,141000,"Thank you. Yes. Oh, gosh. Thank you.","Thank you. Yes. Oh, gosh. Thank you.",7
383,MPAID,Speaker 10,False,39:17:00,141420,You need some more?,You need some more?,4
384,MPAID,Speaker 1,False,39:18:00,141480,Yes. Thank you. Thank you.,Yes. Thank you. Thank you.,5
385,MPAID,Moderator,True,39:23:00,141780,"Okay. Let's jump to discussion now on this. This is sort of a scenario that I want to provoke you with a couple of questions on this. Who's responsible here? What are the students' constraints? What should the professor do? Yes, Yusef.","Okay. Let's jump to discussion now on this. This is sort of a scenario that I want to provoke you with a couple of questions on this. Who's responsible here? What are the students' constraints? What should the professor do? Yes, Yusef.",42
386,MPAID,Speaker 9,False,39:51:00,143460,"So when I read this, I think I can empathize with the professor to feel like it is virtually impossible to give detailed feedback to 68 students in such a short period of time. So I do give the professor some grace. But I do think that if the student is really committed to understanding what they did wrong, or like is really motivated and really wants to have, to just understand the areas that they could improve, the professor should really welcome that with reciprocity and take the time to just sit down and maybe write a long email, just detailing, or like provide detailed feedback on that paper. Because not every student is going to reach out and ask for proper feedback. so that it could be a one-on-one discussion. But I don't agree with how this ended, which is that the students could just not go to office hours. I think the professor could have just been understanding and provided detailed feedback. But I don't expect the professor to give detailed feedback to everybody first.","So when I read this, I think I can empathize with the professor to feel like it is virtually impossible to give detailed feedback to 68 students in such a short period of time. So I do give the professor some grace. But I do think that if the student is really committed to understanding what they did wrong, or like is really motivated and really wants to have, to just understand the areas that they could improve, the professor should really welcome that with reciprocity and take the time to just sit down and maybe write a long email, just detailing, or like provide detailed feedback on that paper. Because not every student is going to reach out and ask for proper feedback. so that it could be a one-on-one discussion. But I don't agree with how this ended, which is that the students could just not go to office hours. I think the professor could have just been understanding and provided detailed feedback. But I don't expect the professor to give detailed feedback to everybody first.",178
387,MPAID,Moderator,True,40:57:00,147420,"So it's sort of in response to this, seeing more effort from the professor might be sort of something that you would like to see what ought to happen.","So it's sort of in response to this, seeing more effort from the professor might be sort of something that you would like to see what ought to happen.",29
388,MPAID,Speaker 9,False,41:06:00,147960,Yes.,Yes.,1
389,MPAID,Speaker 7,False,41:07:00,148020,"Okay, yeah, exactly.","Okay, yeah, exactly.",3
390,MPAID,Moderator,True,41:08:00,148080,"Okay, yes.","Okay, yes.",2
391,MPAID,Speaker 7,False,41:09:00,148140,"Yeah, something similar happened to me, but I think what helped in that moment, and I think would be great in this, is teachers who struggle with this should encourage their teaching team more, like rely a little bit more on their expertise and like at the moment of choosing who's going to be in their teaching team, like acknowledging that this is going to be a possible situation for them to handle, and like choose people with the skills to like, like have criteria that it's good enough that a CA can understand and like pass it to the other student because it's physically impossible, as you said, for a teacher to be in each of their students' process. So you have three CAs, one TF in almost every class. So rely on them and like let them build confidence with the students so they can like go to them if you don't have the time to develop.","Yeah, something similar happened to me, but I think what helped in that moment, and I think would be great in this, is teachers who struggle with this should encourage their teaching team more, like rely a little bit more on their expertise and like at the moment of choosing who's going to be in their teaching team, like acknowledging that this is going to be a possible situation for them to handle, and like choose people with the skills to like, like have criteria that it's good enough that a CA can understand and like pass it to the other student because it's physically impossible, as you said, for a teacher to be in each of their students' process. So you have three CAs, one TF in almost every class. So rely on them and like let them build confidence with the students so they can like go to them if you don't have the time to develop.",159
392,MPAID,Moderator,True,42:00:00,151200,"So in some ways, seeing this problem coming and building up the teaching team's capacity to help with that. Thank you. Who else would like to share this? Adia, let's go with you first.","So in some ways, seeing this problem coming and building up the teaching team's capacity to help with that. Thank you. Who else would like to share this? Adia, let's go with you first.",34
393,MPAID,Speaker 4,False,42:18:00,152280,"Okay. So one suggestion for the professor would be to just share a detailed rubric and a model answer. I think that's worked well in the courses that we've had them. And the other thing, I think most of the grading is done by teaching fellows in TAs anyway, at least in the MPAID. I don't think professors are individually grading assignments, so this would be, but as long as they've designed the rubric and as long as they've chosen the teaching team well, then that works. The TAs are usually more flexible with office hours as well and can work with the student to find a way.","Okay. So one suggestion for the professor would be to just share a detailed rubric and a model answer. I think that's worked well in the courses that we've had them. And the other thing, I think most of the grading is done by teaching fellows in TAs anyway, at least in the MPAID. I don't think professors are individually grading assignments, so this would be, but as long as they've designed the rubric and as long as they've chosen the teaching team well, then that works. The TAs are usually more flexible with office hours as well and can work with the student to find a way.",108
394,MPAID,Moderator,True,42:51:00,154260,"Thank you. So, I mean, what should happen here? What should happen here?","Thank you. So, I mean, what should happen here? What should happen here?",13
395,MPAID,Speaker 8,False,42:55:00,154500,"Yeah, so I had some similar things I was going to talk about in the rubric, because we have had both scenarios where, in one case, the professor personally gives a very detailed feedback, which I really admire, but the cost of it is time. Like, you don't get it soon enough. You get that as much time it would take him to create 70 papers, and the inverse of that is just no feedback, but the rubric is quite helpful. It's just underlining, okay, here you got, these are the 10 or 5 metrics, and you got this much for each of them. So that kind of helps.","Yeah, so I had some similar things I was going to talk about in the rubric, because we have had both scenarios where, in one case, the professor personally gives a very detailed feedback, which I really admire, but the cost of it is time. Like, you don't get it soon enough. You get that as much time it would take him to create 70 papers, and the inverse of that is just no feedback, but the rubric is quite helpful. It's just underlining, okay, here you got, these are the 10 or 5 metrics, and you got this much for each of them. So that kind of helps.",109
396,MPAID,Moderator,True,43:27:00,156420,"Having that, yeah.","Having that, yeah.",3
397,MPAID,Speaker 8,False,43:28:00,156480,"And I also think that the office hours were suggested in week 5 or 6. If there were still time until the final assignment, the student could have also tried to get another one in a non-busy week or email the professor with the constraints. I think most professors are very understanding and responsive in these scenarios.","And I also think that the office hours were suggested in week 5 or 6. If there were still time until the final assignment, the student could have also tried to get another one in a non-busy week or email the professor with the constraints. I think most professors are very understanding and responsive in these scenarios.",57
398,MPAID,Moderator,True,43:46:00,157560,That's sort of what you said that added about the effort. Make a little extra effort even if it was via email.,That's sort of what you said that added about the effort. Make a little extra effort even if it was via email.,22
399,MPAID,Speaker 8,False,43:51:00,157860,So I think it can be from both ways.,So I think it can be from both ways.,9
400,MPAID,Moderator,True,43:53:00,157980,From both sides.,From both sides.,3
401,MPAID,Speaker 8,False,43:54:00,158040,Things could have been.,Things could have been.,4
402,MPAID,Moderator,True,43:55:00,158100,Okay. Thank you. Anyone else want to comment on this scenario?,Okay. Thank you. Anyone else want to comment on this scenario?,11
403,MPAID,Speaker 6,False,44:00:00,158400,"Just very quickly, I know. I would be quite angry, actually, if I were getting this type of response. I'm not the type of person, obviously, I'm not the type of person who does this, who go back to the professor, like, I'm not that dedicated of a student, obviously. But if I were to be that motivated and getting this type of answer, I would be not happy. I would be very disappointed. Especially if I, especially going here, which is supposedly much better than my previous any academic training that I've had. I think another thing that is not acceptable is, I think it, sorry, what I said disappointing wasn't necessarily that the professor giving the extra detail over email. What would disappoint me is that it would take about three, four weeks for a student to get an office hour. I think it makes sense. A professor might not have enough time to do all this over email. But a student shouldn't wait three, four weeks for a time to 15 minutes with a professor.","Just very quickly, I know. I would be quite angry, actually, if I were getting this type of response. I'm not the type of person, obviously, I'm not the type of person who does this, who go back to the professor, like, I'm not that dedicated of a student, obviously. But if I were to be that motivated and getting this type of answer, I would be not happy. I would be very disappointed. Especially if I, especially going here, which is supposedly much better than my previous any academic training that I've had. I think another thing that is not acceptable is, I think it, sorry, what I said disappointing wasn't necessarily that the professor giving the extra detail over email. What would disappoint me is that it would take about three, four weeks for a student to get an office hour. I think it makes sense. A professor might not have enough time to do all this over email. But a student shouldn't wait three, four weeks for a time to 15 minutes with a professor.",178
404,MPAID,Moderator,True,45:07:00,162420,#NAME?,,0
405,MPAID,Speaker 6,False,45:08:00,162480,"- The delay was, I think it's unacceptable. I think I agree with a lot of what has been said that I think this could be done by empowering the TFs more and CAs more. And I think TF is right. I think for the most part I get a lot of feedback from the TFs and the CAs and that has been useful for me.","- The delay was, I think it's unacceptable. I think I agree with a lot of what has been said that I think this could be done by empowering the TFs more and CAs more. And I think TF is right. I think for the most part I get a lot of feedback from the TFs and the CAs and that has been useful for me.",66
406,MPAID,Moderator,True,45:27:00,163620,I just have one little comment on the office hour.,I just have one little comment on the office hour.,10
407,MPAID,Speaker 10,False,45:29:00,163740,"So I think the office hour for the professor in general, they are open for everyone. even the student who doesn't take the professor's class can still apply for office hour. So I think he can probably differentiate the office hour for those who attend his class and those who doesn't attend his class. Then the people who attend his class could meet him maybe sooner.","So I think the office hour for the professor in general, they are open for everyone. even the student who doesn't take the professor's class can still apply for office hour. So I think he can probably differentiate the office hour for those who attend his class and those who doesn't attend his class. Then the people who attend his class could meet him maybe sooner.",66
408,MPAID,Moderator,True,45:52:00,165120,"So it's going to contribute to the scarcity of it for the students in the class if it's an open sign up. Okay, great. That's okay. Did you want to share anything about this scenario?","So it's going to contribute to the scarcity of it for the students in the class if it's an open sign up. Okay, great. That's okay. Did you want to share anything about this scenario?",35
409,MPAID,Speaker 2,False,46:13:00,166380,"I mean I have examples here and there of feedback that has not been given timely. Even for our last final from one of our classes, I don't want to say which one. I think we were waiting for that even until like January 10 probably or something. Like we didn't know if we passed or failed the course. Yeah, yeah, yeah. That's hard. It was more--","I mean I have examples here and there of feedback that has not been given timely. Even for our last final from one of our classes, I don't want to say which one. I think we were waiting for that even until like January 10 probably or something. Like we didn't know if we passed or failed the course. Yeah, yeah, yeah. That's hard. It was more--",67
410,MPAID,Speaker 4,False,46:47:00,168420,"None of the components were created. So not just the final exam, but like throughout the semester.","None of the components were created. So not just the final exam, but like throughout the semester.",17
411,MPAID,Speaker 2,False,46:53:00,168780,"I mean, it's a course where like personal opinion also matters. so it's very difficult to guess how the professor is also grading and what's the program for that. But yeah, I have tons of examples. Yeah. I want to bore you with. Okay. Yeah. Alright. Did anyone have any comment on","I mean, it's a course where like personal opinion also matters. so it's very difficult to guess how the professor is also grading and what's the program for that. But yeah, I have tons of examples. Yeah. I want to bore you with. Okay. Yeah. Alright. Did anyone have any comment on",52
412,MPAID,Moderator,True,47:16:00,170160,"this last one? And we're going to move quickly to the next scenario on the pink sheet. Talk about that, but what we want to make sure we have time for is to really elicit the ideas for change that you have. So I should probably, like, let's have you read this scenario and then everyone be able to contribute. Thank you. Thank you. I'll stick around and take them and pass them around. Thanks. Thank you.","this last one? And we're going to move quickly to the next scenario on the pink sheet. Talk about that, but what we want to make sure we have time for is to really elicit the ideas for change that you have. So I should probably, like, let's have you read this scenario and then everyone be able to contribute. Thank you. Thank you. I'll stick around and take them and pass them around. Thanks. Thank you.",77
413,MPAID,Speaker 1,False,47:45:00,171900,So take a minute.,So take a minute.,4
414,MPAID,Moderator,True,47:53:00,172380,"And I think on this, we're going to skip the writing part of the exercise and go just to the table discussion of it. Huh. Okay, so I want to now just get a show of hands how much this does or doesn't resonate with this happening to you in a course that you've taken here at the [NAME]. So let's see a show of hands where this resonates because you've been in or near a situation like this in a team project. Who has? One, two, three, four, five, six, all the two? Okay, so now what I want to hear is sort of a, what should the professor do? And we'll get one sort of shot, each person say, I want the professor to do this. Your action for the professor could be an action they should have taken, or an action they take right now in response. So give a few seconds to think about that, and then we'll start right down the middle, We'll start with you when you're ready. So what should the professor do?","And I think on this, we're going to skip the writing part of the exercise and go just to the table discussion of it. Huh. Okay, so I want to now just get a show of hands how much this does or doesn't resonate with this happening to you in a course that you've taken here at the . So let's see a show of hands where this resonates because you've been in or near a situation like this in a team project. Who has? One, two, three, four, five, six, all the two? Okay, so now what I want to hear is sort of a, what should the professor do? And we'll get one sort of shot, each person say, I want the professor to do this. Your action for the professor could be an action they should have taken, or an action they take right now in response. So give a few seconds to think about that, and then we'll start right down the middle, We'll start with you when you're ready. So what should the professor do?",180
415,MPAID,Speaker 6,False,49:46:00,179160,"Sorry, just a clarifying question. What do you mean, like, what the professors do in terms of the grade or in terms of... Because I think the end action here is everyone giving peer evaluation score to everyone, right?","Sorry, just a clarifying question. What do you mean, like, what the professors do in terms of the grade or in terms of... Because I think the end action here is everyone giving peer evaluation score to everyone, right?",39
416,MPAID,Moderator,True,50:01:00,180060,So the peers will give a peer evaluation score. The professor will receive these. Okay. What should the professor do?,So the peers will give a peer evaluation score. The professor will receive these. Okay. What should the professor do?,20
417,MPAID,Speaker 10,False,50:10:00,180600,"Okay. So is that about how he would ask the student to write an evaluation, or is that mostly about how he would respond to the evaluation?","Okay. So is that about how he would ask the student to write an evaluation, or is that mostly about how he would respond to the evaluation?",27
418,MPAID,Moderator,True,50:23:00,181380,"Yes, if you could, like, wave a wand and say, I want the professor to take these actions. So think pretty broadly here.","Yes, if you could, like, wave a wand and say, I want the professor to take these actions. So think pretty broadly here.",23
419,MPAID,Speaker 10,False,50:33:00,181980,"The reason why I was asking was because I think in most of the group works, the professor never asked us to make any of these peer evaluations, So that's one question that I had. Oh, interesting.","The reason why I was asking was because I think in most of the group works, the professor never asked us to make any of these peer evaluations, So that's one question that I had. Oh, interesting.",37
420,MPAID,Moderator,True,50:44:00,182640,"Interesting. So you've been in group projects, but so who has had a component of peer evaluation in group projects? Not here, but I've had, but not here. No, but not here. So it's sort of in some ways, it's unfamiliar to you here. So it's sort of hard to reflect on that. Yeah. So let's remove the peer evaluation idea from the scenario and say a group has done a project. There's been this potentially uneven participation.","Interesting. So you've been in group projects, but so who has had a component of peer evaluation in group projects? Not here, but I've had, but not here. No, but not here. So it's sort of in some ways, it's unfamiliar to you here. So it's sort of hard to reflect on that. Yeah. So let's remove the peer evaluation idea from the scenario and say a group has done a project. There's been this potentially uneven participation.",78
421,MPAID,Speaker 10,False,51:20:00,184800,"So if I were the professor, I would probably ask the student to submit not just the final product, but also I'll ask every individuals in the same project to write the role taken by the member and how other members contributed to this project. Then the professor could make a comparison among these team members on how they actually did contribute to this project.","So if I were the professor, I would probably ask the student to submit not just the final product, but also I'll ask every individuals in the same project to write the role taken by the member and how other members contributed to this project. Then the professor could make a comparison among these team members on how they actually did contribute to this project.",65
422,MPAID,Moderator,True,51:47:00,186420,"Okay, so draw out from the students how the group contribution is going. Yes?","Okay, so draw out from the students how the group contribution is going. Yes?",14
423,MPAID,Speaker 9,False,51:54:00,186840,"I also feel like in [NAME] and here, we're treated as adults and we're given a lot of autonomy to decide for ourselves. And in most projects, I've never been imposed a group. We get to choose our groups. And essentially, it's like a bet you make on another person, so you have to either trust them or if things don't work out the way you want, well, these situations happen in life all the time. So I think it's more of like we have the freedom to pick our groups and to work with whomever we want to work. So I don't think the professor has any responsibility here.","I also feel like in and here, we're treated as adults and we're given a lot of autonomy to decide for ourselves. And in most projects, I've never been imposed a group. We get to choose our groups. And essentially, it's like a bet you make on another person, so you have to either trust them or if things don't work out the way you want, well, these situations happen in life all the time. So I think it's more of like we have the freedom to pick our groups and to work with whomever we want to work. So I don't think the professor has any responsibility here.",109
424,MPAID,Moderator,True,52:30:00,189000,"Yeah, this is very interesting because I would say that this pink scenario is missing some things because if you self-select into a group, this isn't as relevant. If you don't do peer evaluations, this isn't as relevant. So is there anything about this that you have experienced? Is there anything about a team working together that you think should be treated differently in the experiences that you've had? Put aside the scenario, for one. Just put it aside. You don't have to reflect exactly on the scenario. But say, in the group projects, they've been successful, and they've been successful because you think of these factors. or they've been unsuccessful because you think they should be different.","Yeah, this is very interesting because I would say that this pink scenario is missing some things because if you self-select into a group, this isn't as relevant. If you don't do peer evaluations, this isn't as relevant. So is there anything about this that you have experienced? Is there anything about a team working together that you think should be treated differently in the experiences that you've had? Put aside the scenario, for one. Just put it aside. You don't have to reflect exactly on the scenario. But say, in the group projects, they've been successful, and they've been successful because you think of these factors. or they've been unsuccessful because you think they should be different.",118
425,MPAID,Speaker 2,False,53:17:00,191820,"I agree with [NAME]. No, please. I agree with [NAME] because it's not the responsibility of the professor. We are, if you're feeling particularly bad in a situation with a group, you should report it. But this is part of learning how to work with teams and learn that this will happen in reality, that not everyone will show up for the meeting, that everyone will not necessarily have the same level of commitment, but you either like focus on the goal and like the outcome to get it done, or you change teams, or like you do something, but I think it relies a lot in your responsibility. In life, there will always be free riders, and for me, it's the responsibility of the person that is in the team to be able to do something about it. Okay, thank you.","I agree with . No, please. I agree with because it's not the responsibility of the professor. We are, if you're feeling particularly bad in a situation with a group, you should report it. But this is part of learning how to work with teams and learn that this will happen in reality, that not everyone will show up for the meeting, that everyone will not necessarily have the same level of commitment, but you either like focus on the goal and like the outcome to get it done, or you change teams, or like you do something, but I think it relies a lot in your responsibility. In life, there will always be free riders, and for me, it's the responsibility of the person that is in the team to be able to do something about it. Okay, thank you.",141
426,MPAID,Moderator,True,54:21:00,195660,Would anyone else like to speak? Yes.,Would anyone else like to speak? Yes.,7
427,MPAID,Speaker 8,False,54:23:00,195780,"Yes, so I completely agree with [NAME] and [NAME] and what they said. That was going to be my point as well, that I do think that it's the group's responsibility, and also I see in this situation, let's say some family situation, so there could be things that happen and you have to be empathetic with your group as well. There could be scenarios which arise. From what can the professor do? I think in some of the group projects of what we have had, what has been helpful is having like, if it's a big project like that we have to submit maybe end of the semester or end of something, it's good to have checkpoints. So you know that the team needs to work, not just the whole thing, and someone is working for the weekend and someone shows up at the end. But if you have these regular checkpoints, complete draft one, draft two, and so on, then that kind of helps in getting the group together and working through these checkpoints. So I think that can be a driving factor to just be on time and coordinated with your group.","Yes, so I completely agree with and and what they said. That was going to be my point as well, that I do think that it's the group's responsibility, and also I see in this situation, let's say some family situation, so there could be things that happen and you have to be empathetic with your group as well. There could be scenarios which arise. From what can the professor do? I think in some of the group projects of what we have had, what has been helpful is having like, if it's a big project like that we have to submit maybe end of the semester or end of something, it's good to have checkpoints. So you know that the team needs to work, not just the whole thing, and someone is working for the weekend and someone shows up at the end. But if you have these regular checkpoints, complete draft one, draft two, and so on, then that kind of helps in getting the group together and working through these checkpoints. So I think that can be a driving factor to just be on time and coordinated with your group.",193
428,MPAID,Moderator,True,55:22:00,199320,"Okay. Thank you. We are going to move on so we make sure we have time to collect ideas for change here. And so now what I would like you to help think about, and we're going to record, and then we're going to do some quick intensity voting on it. Beyond the scenarios, we want to open the floor to your ideas. And if the school leaders could change one thing about HKS, your classroom culture, or professionalism, or rigor, you can choose to address any one of the things, but just one thing. What would you want to tell the school leaders that you want the school leaders to change? We do know it's hard to pick only one, but what we're going to do is you're going to name that thing. Lori's going to write that thing on the board, and then we're going to ask you to look at across the eight of our, the eight hour, your ideas, and then surface sort of the collective intensity about it. So think for a moment about what is the one thing that you would want to share upward to the dean's school leadership to change.","Okay. Thank you. We are going to move on so we make sure we have time to collect ideas for change here. And so now what I would like you to help think about, and we're going to record, and then we're going to do some quick intensity voting on it. Beyond the scenarios, we want to open the floor to your ideas. And if the school leaders could change one thing about HKS, your classroom culture, or professionalism, or rigor, you can choose to address any one of the things, but just one thing. What would you want to tell the school leaders that you want the school leaders to change? We do know it's hard to pick only one, but what we're going to do is you're going to name that thing. Lori's going to write that thing on the board, and then we're going to ask you to look at across the eight of our, the eight hour, your ideas, and then surface sort of the collective intensity about it. So think for a moment about what is the one thing that you would want to share upward to the dean's school leadership to change.",198
429,MPAID,Speaker 6,False,56:32:00,203520,"Sorry, and we each only get like two votes? Is that the idea?","Sorry, and we each only get like two votes? Is that the idea?",13
430,MPAID,Moderator,True,56:38:00,203880,You're just going to name one thing. We're going to collect them on the board.,You're just going to name one thing. We're going to collect them on the board.,15
431,MPAID,Speaker 6,False,56:41:00,204060,All right.,All right.,2
432,MPAID,Moderator,True,56:41:00,204060,Then we're going to have voting on them. Yes.,Then we're going to have voting on them. Yes.,9
433,MPAID,Speaker 6,False,56:45:00,204300,Okay.,Okay.,1
434,MPAID,Moderator,True,56:46:00,204360,Yes.,Yes.,1
435,MPAID,Speaker 6,False,56:46:00,204360,And we each only get two votes?,And we each only get two votes?,7
436,MPAID,Moderator,True,56:47:00,204420,Yes. Yes. Okay.,Yes. Yes. Okay.,3
437,MPAID,Speaker 6,False,56:49:00,204540,Yeah.,Yeah.,1
438,MPAID,Moderator,True,56:52:00,204720,"So who would like to start, Fania, or would you like to think some more?","So who would like to start, Fania, or would you like to think some more?",15
439,MPAID,Speaker 5,False,56:58:00,205080,"Actually, I already have something in mind. So I feel that the MPAID program, it's too focused on RCT-ish study cases, especially in DEF 101 and DEF 102, the class. I came from an international relations background, although I studied economics in undergrad, but I have international relations background professionally, and I don't see a lot of cases related to those like foreign relations, international affairs. And it's like a lot of cases also being discussed is all about our city and poverty, growth, something like that. And I find myself really hard to jump into the conversation in class because I don't really professional experience on that.","Actually, I already have something in mind. So I feel that the MPAID program, it's too focused on RCT-ish study cases, especially in DEF 101 and DEF 102, the class. I came from an international relations background, although I studied economics in undergrad, but I have international relations background professionally, and I don't see a lot of cases related to those like foreign relations, international affairs. And it's like a lot of cases also being discussed is all about our city and poverty, growth, something like that. And I find myself really hard to jump into the conversation in class because I don't really professional experience on that.",108
440,MPAID,Moderator,True,57:49:00,208140,So you want to de-emphasize RCTs in the MPAID,So you want to de-emphasize RCTs in the MPAID,9
441,MPAID,Speaker 5,False,57:52:00,208320,"curriculum. Yeah, so don't emphasize it too much.","curriculum. Yeah, so don't emphasize it too much.",8
442,MPAID,Moderator,True,57:57:00,208620,"Alright, that's good. We're going to take one idea from you, Samya.","Alright, that's good. We're going to take one idea from you, Samya.",12
443,MPAID,Speaker 8,False,58:01:00,208860,"What I mentioned before, I really strongly feel about the debating culture in HKS as a whole, because I came here thinking that I came from an MBA that there was a lot of discussion and everything. I came to We're actually thinking that, hey, we are working in development. We are people from so many different countries. We have such different ideas. There could be a lot of good discussions. It doesn't have to be like, what do you say? It doesn't have to be malicious or anything. It's just like healthy discussion, healthy debates on so many topics in like current affairs or even development related like things. I think I attended this one session which just said that the heading was, does inequality matter? And that's such a good topic to just, even if you want a class to discuss about that, it doesn't always have to be, like, controversial. It need not be. It can just be, like, a lot of discussion, debating, just an open forum for people to come out and bring forth their ideas, think about things, discuss, listen to others. I think I would love that in a chance. Very good.","What I mentioned before, I really strongly feel about the debating culture in HKS as a whole, because I came here thinking that I came from an MBA that there was a lot of discussion and everything. I came to We're actually thinking that, hey, we are working in development. We are people from so many different countries. We have such different ideas. There could be a lot of good discussions. It doesn't have to be like, what do you say? It doesn't have to be malicious or anything. It's just like healthy discussion, healthy debates on so many topics in like current affairs or even development related like things. I think I attended this one session which just said that the heading was, does inequality matter? And that's such a good topic to just, even if you want a class to discuss about that, it doesn't always have to be, like, controversial. It need not be. It can just be, like, a lot of discussion, debating, just an open forum for people to come out and bring forth their ideas, think about things, discuss, listen to others. I think I would love that in a chance. Very good.",199
444,MPAID,Moderator,True,59:01:00,212460,One.,One.,1
445,MPAID,Speaker 8,False,59:02:00,212520,Yes.,Yes.,1
446,MPAID,Speaker 7,False,59:03:00,212580,"I would like the school to maybe rethink the way it approaches AI and how AI is approached in each class. I know there have been some efforts to get us to think about it and how it worked. And I know that it's each teacher's own authority to give the rules of their own class. But I think there's a thing that is happening. All of us, even though most of us are using it. It would be good that the school acknowledges that and maybe helps us to navigate these new times which AI is everywhere and we are going to face it at our jobs and everything. So I think maybe it's a great thing to approach to it.","I would like the school to maybe rethink the way it approaches AI and how AI is approached in each class. I know there have been some efforts to get us to think about it and how it worked. And I know that it's each teacher's own authority to give the rules of their own class. But I think there's a thing that is happening. All of us, even though most of us are using it. It would be good that the school acknowledges that and maybe helps us to navigate these new times which AI is everywhere and we are going to face it at our jobs and everything. So I think maybe it's a great thing to approach to it.",122
447,MPAID,Moderator,True,59:39:00,214740,Could I? Would it be accurate if we summarize this as coherent and realistic approach to AI for HKS? Sort of the realism of you're using it. It's the fabric of your everyday life. And the coherence of not just the one course at a time. Is that fair to sort of characterize it?,Could I? Would it be accurate if we summarize this as coherent and realistic approach to AI for HKS? Sort of the realism of you're using it. It's the fabric of your everyday life. And the coherence of not just the one course at a time. Is that fair to sort of characterize it?,54
448,MPAID,Speaker 7,False,59:59:00,215940,"What's missing from that? Maybe, I don't know if there should be one world policy about how every class should approach AI, because we have theory classes, we have hands-on classes, so each class has different uses for AI. But I think it's worth thinking about how can it help us learn, rather than how can we forbid students to use it. Yeah.","What's missing from that? Maybe, I don't know if there should be one world policy about how every class should approach AI, because we have theory classes, we have hands-on classes, so each class has different uses for AI. But I think it's worth thinking about how can it help us learn, rather than how can we forbid students to use it. Yeah.",63
449,MPAID,Moderator,True,1:00:21,3621,Okay. So like an improvement in the AI approach.,Okay. So like an improvement in the AI approach.,9
450,MPAID,Speaker 2,False,1:00:25,3625,Can I follow up with [NAME]? Yes. Yes. So what proportion do you think it is about the debates that the class is not structured that way or there's a self-election of students that are not...,Can I follow up with ? Yes. Yes. So what proportion do you think it is about the debates that the class is not structured that way or there's a self-election of students that are not...,36
451,MPAID,Moderator,True,1:00:38,3638,"Actually, rather than elaborating, asking [NAME] to elaborate, would you like to add an idea in that's custom to what you would like to see? Like, would you like to enhance the list of things and say, what is the thing you would like the school to change? Because it may relate to what [NAME] has said, that you may have a specific focus to contribute.","Actually, rather than elaborating, asking to elaborate, would you like to add an idea in that's custom to what you would like to see? Like, would you like to enhance the list of things and say, what is the thing you would like the school to change? Because it may relate to what has said, that you may have a specific focus to contribute.",64
452,MPAID,Speaker 2,False,1:01:01,3661,"- I agree that there is not enough debate, but as I'm saying, sometimes it's because there's self-selection, not necessarily because the class doesn't allow for it.","- I agree that there is not enough debate, but as I'm saying, sometimes it's because there's self-selection, not necessarily because the class doesn't allow for it.",27
453,MPAID,Speaker 10,False,1:01:14,3674,"- And also, I'd like to--","- And also, I'd like to--",6
454,MPAID,Moderator,True,1:01:16,3676,"- So is that, I wanna tease this out, like finding ways to draw more voices into the discussions?","- So is that, I wanna tease this out, like finding ways to draw more voices into the discussions?",19
455,MPAID,Speaker 2,False,1:01:27,3687,"not necessarily. People don't want to talk. Like, even when there's opportunity to talk, we have philosophy class where we could debate about moral issues, justice, things like that. People didn't talk. So, like, I'm not sure how much of a problem is that some classes are not structured that way, and that the students are simply not doing it because they don't want to. Okay.","not necessarily. People don't want to talk. Like, even when there's opportunity to talk, we have philosophy class where we could debate about moral issues, justice, things like that. People didn't talk. So, like, I'm not sure how much of a problem is that some classes are not structured that way, and that the students are simply not doing it because they don't want to. Okay.",66
456,MPAID,Speaker 8,False,1:01:52,3712,"Just to say something, I mean, Because I've not been in any electives yet as a first year student.","Just to say something, I mean, Because I've not been in any electives yet as a first year student.",19
457,MPAID,Speaker 2,False,1:01:58,3718,"These are purely lectures, the first year courses. Yeah, micro-ponomics. Micro-ponomics is not, you know.","These are purely lectures, the first year courses. Yeah, micro-ponomics. Micro-ponomics is not, you know.",15
458,MPAID,Speaker 8,False,1:02:04,3724,"Yeah, so I mean, when I'm in those classes, I understand more whether the self-selection aspect is also true that people don't want to speak. But I was also referring to more, like, broader HKS. Like, how these, like, forums or opportunities in class and also outside of the class.","Yeah, so I mean, when I'm in those classes, I understand more whether the self-selection aspect is also true that people don't want to speak. But I was also referring to more, like, broader HKS. Like, how these, like, forums or opportunities in class and also outside of the class.",50
459,MPAID,Moderator,True,1:02:18,3738,"Okay, fair enough. I would like both of them. Okay, thank you. Youssef, and then we'll go at you for your idea.","Okay, fair enough. I would like both of them. Okay, thank you. Youssef, and then we'll go at you for your idea.",22
460,MPAID,Speaker 9,False,1:02:26,3746,"Maybe make sure in instances where the exams were, there's a huge gap between the difficulty level of the exam and what we were taught in class. You take a final exam and you walk out as if you didn't understand anything in that class when in reality you did learn a lot, but the difficulty level was just so absurdly unrelated to the class. And I think that's not okay.","Maybe make sure in instances where the exams were, there's a huge gap between the difficulty level of the exam and what we were taught in class. You take a final exam and you walk out as if you didn't understand anything in that class when in reality you did learn a lot, but the difficulty level was just so absurdly unrelated to the class. And I think that's not okay.",71
461,MPAID,Moderator,True,1:02:54,3774,That's a really important idea to bring out and push up. Yes?,That's a really important idea to bring out and push up. Yes?,12
462,MPAID,Speaker 10,False,1:03:00,3780,"I think there should be a clear connection between the career opportunity and the courses that we take. I think although we take the same program, people have different ideas about our career after graduation, but we don't have really that much information about how these courses relate to the skills that we actually need for the career that we want to pursue.","I think there should be a clear connection between the career opportunity and the courses that we take. I think although we take the same program, people have different ideas about our career after graduation, but we don't have really that much information about how these courses relate to the skills that we actually need for the career that we want to pursue.",63
463,MPAID,Moderator,True,1:03:20,3800,Okay. career connections to the courses really drawn out and made more evident.,Okay. career connections to the courses really drawn out and made more evident.,13
464,MPAID,Speaker 10,False,1:03:27,3807,"For instance, for people like me, I don't really need to know anything about RCTs.","For instance, for people like me, I don't really need to know anything about RCTs.",15
465,MPAID,Speaker 4,False,1:03:32,3812,"Okay. Adiyah. Yes, because like international development and development economics overall are in a very pivotal moment right now where they're changing, so I think it would be really helpful if the MPAID curriculum could actually question some of the frameworks and assumptions that we've taught because the field is going to change massively. So instead of just a sort of a content delivery as we've had, the frameworks and assumptions could be questioned. Question of frameworks and assumptions. Yeah.","Okay. Adiyah. Yes, because like international development and development economics overall are in a very pivotal moment right now where they're changing, so I think it would be really helpful if the MPAID curriculum could actually question some of the frameworks and assumptions that we've taught because the field is going to change massively. So instead of just a sort of a content delivery as we've had, the frameworks and assumptions could be questioned. Question of frameworks and assumptions. Yeah.",80
466,MPAID,Moderator,True,1:04:01,3841,OK. Who has not contributed yet?,OK. Who has not contributed yet?,6
467,MPAID,Speaker 6,False,1:04:05,3845,Mason. Mason. Malory.,Mason. Mason. Malory.,3
468,MPAID,Speaker 2,False,1:04:07,3847,A communication. You said two-way street. And there's not enough of that.,A communication. You said two-way street. And there's not enough of that.,12
469,MPAID,Moderator,True,1:04:14,3854,OK. Can you give us a second line for that?,OK. Can you give us a second line for that?,10
470,MPAID,Speaker 2,False,1:04:19,3859,"Communication from... You're saying, like, what would we say to the administration? And I have said this clearly before. I'm in the student government as well. Like, when we had, like, our visa issues, Harvard ban from the [NAME] from the U.S., there was not clear communication from HKS to us, particularly. and I understand there was a lot of uncertainty, and I understand all of that. Like better, improved communication.","Communication from... You're saying, like, what would we say to the administration? And I have said this clearly before. I'm in the student government as well. Like, when we had, like, our visa issues, Harvard ban from the from the U.S., there was not clear communication from HKS to us, particularly. and I understand there was a lot of uncertainty, and I understand all of that. Like better, improved communication.",70
471,MPAID,Moderator,True,1:04:54,3894,"Yeah. More, better.","Yeah. More, better.",3
472,MPAID,Speaker 2,False,1:04:55,3895,"Not only communicating one way, but also listening.","Not only communicating one way, but also listening.",8
473,MPAID,Moderator,True,1:04:58,3898,Okay.,Okay.,1
474,MPAID,Speaker 2,False,1:04:59,3899,All right.,All right.,2
475,MPAID,Moderator,True,1:05:01,3901,Hopefully we're helping here today a little bit.,Hopefully we're helping here today a little bit.,8
476,MPAID,Speaker 2,False,1:05:03,3903,"The first time that we're doing this, yeah. Okay, wonderful.","The first time that we're doing this, yeah. Okay, wonderful.",10
477,MPAID,Speaker 6,False,1:05:09,3909,"I would say, I'm trying to find the correct words that doesn't really look so bad on me. I think what I first got in mind is like, it's really, it's too academically minded. Like, it's too research-based. Or it's a very, sometimes I feel so sad because I want to read all of these things that the professor has in the syllabus, but I just don't have enough time. And I felt like it's such a waste. Like, I would have loved to be able to sit down and read it well and then you know participate in discussion in class and being able to have you know thought about it and i think this is something that i get to do in undergrad and i wish and i hope coming here i hope i can do that even more here but i didn't get so i think i think that comes in the end it comes maybe to the workload that that maybe maybe that that really is the root cause or or or maybe maybe just more better incentive to be prepared for the class including readings but in the end of the day I felt I felt I felt like I'm wasting a lot of the things that I could have been learning by not reading a lot and that's yeah but you're not reading as much as I suppose to","I would say, I'm trying to find the correct words that doesn't really look so bad on me. I think what I first got in mind is like, it's really, it's too academically minded. Like, it's too research-based. Or it's a very, sometimes I feel so sad because I want to read all of these things that the professor has in the syllabus, but I just don't have enough time. And I felt like it's such a waste. Like, I would have loved to be able to sit down and read it well and then you know participate in discussion in class and being able to have you know thought about it and i think this is something that i get to do in undergrad and i wish and i hope coming here i hope i can do that even more here but i didn't get so i think i think that comes in the end it comes maybe to the workload that that maybe maybe that that really is the root cause or or or maybe maybe just more better incentive to be prepared for the class including readings but in the end of the day I felt I felt I felt like I'm wasting a lot of the things that I could have been learning by not reading a lot and that's yeah but you're not reading as much as I suppose to",235
478,MPAID,Moderator,True,1:06:29,3989,and Laura's captured that but like the workload is swamping to the effect that it's overwhelming and affecting the learning yeah,and Laura's captured that but like the workload is swamping to the effect that it's overwhelming and affecting the learning yeah,21
479,MPAID,Speaker 6,False,1:06:40,4000,we wouldn't agree,we wouldn't agree,3
480,MPAID,Moderator,True,1:06:42,4002,"with that statement guess what we're going to do two things at once now before we end okay one thing you're going to do is you're going to get to vote let me show you like you have two check marks on here and underneath that you have a hiding one x mark The X mark is to sort of say, no, you're going to actually say, let's decrease the intensity of this idea. You don't have to use that X mark. But I would like to use each check mark. You can put two on one thing if it's most important to you. You can separate them and put them. Then the other thing is after you've done that, just please come back and on the white card, what is something that we should have asked you that we didn't ask you? What is something that was left unasked that you really think needs to be brought forward?","with that statement guess what we're going to do two things at once now before we end okay one thing you're going to do is you're going to get to vote let me show you like you have two check marks on here and underneath that you have a hiding one x mark The X mark is to sort of say, no, you're going to actually say, let's decrease the intensity of this idea. You don't have to use that X mark. But I would like to use each check mark. You can put two on one thing if it's most important to you. You can separate them and put them. Then the other thing is after you've done that, just please come back and on the white card, what is something that we should have asked you that we didn't ask you? What is something that was left unasked that you really think needs to be brought forward?",159
481,MPAID,Speaker 8,False,1:07:29,4049,Can you vote for our own thing or for others?,Can you vote for our own thing or for others?,10
482,MPAID,Moderator,True,1:07:32,4052,Yes. What? Sorry? You can vote for anything you want up there. As long as it's an eight things and you're right. Okay.,Yes. What? Sorry? You can vote for anything you want up there. As long as it's an eight things and you're right. Okay.,23
483,MPAID,Speaker 1,False,1:07:57,4077,"Difficult decision. Oh, God.","Difficult decision. Oh, God.",4
484,MPAID,Speaker 4,False,1:08:31,4111,Thank you.,Thank you.,2
485,MPAID,Moderator,True,1:08:53,4133,"Okay. Terrific. It's 5.30, and I know that there's something that we didn't ask that was on your mind, perhaps, or you didn't get to say. So please do put those on the index cards. And ideally, it would be kind of a school-wide thing, but if it's MPAID, that's okay, too. You know, we will be collating and doing analysis and sharing without attribution.","Okay. Terrific. It's 5.30, and I know that there's something that we didn't ask that was on your mind, perhaps, or you didn't get to say. So please do put those on the index cards. And ideally, it would be kind of a school-wide thing, but if it's MPAID, that's okay, too. You know, we will be collating and doing analysis and sharing without attribution.",65
486,MPAID,Speaker 10,False,1:09:21,4161,"Should we write questions, or should we write our comments? Should's question? Okay.","Should we write questions, or should we write our comments? Should's question? Okay.",13
487,MPAID,Moderator,True,1:09:27,4167,"But you can do both. You can say, I wish you'd asked this because I would have said this.","But you can do both. You can say, I wish you'd asked this because I would have said this.",19
488,MPAID,Speaker 10,False,1:09:31,4171,Yeah.,Yeah.,1
489,MPAID,Moderator,True,1:09:37,4177,Perfect. Thank you. Thank you. Thank you very much. Thank you so much. Thank you so much for your generosity of comments and your candor for being here. And I'll see you in the cafe. Don't spend it all at one time. Maybe a whole meal.,Perfect. Thank you. Thank you. Thank you very much. Thank you so much. Thank you so much for your generosity of comments and your candor for being here. And I'll see you in the cafe. Don't spend it all at one time. Maybe a whole meal.,46
490,MPAID,Speaker 5,False,1:09:54,4194,"So we can spend it like a couple of times. Oh gosh, I don't know how to handle it.","So we can spend it like a couple of times. Oh gosh, I don't know how to handle it.",19
491,MPAID,Speaker 1,False,1:10:00,4200,I should have.,I should have.,3
492,MPAID,Speaker 7,False,1:10:01,4201,Yes. You can always use it. Thank you for promoting space. It's very helpful.,Yes. You can always use it. Thank you for promoting space. It's very helpful.,14
493,MPAID,Moderator,True,1:10:08,4208,"No, thank you. Thank you very much. I think it's a really important piece of what the school leadership should hear.","No, thank you. Thank you very much. I think it's a really important piece of what the school leadership should hear.",21
494,MPAID,Speaker 1,False,1:10:17,4217,Thank you so much.,Thank you so much.,4
495,MIXED,Moderator,True,11:10,670,"And we'll get started because we have everyone here that we have invited. Thank you so much for coming. Thank you so much for coming today, especially before like semester gets too crazy, too busy. and really appreciate the response to the ask. I'm [NAME], and this is [NAME]. We are from the academic dean's office at the [NAME] [NAME], and we're conducting this focus group on the ask of [NAME] [NAME]. We are conducting a series of focus groups, and you all are gathered because you're joint or concurrent degree students. So I think you have very special perspectives. So we're going to record the audio of the session to support analysis, and your inputs will be anonymized in reporting. Nobody's name will be used, and no attributions will be made about who said what. Lori's also taking some written notes, and [NAME]'s going to also help by sort of doing some whiteboard things when we do some activities that require us to have a little bit of whiteboard work. So the goal today is to hear honest perspectives. This is the chance to be giving your inputs on a process the deans are doing for vision and strategy for the [NAME] [NAME]. This is a special event. It's not something done every year. So we're sort of collecting this input. So a few ground rules. You're expected to stay for the full hour. We're going to try to be very efficient. We're going to get through it all. We won't go late. There are no wrong answers. We want to hear your real reaction. Speak from your own experience when you can. It's okay to disagree. And that could be very productive in something like this. Let each other finish before jumping in. I won't have to tell this group that. And what's said here should stay here. We ask that you don't share it elsewhere, particularly because we want it to be a very safe place for comments. And any questions before we start?","And we'll get started because we have everyone here that we have invited. Thank you so much for coming. Thank you so much for coming today, especially before like semester gets too crazy, too busy. and really appreciate the response to the ask. I'm , and this is . We are from the academic dean's office at the , and we're conducting this focus group on the ask of . We are conducting a series of focus groups, and you all are gathered because you're joint or concurrent degree students. So I think you have very special perspectives. So we're going to record the audio of the session to support analysis, and your inputs will be anonymized in reporting. Nobody's name will be used, and no attributions will be made about who said what. Lori's also taking some written notes, and 's going to also help by sort of doing some whiteboard things when we do some activities that require us to have a little bit of whiteboard work. So the goal today is to hear honest perspectives. This is the chance to be giving your inputs on a process the deans are doing for vision and strategy for the . This is a special event. It's not something done every year. So we're sort of collecting this input. So a few ground rules. You're expected to stay for the full hour. We're going to try to be very efficient. We're going to get through it all. We won't go late. There are no wrong answers. We want to hear your real reaction. Speak from your own experience when you can. It's okay to disagree. And that could be very productive in something like this. Let each other finish before jumping in. I won't have to tell this group that. And what's said here should stay here. We ask that you don't share it elsewhere, particularly because we want it to be a very safe place for comments. And any questions before we start?",334
496,MIXED,Speaker 4,False,13:00,780,"Is there any, like, do we know the purpose of this?","Is there any, like, do we know the purpose of this?",11
497,MIXED,Moderator,True,13:04,784,"So there's an initiative underway. It's called a vision and strategy initiative that [NAME] [NAME] is leading with a number of task forces. And so one of the task forces is an education task force. And they're like, OK, well, we have done some analysis. We've done some looking, but we haven't gotten enough student input. And that's sort of the purpose. Is that? No. OK.","So there's an initiative underway. It's called a vision and strategy initiative that is leading with a number of task forces. And so one of the task forces is an education task force. And they're like, OK, well, we have done some analysis. We've done some looking, but we haven't gotten enough student input. And that's sort of the purpose. Is that? No. OK.",64
498,MIXED,Speaker 6,False,13:32,812,"I guess maybe just to peel one more layer back to exactly [NAME]'s question is like, is the intention here for us to give kind of like very tactical quick wins that could be changed? Or and or like more structural things, like if you're kind of stepping back and doing like a strategy refresh, it sounds like in a kind of multi year period, like, I feel like some of the comments I can give are like, let's like reframe maybe But like, I think it's kind of like, you know, USAID has been dismantled. So I think the MPAID needs to structurally change. And that's not a tactical thing.","I guess maybe just to peel one more layer back to exactly 's question is like, is the intention here for us to give kind of like very tactical quick wins that could be changed? Or and or like more structural things, like if you're kind of stepping back and doing like a strategy refresh, it sounds like in a kind of multi year period, like, I feel like some of the comments I can give are like, let's like reframe maybe But like, I think it's kind of like, you know, USAID has been dismantled. So I think the MPAID needs to structurally change. And that's not a tactical thing.",111
499,MIXED,Moderator,True,14:11,851,"I think it's fair game for you to be able to put that into these ideas that we generate today. So I think we're going to, part of the idea is that we have an aperture that's wide. Someone used that term lately and now I'm repeating it. A wider aperture for this. Okay. And sort of like, so some of it may be like, oh my gosh, that's minutia.","I think it's fair game for you to be able to put that into these ideas that we generate today. So I think we're going to, part of the idea is that we have an aperture that's wide. Someone used that term lately and now I'm repeating it. A wider aperture for this. Okay. And sort of like, so some of it may be like, oh my gosh, that's minutia.",70
500,MIXED,Speaker 6,False,14:31,871,Yeah.,Yeah.,1
501,MIXED,Moderator,True,14:32,872,"Okay. And others might be like, at the end, what we hope to do is at least be very generative. And you'll see a board on the right ideas for change. I think that, you know, [NAME], you should be able to say the whole MPAID needs to be rethought because of USAID, you know, being solved. I think that's really going to be great to surface and put in here. Okay. So, so it's not off the table.","Okay. And others might be like, at the end, what we hope to do is at least be very generative. And you'll see a board on the right ideas for change. I think that, you know, , you should be able to say the whole MPAID needs to be rethought because of USAID, you know, being solved. I think that's really going to be great to surface and put in here. Okay. So, so it's not off the table.",79
502,MIXED,Speaker 6,False,14:57,897,for sure no it's just to help guide like my own comments yeah and we have we have a few different,for sure no it's just to help guide like my own comments yeah and we have we have a few different,21
503,MIXED,Moderator,True,15:02,902,things that we're going to try to use to stimulate you to share ideas and react and things like that and so there's a variety of modalities in order to try to you know give you things to respond to that aren't just oh should the kennedy school change you know yeah okay perfect and are we the only,things that we're going to try to use to stimulate you to share ideas and react and things like that and so there's a variety of modalities in order to try to you know give you things to respond to that aren't just oh should the kennedy school change you know yeah okay perfect and are we the only,59
504,MIXED,Speaker 8,False,15:21,921,join a concurrent degree group?,join a concurrent degree group?,5
505,MIXED,Moderator,True,15:23,923,Yes.,Yes.,1
506,MIXED,Speaker 8,False,15:24,924,"Cool. Yes. But there's presumably like an MPP and an MPA. Okay, cool.","Cool. Yes. But there's presumably like an MPP and an MPA. Okay, cool.",13
507,MIXED,Moderator,True,15:28,928,"Yes, exactly.","Yes, exactly.",2
508,MIXED,Speaker 8,False,15:29,929,Cool.,Cool.,1
509,MIXED,Moderator,True,15:30,930,"Exactly. We just wanted to feel special. You are special. In fact, you are special. And the next question that you haven't asked is, oh, how did you get picked? Oh, okay. A randomly stratified, randomized group of all the, you know, who are on campus. It was random. Who were on campus this semester. You know, So anyway, that's how you're here, and I appreciate you.","Exactly. We just wanted to feel special. You are special. In fact, you are special. And the next question that you haven't asked is, oh, how did you get picked? Oh, okay. A randomly stratified, randomized group of all the, you know, who are on campus. It was random. Who were on campus this semester. You know, So anyway, that's how you're here, and I appreciate you.",67
510,MIXED,Speaker 6,False,15:55,955,"No, thank you so much. I appreciate you being here. Yeah, no, I personally really appreciate this opportunity, so I'm happy to not have anonymized feedback and come to follow-up meetings if you need, since I'm not on payroll. So I can be blind.","No, thank you so much. I appreciate you being here. Yeah, no, I personally really appreciate this opportunity, so I'm happy to not have anonymized feedback and come to follow-up meetings if you need, since I'm not on payroll. So I can be blind.",44
511,MIXED,Moderator,True,16:12,972,"Okay, so we'll begin. Let's just go around. I sense that many of you do know each other, but this will just be to go around and go around the table and have each person tell us their first name and their hometown.","Okay, so we'll begin. Let's just go around. I sense that many of you do know each other, but this will just be to go around and go around the table and have each person tell us their first name and their hometown.",43
512,MIXED,Speaker 7,False,16:23,983,"Okay. My name's [NAME]. My hometown is [NAME], [NAME].","Okay. My name's . My hometown is , .",9
513,MIXED,Speaker 6,False,16:27,987,"[NAME], [NAME] [NAME], [NAME]. [NAME], [NAME] [NAME], [NAME]. [NAME], [NAME], [NAME].",", , . , , . , , .",9
514,MIXED,Moderator,True,16:36,996,"[NAME] [NAME]. Maria, and I think I've been in [NAME] long enough. I think I have to say [NAME]. I'm [NAME]. Valparaiso, [NAME].",". Maria, and I think I've been in long enough. I think I have to say . I'm . Valparaiso, .",21
515,MIXED,Speaker 6,False,16:46,1006,Not to be confused with [NAME]. All the others.,Not to be confused with . All the others.,9
516,MIXED,Moderator,True,16:54,1014,"So now we're sort of just going to get a very high-level take on thinking about your time this year in HKS classrooms. And not a specific moment, but overall. And in a couple words or a short phrase, how you describe the classroom course experience. Just a quick gut reaction. Lori's going to record these on the word side of the board in a brief phrase. So let's go around. [NAME], can we start with you? Boring. Okay.","So now we're sort of just going to get a very high-level take on thinking about your time this year in HKS classrooms. And not a specific moment, but overall. And in a couple words or a short phrase, how you describe the classroom course experience. Just a quick gut reaction. Lori's going to record these on the word side of the board in a brief phrase. So let's go around. , can we start with you? Boring. Okay.",79
517,MIXED,Speaker 5,False,17:24,1044,Good. Good. I missed the first one.,Good. Good. I missed the first one.,7
518,MIXED,Moderator,True,17:27,1047,Boring.,Boring.,1
519,MIXED,Speaker 4,False,17:28,1048,Okay. Boring. I'm sorry.,Okay. Boring. I'm sorry.,4
520,MIXED,Speaker 6,False,17:30,1050,Good. Good.,Good. Good.,2
521,MIXED,Moderator,True,17:34,1054,Can you uMPAck? Good. Can you uMPAck? Can you uMPAck? Yeah.,Can you uMPAck? Good. Can you uMPAck? Can you uMPAck? Yeah.,11
522,MIXED,Speaker 5,False,17:39,1059,"That's what it's like good on balance. Components that have been good in general, but I feel like that's kind of a blind word. I've had some good experiences, some incredible experiences, some like, wow, that was a great class experiences. And then someone that were just more meh, more like, okay. So good on balance.","That's what it's like good on balance. Components that have been good in general, but I feel like that's kind of a blind word. I've had some good experiences, some incredible experiences, some like, wow, that was a great class experiences. And then someone that were just more meh, more like, okay. So good on balance.",56
523,MIXED,Moderator,True,17:59,1079,"Good on balance. Yeah. In a range, you know.","Good on balance. Yeah. In a range, you know.",9
524,MIXED,Speaker 6,False,18:02,1082,Yeah.,Yeah.,1
525,MIXED,Moderator,True,18:03,1083,Yeah. Okay. And then you had said good.,Yeah. Okay. And then you had said good.,8
526,MIXED,Speaker 6,False,18:05,1085,"I would say good on balance, but I think to help, like, from my perspective, where there's kind of variance.","I would say good on balance, but I think to help, like, from my perspective, where there's kind of variance.",20
527,MIXED,Moderator,True,18:12,1092,Good with variance. Yeah.,Good with variance. Yeah.,4
528,MIXED,Speaker 6,False,18:14,1094,"But it could be also bad. So it's in the sense that, like, the experience across different classrooms and across different mixtures of programs and students, like, sometimes the, like, variance is negative. And so it's, like, when you go to an HBS class, like, it's pretty much the same thing in every room because there's a pedagogy, there's, like, a norms that are set. and like because every HKS professor can basically do what they want there's variance in the experience","But it could be also bad. So it's in the sense that, like, the experience across different classrooms and across different mixtures of programs and students, like, sometimes the, like, variance is negative. And so it's, like, when you go to an HBS class, like, it's pretty much the same thing in every room because there's a pedagogy, there's, like, a norms that are set. and like because every HKS professor can basically do what they want there's variance in the experience",82
529,MIXED,Moderator,True,18:49,1129,great we're going to come to a question specifically that's very comparative with this especially with,great we're going to come to a question specifically that's very comparative with this especially with,16
530,MIXED,Speaker 6,False,18:54,1134,this group yeah but that's why it's like so I mean because I have electives and I'm choosing my classes,this group yeah but that's why it's like so I mean because I have electives and I'm choosing my classes,20
531,MIXED,Moderator,True,18:58,1138,they're good but the experience has variance okay all right um and uh,they're good but the experience has variance okay all right um and uh,13
532,MIXED,Speaker 8,False,19:07,1147,"I really, I'll plus one [NAME] and plus one the good with variance. I would say diverse, parentheses good, and disunified, parentheses bad, which are two sides of the same coin.","I really, I'll plus one and plus one the good with variance. I would say diverse, parentheses good, and disunified, parentheses bad, which are two sides of the same coin.",30
533,MIXED,Moderator,True,19:25,1165,"Diverse, parentheses good, and disunified, parentheses bad. Yeah.","Diverse, parentheses good, and disunified, parentheses bad. Yeah.",8
534,MIXED,Speaker 7,False,19:37,1177,okay yes okay so plus one on the good on balance as an MPA I feel the disunified part because unless you're thoughtful and you don't get really much support in developing your course curriculum it doesn't necessarily feel like the courses you take sort of flow into one another or build in a meaningful way unless you're really thoughtful about it and then also disjointed maybe disjointed yeah um and then the last thing that i'll add is classes too large um and the class sizes are too,okay yes okay so plus one on the good on balance as an MPA I feel the disunified part because unless you're thoughtful and you don't get really much support in developing your course curriculum it doesn't necessarily feel like the courses you take sort of flow into one another or build in a meaningful way unless you're really thoughtful about it and then also disjointed maybe disjointed yeah um and then the last thing that i'll add is classes too large um and the class sizes are too,89
535,MIXED,Moderator,True,20:09,1209,big here okay um can we get you to uMPAck board just a little bit we'll have chances to also keep,big here okay um can we get you to uMPAck board just a little bit we'll have chances to also keep,21
536,MIXED,Speaker 4,False,20:17,1217,yeah i thought it was kind of like you we could do different words yeah and i was definitely thinking like there are classes that i've really liked but there's also ones that i've had like so much boredom in and like so i was just throwing yes the first word that came to mind and maybe i was thinking of a specific class but uh around like the there is balance but there isn't yeah there isn't like a unified or like very much like what he was saying like in hbs it feels like not that all the classes are like that or that i have enough of a sample but it feels like they're more of a methodology and here it really is professor dependent okay and student dependent too and because the students are all a mix of everything you don't actually know what you're gonna get yeah okay so It's hard to know. This uncertainty. Uncertainty. Yes. Yes. Like you never know what you're going to get.,yeah i thought it was kind of like you we could do different words yeah and i was definitely thinking like there are classes that i've really liked but there's also ones that i've had like so much boredom in and like so i was just throwing yes the first word that came to mind and maybe i was thinking of a specific class but uh around like the there is balance but there isn't yeah there isn't like a unified or like very much like what he was saying like in hbs it feels like not that all the classes are like that or that i have enough of a sample but it feels like they're more of a methodology and here it really is professor dependent okay and student dependent too and because the students are all a mix of everything you don't actually know what you're gonna get yeah okay so It's hard to know. This uncertainty. Uncertainty. Yes. Yes. Like you never know what you're going to get.,172
537,MIXED,Speaker 6,False,21:04,1264,"Which can be a good thing. And also it's part of the reason I'm doing a joint degree is like I wanted that kind of disjointed experience compared to HBS, which is too rigid.","Which can be a good thing. And also it's part of the reason I'm doing a joint degree is like I wanted that kind of disjointed experience compared to HBS, which is too rigid.",34
538,MIXED,Moderator,True,21:14,1274,Okay.,Okay.,1
539,MIXED,Speaker 6,False,21:15,1275,But I do think that it's important to note the disjointedness because that can be bad.,But I do think that it's important to note the disjointedness because that can be bad.,16
540,MIXED,Moderator,True,21:22,1282,"The next piece of what we're going to talk about is sort of this comparative experience where everyone has prior experience in college and maybe graduate classrooms. Certainly this group actually specialized because you're in joint or concurrent degrees. And so before outside of HKS. So take a moment to think about how classroom professionalism compares with what you've experienced elsewhere and how those environments affect your learning. And so it's okay to describe specific moments or courses without using people's names. and you can feel free to interpret professionalism in ways that you might like. So can you find some ways that the professionalism in HKS classes feels different or perhaps the same, but it's a comparison against other experiences?","The next piece of what we're going to talk about is sort of this comparative experience where everyone has prior experience in college and maybe graduate classrooms. Certainly this group actually specialized because you're in joint or concurrent degrees. And so before outside of HKS. So take a moment to think about how classroom professionalism compares with what you've experienced elsewhere and how those environments affect your learning. And so it's okay to describe specific moments or courses without using people's names. and you can feel free to interpret professionalism in ways that you might like. So can you find some ways that the professionalism in HKS classes feels different or perhaps the same, but it's a comparison against other experiences?",121
541,MIXED,Speaker 5,False,22:17,1337,"Yeah, I'm happy to take this one. Like, classes should start on time. Teachers should be ready like five to ten minutes before. and people should walk in. The norm should be that everyone is on time. The norm is that people aren't on their laptops in the back. Like, and maybe I sound like super old school on this, but like, I think less than 25% of the people that are on their computers in a [NAME] [NAME] class are actually taking notes. The most of them are doing some other thing, and it's just incredibly unprofessional. And that like acknowledgement that that's okay by the professors, I think just creates a dynamic that you don't want in the classroom. When I show up, I show up prepared, and I'm here for like 75 minutes to try and get a little bit better. Like, if you're not there for that reason, like, don't come. And the last thing that I would say, too, is that, like, if things are done on time, they should end on time. And one of the last points, at HBS, it's expected that you read no more than 20 pages for that class. The cases normally are like 10 pages. And then you can kind of glaze over the annexes. But you're going to be held account for reading those pages. The [NAME] [NAME], most classes, you're going to get like 50 or 60 pages of reading for one class. And you're going to be held to account for none of it. That needs to flip drastically. Like assign reasonable readings or say like summarize these in your AI chat box that you're using. But then hold them accountable for what they're supposed to do. because then the people that are doing that work and showing up at class, and then they get worse grades than the kids that they know didn't read a single thing. That just erodes all of the structure of how the educational call to social compact should be. I'll get off my soapbox. Yeah, that was great.","Yeah, I'm happy to take this one. Like, classes should start on time. Teachers should be ready like five to ten minutes before. and people should walk in. The norm should be that everyone is on time. The norm is that people aren't on their laptops in the back. Like, and maybe I sound like super old school on this, but like, I think less than 25% of the people that are on their computers in a class are actually taking notes. The most of them are doing some other thing, and it's just incredibly unprofessional. And that like acknowledgement that that's okay by the professors, I think just creates a dynamic that you don't want in the classroom. When I show up, I show up prepared, and I'm here for like 75 minutes to try and get a little bit better. Like, if you're not there for that reason, like, don't come. And the last thing that I would say, too, is that, like, if things are done on time, they should end on time. And one of the last points, at HBS, it's expected that you read no more than 20 pages for that class. The cases normally are like 10 pages. And then you can kind of glaze over the annexes. But you're going to be held account for reading those pages. The , most classes, you're going to get like 50 or 60 pages of reading for one class. And you're going to be held to account for none of it. That needs to flip drastically. Like assign reasonable readings or say like summarize these in your AI chat box that you're using. But then hold them accountable for what they're supposed to do. because then the people that are doing that work and showing up at class, and then they get worse grades than the kids that they know didn't read a single thing. That just erodes all of the structure of how the educational call to social compact should be. I'll get off my soapbox. Yeah, that was great.",345
542,MIXED,Speaker 8,False,24:07:00,86820,I feel like we can pack up. Yeah.,I feel like we can pack up. Yeah.,8
543,MIXED,Moderator,True,24:10:00,87000,"A lot of frustrations there, I guess. Yeah? No, I think that's fair. Like, proportionally, is it 100% of the classes here that you've felt this experience in?","A lot of frustrations there, I guess. Yeah? No, I think that's fair. Like, proportionally, is it 100% of the classes here that you've felt this experience in?",28
544,MIXED,Speaker 5,False,24:21:00,87660,"Unfortunately, it might be a sizable, but it's a sizable minority that show up prepared and doing the right thing, and that's frustrating.","Unfortunately, it might be a sizable, but it's a sizable minority that show up prepared and doing the right thing, and that's frustrating.",23
545,MIXED,Moderator,True,24:31:00,88260,That's the student body.,That's the student body.,4
546,MIXED,Speaker 5,False,24:32:00,88320,How many classes do you feel like that describes your HBS?,How many classes do you feel like that describes your HBS?,11
547,MIXED,Moderator,True,24:35:00,88500,Has there been an exception to that or not?,Has there been an exception to that or not?,9
548,MIXED,Speaker 5,False,24:37:00,88620,"The HBS class we took here. Very little exception. The one I will shout, [NAME] [NAME]'s AI policy, class or cyber policy class the module in the fall he said he's like look I'm this I'm gonna run it if you don't come I'm not gonna knock you for participation but if you're here like we're going to get something out of it and if you're just taking this class to write a final paper you're gonna write a final paper and I'm telling you you're probably gonna get a B but if that's what you want to do like go for it and I just respected his realism and how he structured it but for every","The HBS class we took here. Very little exception. The one I will shout, 's AI policy, class or cyber policy class the module in the fall he said he's like look I'm this I'm gonna run it if you don't come I'm not gonna knock you for participation but if you're here like we're going to get something out of it and if you're just taking this class to write a final paper you're gonna write a final paper and I'm telling you you're probably gonna get a B but if that's what you want to do like go for it and I just respected his realism and how he structured it but for every",116
549,MIXED,Speaker 4,False,25:11:00,90660,other class I think that probably describes it I have a question what does HBS do but I'm in a But I don't actually know if it's like a social norm that people aren't using their laptops or their phones or they are,other class I think that probably describes it I have a question what does HBS do but I'm in a But I don't actually know if it's like a social norm that people aren't using their laptops or their phones or they are,43
550,MIXED,Speaker 1,False,25:24:00,91440,School policy. No technology in the classroom.,School policy. No technology in the classroom.,7
551,MIXED,Speaker 4,False,25:26:00,91560,"Yeah, but that's the same school policy here. And professors actually, I'm saying this is someone who will use my phone, despite a professor saying, """"Don't use your phone."""" [NAME], I'm just being very honest. But I don't do it at HBS because I feel like it's a social norm.","Yeah, but that's the same school policy here. And professors actually, I'm saying this is someone who will use my phone, despite a professor saying, """"Don't use your phone."""" , I'm just being very honest. But I don't do it at HBS because I feel like it's a social norm.",50
552,MIXED,Speaker 6,False,25:40:00,92400,"I mean, I use my phone at HBS, but like the standard rule is like no technology. and so it feels I don't think that that's the rule they say it but they don't enforce it so like it is enforced because like the scribe or if the professor sees it the professor will like","I mean, I use my phone at HBS, but like the standard rule is like no technology. and so it feels I don't think that that's the rule they say it but they don't enforce it so like it is enforced because like the scribe or if the professor sees it the professor will like",55
553,MIXED,Speaker 1,False,25:59:00,93540,make a comment kind of to this like calling out,make a comment kind of to this like calling out,10
554,MIXED,Speaker 6,False,26:01:00,93660,behavior but if you have half of your,behavior but if you have half of your,8
555,MIXED,Speaker 5,False,26:03:00,93780,"greatest participation and you have someone in the classroom who is annotating everything that's said all the time the scribe will annotate like hey [NAME] showed up later [NAME] on her phone and guess what even if you talked zero points that day and that can matter because you're trying, you're not getting in every class. Yeah. So that's like a hold on.","greatest participation and you have someone in the classroom who is annotating everything that's said all the time the scribe will annotate like hey showed up later on her phone and guess what even if you talked zero points that day and that can matter because you're trying, you're not getting in every class. Yeah. So that's like a hold on.",61
556,MIXED,Speaker 6,False,26:19:00,94740,"Yeah, I think it's more of like the enforcement obviously is internalized by the culture and the social norms by the students at HBS, but like professors aren't afraid to enforce rules. And I feel like here they sometimes are afraid of the students, which is interesting.","Yeah, I think it's more of like the enforcement obviously is internalized by the culture and the social norms by the students at HBS, but like professors aren't afraid to enforce rules. And I feel like here they sometimes are afraid of the students, which is interesting.",47
557,MIXED,Speaker 4,False,26:38:00,95880,"It's more liberal, I mean.","It's more liberal, I mean.",5
558,MIXED,Speaker 6,False,26:41:00,96060,But why should a professor be afraid of liberal students?,But why should a professor be afraid of liberal students?,10
559,MIXED,Speaker 4,False,26:44:00,96240,"Well, I don't think it's like the culture.","Well, I don't think it's like the culture.",8
560,MIXED,Speaker 6,False,26:46:00,96360,She doesn't mean politics.,She doesn't mean politics.,4
561,MIXED,Speaker 4,False,26:47:00,96420,"Yeah, I don't mean politics. I mean, like, the culture is more.","Yeah, I don't mean politics. I mean, like, the culture is more.",12
562,MIXED,Speaker 6,False,26:49:00,96540,"Well, I was like, fair.","Well, I was like, fair.",5
563,MIXED,Speaker 4,False,26:50:00,96600,Yeah.,Yeah.,1
564,MIXED,Speaker 6,False,26:51:00,96660,"For sure. But I guess, like, to your point, if there's this rule that we shouldn't be on technology, like, is it a rule? Like, it's not a rule. You know what I mean?","For sure. But I guess, like, to your point, if there's this rule that we shouldn't be on technology, like, is it a rule? Like, it's not a rule. You know what I mean?",34
565,MIXED,Speaker 4,False,26:57:00,97020,"I feel like most of my process. The reason why I'm asking is because, ultimately, I guess it's like, what do we do with it? And I think [NAME] had something similar, where, like, if you would use your phone, like, you would get an email. And you would get an email by the TA or whatever. like it was like your classmate right being like you were on your phone today right and like says that you will get the ta at hbs oh i do uh stanford business school okay thank you so they will do something like that i know every class but they will call you out yeah so and they'll say like next time i will ask you to leave the class so then it really is like okay and i feel like yeah we shouldn't be children but ultimately i think we just are and that's just the nature of it that I myself see like I will get distracted on my phone or my laptop if I feel like there's just too many other people doing the same thing","I feel like most of my process. The reason why I'm asking is because, ultimately, I guess it's like, what do we do with it? And I think had something similar, where, like, if you would use your phone, like, you would get an email. And you would get an email by the TA or whatever. like it was like your classmate right being like you were on your phone today right and like says that you will get the ta at hbs oh i do uh stanford business school okay thank you so they will do something like that i know every class but they will call you out yeah so and they'll say like next time i will ask you to leave the class so then it really is like okay and i feel like yeah we shouldn't be children but ultimately i think we just are and that's just the nature of it that I myself see like I will get distracted on my phone or my laptop if I feel like there's just too many other people doing the same thing",185
566,MIXED,Speaker 8,False,27:48:00,100080,I'm taking a class with a notoriously frictional professor here who like calls people out whatever on all sorts of things you know whatever but they just yesterday people were clearly on their phone and they were like I know when you're on your phone I can see when you're on your phone but I don't think that anything happened of that like they didn't say [NAME] get off your phone like and maybe that'll happen later but there was sort of a dean just sort of whispered under his breath i feel like professors do enforce it and i kind of agree with the dean and that like professors all say no phones and they say it a lot but then i don't know what that enforcement mechanism is and i haven't seen it in practice,I'm taking a class with a notoriously frictional professor here who like calls people out whatever on all sorts of things you know whatever but they just yesterday people were clearly on their phone and they were like I know when you're on your phone I can see when you're on your phone but I don't think that anything happened of that like they didn't say get off your phone like and maybe that'll happen later but there was sort of a dean just sort of whispered under his breath i feel like professors do enforce it and i kind of agree with the dean and that like professors all say no phones and they say it a lot but then i don't know what that enforcement mechanism is and i haven't seen it in practice,136
567,MIXED,Speaker 4,False,28:28:00,102480,i think the difference is because i even see professors saying that when there's like three people on their laptop like remember like only if you have an accommodation and they're still on their laptop and they're like and i think there might be something around just for like brainstorming actually calling a person out either yeah this this school might be very like like what i call liberal and don't don't want to call like a person out in front of everyone but even sending them an email and having like not the professor focus in that but the ta like because there are ta's in,i think the difference is because i even see professors saying that when there's like three people on their laptop like remember like only if you have an accommodation and they're still on their laptop and they're like and i think there might be something around just for like brainstorming actually calling a person out either yeah this this school might be very like like what i call liberal and don't don't want to call like a person out in front of everyone but even sending them an email and having like not the professor focus in that but the ta like because there are ta's in,107
568,MIXED,Speaker 6,False,28:59:00,104340,"every class usually and they're taking attendance or taking participation in the same way the scribe is doing that at HBS. And so, yeah, I've also gotten emails, like your point about professors, like they'll be like, I saw you on technology or like, I'm not sure if you were, and it kind of scares you. But I think to add to this broader professionalism discussion, one thing that I think is really important that I see it as a actual problem here is like having students know like what's a valuable comment or question in class versus what is like actually not valuable or potentially detracting. No, I think it's like you shouldn't ask, like you shouldn't ask a question or make a comment to like take up space in a classroom. And I really think like MCMPAs do that. And it's like, we're not trying to like have a discussion about your experience in the middle of a lecture. So it's like time and place. And so I think like, because people feel like participation is a grade that they have to speak but if you don't actually have something to add or say or push the conversation correctly like I think there is a way to like make it clear what is like a better question versus not and I've seen professors here handle questions that are like oh like that is like not something we're going into right now but sometimes like professors just go with it and it's like or just like let them go on and on and like I've seen professors at HBS kind of like","every class usually and they're taking attendance or taking participation in the same way the scribe is doing that at HBS. And so, yeah, I've also gotten emails, like your point about professors, like they'll be like, I saw you on technology or like, I'm not sure if you were, and it kind of scares you. But I think to add to this broader professionalism discussion, one thing that I think is really important that I see it as a actual problem here is like having students know like what's a valuable comment or question in class versus what is like actually not valuable or potentially detracting. No, I think it's like you shouldn't ask, like you shouldn't ask a question or make a comment to like take up space in a classroom. And I really think like MCMPAs do that. And it's like, we're not trying to like have a discussion about your experience in the middle of a lecture. So it's like time and place. And so I think like, because people feel like participation is a grade that they have to speak but if you don't actually have something to add or say or push the conversation correctly like I think there is a way to like make it clear what is like a better question versus not and I've seen professors here handle questions that are like oh like that is like not something we're going into right now but sometimes like professors just go with it and it's like or just like let them go on and on and like I've seen professors at HBS kind of like",273
569,MIXED,Moderator,True,30:25:00,109500,cut people off if it's like going into tangent. So we sort of can put some of these really important ideas or comments into the categories of like good discussion management in the classroom or effective discussion management or kind of participation somehow balancing participation,cut people off if it's like going into tangent. So we sort of can put some of these really important ideas or comments into the categories of like good discussion management in the classroom or effective discussion management or kind of participation somehow balancing participation,45
570,MIXED,Speaker 7,False,30:44:00,110640,"in a way that brings the learning forward. It goes back to the classes being way too big because I've taken classes here that are 80 people, 90 people, and then you have a 40 to 50 percent participation grade and you can't, so people feel like they need to talk, but you can't have a conversation amongst a hundred people. Um, and you certainly can't have a generative one. You can only have the most one comments in that class and that doesn't, does generate a conversation. So I think if you're going to have classes that large, you can't have a sizable participation grade","in a way that brings the learning forward. It goes back to the classes being way too big because I've taken classes here that are 80 people, 90 people, and then you have a 40 to 50 percent participation grade and you can't, so people feel like they need to talk, but you can't have a conversation amongst a hundred people. Um, and you certainly can't have a generative one. You can only have the most one comments in that class and that doesn't, does generate a conversation. So I think if you're going to have classes that large, you can't have a sizable participation grade",106
571,MIXED,Moderator,True,31:14:00,112440,"because that just forces people to say nonsensical things. And then to speak just to speak to out there. Yeah. If you could say, like, if it's a class of 80 people, just ballpark from your own experiences, what would be the maximum participation grade in that large class? Attendance. I think that","because that just forces people to say nonsensical things. And then to speak just to speak to out there. Yeah. If you could say, like, if it's a class of 80 people, just ballpark from your own experiences, what would be the maximum participation grade in that large class? Attendance. I think that",53
572,MIXED,Speaker 7,False,31:34:00,113640,"if you're having a class that large, that's a lecture. That's not a discussion-based class. Okay. And that's going back to my, you know, undergrad experience. I went to [NAME] [NAME]. My largest class size ever was like 20 people. That, you can have a conversation, but you can't try and force a conversation with 85 people. I've never seen a good conversation come from that at HKS. So if you're going to have, leave that to the smaller class sizes.","if you're having a class that large, that's a lecture. That's not a discussion-based class. Okay. And that's going back to my, you know, undergrad experience. I went to . My largest class size ever was like 20 people. That, you can have a conversation, but you can't try and force a conversation with 85 people. I've never seen a good conversation come from that at HKS. So if you're going to have, leave that to the smaller class sizes.",80
573,MIXED,Speaker 1,False,32:01:00,115260,That's sort of my belief.,That's sort of my belief.,5
574,MIXED,Speaker 6,False,32:03:00,115380,"I don't know. Or make the whole class for that day a discussion, like how it is at HBS, where everyone knows, like I have one comment, we know what we're talking about, because when it is an 80 or 90 person class with a 50 participation requirement or part of the grade but it's a lecture and so then people are like I have to get in because it's like well it's actually a lecture so they shouldn't have 50 participation or if it is a large discussion class the professor should facilitate a discussion and not take up space themselves because again like it comes back to this disjointed and what is the expectation because I think like students will be more professional if the norms and expectations are communicated up front by professors, even on a daily change, if the classroom structure is like today, the discussion versus a lecture. So just like be conscious of how you ask or make comments, given that.","I don't know. Or make the whole class for that day a discussion, like how it is at HBS, where everyone knows, like I have one comment, we know what we're talking about, because when it is an 80 or 90 person class with a 50 participation requirement or part of the grade but it's a lecture and so then people are like I have to get in because it's like well it's actually a lecture so they shouldn't have 50 participation or if it is a large discussion class the professor should facilitate a discussion and not take up space themselves because again like it comes back to this disjointed and what is the expectation because I think like students will be more professional if the norms and expectations are communicated up front by professors, even on a daily change, if the classroom structure is like today, the discussion versus a lecture. So just like be conscious of how you ask or make comments, given that.",167
575,MIXED,Moderator,True,32:56:00,118560,"Let me test something that is a minutiae idea here, which is that if you could suggest, for example, like on something like late arrival or tech policy, distraction or something like that, If there's a couple of ways that people might be able to handle that. One is the ways you've described, which is sort of this direct message and then some consequence that might follow. Message from a TA or the professor. Or someone who decides that they'll call it out in class and bring attention to a particular person in class. Do you have any reactions about whether that crosses a line?","Let me test something that is a minutiae idea here, which is that if you could suggest, for example, like on something like late arrival or tech policy, distraction or something like that, If there's a couple of ways that people might be able to handle that. One is the ways you've described, which is sort of this direct message and then some consequence that might follow. Message from a TA or the professor. Or someone who decides that they'll call it out in class and bring attention to a particular person in class. Do you have any reactions about whether that crosses a line?",105
576,MIXED,Speaker 5,False,33:35:00,120900,"It's as simple. Like the first day, and this is like a very effective thing, and it sounds like super military, but it is. Like on the first day of class, if someone walks in late, the teacher should look at that person and say, this is your warning, this is your shopping class. If you're going to take this class, you're going to be on time. The next class, someone walks in, the first person who walks in late should look at them and say, get out. You're late. I'm making an example of you, but this is the norm that's going to follow. I expect you to be on time because I'm on time. Leave. And I guarantee you, it will not happen again. And that one person will not participate for one day. That's all it takes. It's just establishing that if you cross this line, there's going to be a repercussion. The problem is that most lines at the [NAME] [NAME], when you cross them, there's no repercussions. So no one respects the line.","It's as simple. Like the first day, and this is like a very effective thing, and it sounds like super military, but it is. Like on the first day of class, if someone walks in late, the teacher should look at that person and say, this is your warning, this is your shopping class. If you're going to take this class, you're going to be on time. The next class, someone walks in, the first person who walks in late should look at them and say, get out. You're late. I'm making an example of you, but this is the norm that's going to follow. I expect you to be on time because I'm on time. Leave. And I guarantee you, it will not happen again. And that one person will not participate for one day. That's all it takes. It's just establishing that if you cross this line, there's going to be a repercussion. The problem is that most lines at the , when you cross them, there's no repercussions. So no one respects the line.",177
577,MIXED,Speaker 8,False,34:23:00,123780,"A version of that, which is less military, although I love it, I support it, is one of the classes I'm in this semester. I would say probably on the first day of class, it was on [NAME], whatever. second day of class um i would say probably 20 people came in late within the first 10 minutes it's like a 60 person class but like normally like hks everyone's coming in late all the time and for each person who came in late the professor said good morning welcome class starts at 9 a.m and then waited until they sat down and started yeah and that started here to do that yeah i was thinking about that yeah i was like i think and it basically everyone wanted to clearly curl up and","A version of that, which is less military, although I love it, I support it, is one of the classes I'm in this semester. I would say probably on the first day of class, it was on , whatever. second day of class um i would say probably 20 people came in late within the first 10 minutes it's like a 60 person class but like normally like hks everyone's coming in late all the time and for each person who came in late the professor said good morning welcome class starts at 9 a.m and then waited until they sat down and started yeah and that started here to do that yeah i was thinking about that yeah i was like i think and it basically everyone wanted to clearly curl up and",134
578,MIXED,Speaker 6,False,35:02:00,126120,died and then it never happened again yeah and so i feel like [NAME] is like if some professors want to do that they can i just i think those professors here wouldn't want to do that but i've seen like danny roderick do that i've seen limor daphne do that and it's awkward and it's awkward and then people feel better about like or people feel like i should actually come on time but also it doesn't like punish people who's like their train got delayed which is like why they're walking in late sometimes but like i think when the line is established to [NAME]'s point like early you won't,died and then it never happened again yeah and so i feel like is like if some professors want to do that they can i just i think those professors here wouldn't want to do that but i've seen like danny roderick do that i've seen limor daphne do that and it's awkward and it's awkward and then people feel better about like or people feel like i should actually come on time but also it doesn't like punish people who's like their train got delayed which is like why they're walking in late sometimes but like i think when the line is established to 's point like early you won't,111
579,MIXED,Speaker 8,False,35:34:00,128040,see 20 people coming in late you'll only see the like a rare occasion and now every class we have,see 20 people coming in late you'll only see the like a rare occasion and now every class we have,20
580,MIXED,Speaker 6,False,35:38:00,128280,"like one person and they always say i'm really sorry yeah and it's like whether you stop class and kind of look and say welcome please don't be late again or they don't feel comfortable and would rather like send an email it's like actually saying you've crossed the line please don't do it again is that there's no, like to [NAME]' point, like there's no, like there is no consequence today. So it kind of doesn't make the rules like relevant.","like one person and they always say i'm really sorry yeah and it's like whether you stop class and kind of look and say welcome please don't be late again or they don't feel comfortable and would rather like send an email it's like actually saying you've crossed the line please don't do it again is that there's no, like to ' point, like there's no, like there is no consequence today. So it kind of doesn't make the rules like relevant.",82
581,MIXED,Speaker 8,False,36:07:00,130020,"On, I'm happy to keep talking about this. The other thing, I feel like this is classroom management is sort of as a professionalism in class. The other part of professionalism in class, which I think [NAME] is the only person who's talked about so far is professors professionalism. And I think it's generally better than student professionalism because they're the professors. But it's not perfect. And the main thing is I think that building off of what you said about do I feel like I'm learning something and growing and improving and it's all building a degree together. I do feel like professors need to have some pedagogical review where they say, here's why I'm teaching this, and here's why I'm assigning these readings, and here's what the point of this class is. Because I've now taken a handful of classes that have been going for years and years and years. I mean, just with sort of HKS.","On, I'm happy to keep talking about this. The other thing, I feel like this is classroom management is sort of as a professionalism in class. The other part of professionalism in class, which I think is the only person who's talked about so far is professors professionalism. And I think it's generally better than student professionalism because they're the professors. But it's not perfect. And the main thing is I think that building off of what you said about do I feel like I'm learning something and growing and improving and it's all building a degree together. I do feel like professors need to have some pedagogical review where they say, here's why I'm teaching this, and here's why I'm assigning these readings, and here's what the point of this class is. Because I've now taken a handful of classes that have been going for years and years and years. I mean, just with sort of HKS.",158
582,MIXED,Speaker 1,False,37:02:00,133320,Guys who are just around.,Guys who are just around.,5
583,MIXED,Speaker 6,False,37:03:00,133380,"This is touching on me being like the MPAID needs to be rethought, because some of these classes have not been restructured in 25 years.","This is touching on me being like the MPAID needs to be rethought, because some of these classes have not been restructured in 25 years.",25
584,MIXED,Moderator,True,37:09:00,133740,"Let me follow up on a point that [NAME]'s making, because when you said a pedagogical review, are you talking about that the professors need to undertake their own pedagogical review, or they need to make explicit to the students in the class, this is the purpose of what we're doing and why I'm designed it this way and why I'm asking you to do this work? To me, the pedagogical review could be either or both, so say more about that.","Let me follow up on a point that 's making, because when you said a pedagogical review, are you talking about that the professors need to undertake their own pedagogical review, or they need to make explicit to the students in the class, this is the purpose of what we're doing and why I'm designed it this way and why I'm asking you to do this work? To me, the pedagogical review could be either or both, so say more about that.",82
585,MIXED,Speaker 8,False,37:32:00,135120,"Yeah, I would say both. I would say there's a smaller subset of classes that I think actually don't really make sense. And they've just been going for years. And either it's because of an MPAD thing or this guy's been teaching this for 50 years and everyone just sort of lets him teach it. Or the professor's not very good. Or the class should be a half semester instead of a full semester. Just sort of stuff. I think there's a broader issue. And this, I think, gets to sort of the classroom management. like why do people show up to HKS classes question, which is professors saying, here's why we're learning this and here's what we're building towards that oftentimes is not clear. Maybe the majority of time is not clear. And I've taken a lot of classes that I liked but are just sort of like classes that I've taken as opposed to like clear parts of an understanding I have of something that makes public administration.","Yeah, I would say both. I would say there's a smaller subset of classes that I think actually don't really make sense. And they've just been going for years. And either it's because of an MPAD thing or this guy's been teaching this for 50 years and everyone just sort of lets him teach it. Or the professor's not very good. Or the class should be a half semester instead of a full semester. Just sort of stuff. I think there's a broader issue. And this, I think, gets to sort of the classroom management. like why do people show up to HKS classes question, which is professors saying, here's why we're learning this and here's what we're building towards that oftentimes is not clear. Maybe the majority of time is not clear. And I've taken a lot of classes that I liked but are just sort of like classes that I've taken as opposed to like clear parts of an understanding I have of something that makes public administration.",170
586,MIXED,Moderator,True,38:27:00,138420,"Would it be fair if I were lumping this under a theme later in the analysis of sort of the intentionality of a course, writ large.","Would it be fair if I were lumping this under a theme later in the analysis of sort of the intentionality of a course, writ large.",26
587,MIXED,Speaker 6,False,38:35:00,138900,"A hundred percent. And I think that's key because a lot of times at HKS, like the TF or the CA or the review at the end for the final, it's like big picture. Like what have we done? And I'm like, wow, like if this had been given to me at the front end, it would have made everything come together more because it's, it's, it's literally sometimes the professor has been teaching it for so long and it's so set in their ways. and there isn't necessarily a forcing mechanism of pedagogical review by other professors. Because I think, I mean, at HBS, they have professors watch other professors teach. And it doesn't matter their tenure. Because, like, I think sometimes there can be good, like, critiques coming from, you know, professors and not in a way that's like, I'm stepping on your toes. But it's like they don't step back and see that it's confusing to everyone else, but the professor who's been teaching it for 25 years, because there is no kind of, here's the upfront intention. And I think part of the intentionality is also setting these norms and rules from the beginning and setting the petrographical style. I feel like at HBS, there's always professor, it's not every professor, but there will always be professors who write the agenda on the board at the start of class and like refer to it and it's just like i i have no idea what i'm walking into at most hks classes unless i know the professor themselves is like a very structured linear person how about","A hundred percent. And I think that's key because a lot of times at HKS, like the TF or the CA or the review at the end for the final, it's like big picture. Like what have we done? And I'm like, wow, like if this had been given to me at the front end, it would have made everything come together more because it's, it's, it's literally sometimes the professor has been teaching it for so long and it's so set in their ways. and there isn't necessarily a forcing mechanism of pedagogical review by other professors. Because I think, I mean, at HBS, they have professors watch other professors teach. And it doesn't matter their tenure. Because, like, I think sometimes there can be good, like, critiques coming from, you know, professors and not in a way that's like, I'm stepping on your toes. But it's like they don't step back and see that it's confusing to everyone else, but the professor who's been teaching it for 25 years, because there is no kind of, here's the upfront intention. And I think part of the intentionality is also setting these norms and rules from the beginning and setting the petrographical style. I feel like at HBS, there's always professor, it's not every professor, but there will always be professors who write the agenda on the board at the start of class and like refer to it and it's just like i i have no idea what i'm walking into at most hks classes unless i know the professor themselves is like a very structured linear person how about",270
588,MIXED,Moderator,True,40:02:00,144120,intentionality of the course design for you what would you what would you sort of reflect on i don't,intentionality of the course design for you what would you what would you sort of reflect on i don't,19
589,MIXED,Speaker 4,False,40:09:00,144540,"know if this is precisely um what i i don't know if it's like as relevant but i'm thinking of our program more than like the programs all together i think it's hard to have intentionality when you don't have any core um and that's more for like mpas i think all of our courses are like this compared to you guys at least you have a core for a while and then yes you get some of these courses that are like maybe all over the place but i think for us it's really hard to design like we don't even have like that kind of like coaching or guidance to design a program that fits our needs um i think some of us might come with more like a clearer idea of like what they want to do in life and i'm gonna focus on i don't know this like this particular track and then i'm gonna find all these classes that align but from my experience most people might say in their essays that they know where they're going but most people actually don't know where they're going and they end up with like a hodgepodge of classes that don't really align in any way. And I think it's just, it's an education, but I don't know, me and [NAME] and [NAME] probably have had very different experiences, and we come out with the same degree not knowing any, to be honest, just not knowing what public administration even is, or like what are the foundations of it. Like what do we share in common? I have no idea.","know if this is precisely um what i i don't know if it's like as relevant but i'm thinking of our program more than like the programs all together i think it's hard to have intentionality when you don't have any core um and that's more for like mpas i think all of our courses are like this compared to you guys at least you have a core for a while and then yes you get some of these courses that are like maybe all over the place but i think for us it's really hard to design like we don't even have like that kind of like coaching or guidance to design a program that fits our needs um i think some of us might come with more like a clearer idea of like what they want to do in life and i'm gonna focus on i don't know this like this particular track and then i'm gonna find all these classes that align but from my experience most people might say in their essays that they know where they're going but most people actually don't know where they're going and they end up with like a hodgepodge of classes that don't really align in any way. And I think it's just, it's an education, but I don't know, me and and probably have had very different experiences, and we come out with the same degree not knowing any, to be honest, just not knowing what public administration even is, or like what are the foundations of it. Like what do we share in common? I have no idea.",270
590,MIXED,Speaker 8,False,41:37:00,149820,"Well, I actually don't think that any of the three of us have had a class together. No.","Well, I actually don't think that any of the three of us have had a class together. No.",18
591,MIXED,Speaker 4,False,41:40:00,150000,"That's my point. It's crazy. Like, our experiences have been very different. Well, it's not...","That's my point. It's crazy. Like, our experiences have been very different. Well, it's not...",15
592,MIXED,Speaker 7,False,41:45:00,150300,"I don't actually know how the degree is teaching public administration. No, they're not. Because I think in every other school, the MPA has a specific curriculum, to some extent, that relates to public administration. But, I mean, part of the reason I chose the degree in the first place was because of the freedom it offered, and because I had a concurrent degree. But at the same time, I don't know if I can say I am a public administration professional.","I don't actually know how the degree is teaching public administration. No, they're not. Because I think in every other school, the MPA has a specific curriculum, to some extent, that relates to public administration. But, I mean, part of the reason I chose the degree in the first place was because of the freedom it offered, and because I had a concurrent degree. But at the same time, I don't know if I can say I am a public administration professional.",82
593,MIXED,Speaker 8,False,42:09:00,151740,"Yeah, something we talked about with [NAME] [NAME] in last semester with some of the dual degree students was, and I'd be interested how you guys felt about this, [NAME] and [NAME], but was having either one semester class or one year long And then like, you know. What is it? Yeah, whatever. I'll do it. And so, and there's some, in that context, there was a discussion about that being a social issue, like, you know, seeing people in our cohort, like half of them we've never seen since orientation. But I think in this case, it also works towards a pedagogical one, which is like, if you're going to graduate with something, at least there's one class or one year long thing that you've done together.","Yeah, something we talked about with in last semester with some of the dual degree students was, and I'd be interested how you guys felt about this, and , but was having either one semester class or one year long And then like, you know. What is it? Yeah, whatever. I'll do it. And so, and there's some, in that context, there was a discussion about that being a social issue, like, you know, seeing people in our cohort, like half of them we've never seen since orientation. But I think in this case, it also works towards a pedagogical one, which is like, if you're going to graduate with something, at least there's one class or one year long thing that you've done together.",125
594,MIXED,Speaker 6,False,42:53:00,154380,"I don't know if you guys like that. I mean, like, I'm coming at this from talking about intentionality in a specific course or in a day of a classroom because like we have too much core. So it's kind of the opposite of the problem. So like I think that my degree feels very intentional. I know exactly like what I'm doing. I think any graduate of the MPAID has like a core toolkit that they're taking. And it feels very professionalized. So I think like there should definitely be at least a class for the MPA, not just for pedagogical intention, but for social cohesion.","I don't know if you guys like that. I mean, like, I'm coming at this from talking about intentionality in a specific course or in a day of a classroom because like we have too much core. So it's kind of the opposite of the problem. So like I think that my degree feels very intentional. I know exactly like what I'm doing. I think any graduate of the MPAID has like a core toolkit that they're taking. And it feels very professionalized. So I think like there should definitely be at least a class for the MPA, not just for pedagogical intention, but for social cohesion.",107
595,MIXED,Speaker 1,False,43:28:00,156480,"I had no idea you guys had never taken it. No, like that's kind of, it's like, I get that the point is for flexibility.","I had no idea you guys had never taken it. No, like that's kind of, it's like, I get that the point is for flexibility.",25
596,MIXED,Speaker 6,False,43:35:00,156900,"So you don't want to over architect it. But at the same time, like if you have no, like what, like not even one core classic, I didn't even know that. But I think like the other thing that I think we can comment on that helps like tie our experience together is like we have this joint degree class that's like facilitated by HBS and HKS together for the MPPs and MPAIDs who are joint with HBS only. And that's like for all three years. And it's, I think it's just like a really great mechanism to bring together these dualies. And so like, it doesn't have to be an MPA core, but it could be again, like, how do you bring together your MBA with your flexible MPA? Like, I just, I feel like just having one thing to put it all together would fix exactly the problems you're having.","So you don't want to over architect it. But at the same time, like if you have no, like what, like not even one core classic, I didn't even know that. But I think like the other thing that I think we can comment on that helps like tie our experience together is like we have this joint degree class that's like facilitated by HBS and HKS together for the MPPs and MPAIDs who are joint with HBS only. And that's like for all three years. And it's, I think it's just like a really great mechanism to bring together these dualies. And so like, it doesn't have to be an MPA core, but it could be again, like, how do you bring together your MBA with your flexible MPA? Like, I just, I feel like just having one thing to put it all together would fix exactly the problems you're having.",152
597,MIXED,Moderator,True,44:20:00,159600,"Let's, um, let's just take one more comment on intentionality, which I want to draw out of you because I don't think we've heard about intentionality of course design from you.","Let's, um, let's just take one more comment on intentionality, which I want to draw out of you because I don't think we've heard about intentionality of course design from you.",31
598,MIXED,Speaker 5,False,44:31:00,160260,"Yeah, I'm going to comment on something tangential. Okay. I had an idea, so I wrote it down. We were talking about the core. I'll talk about the MPP core. Yes. And basically, I know everyone has a thought on the MPP core, but here's what I think it should be.","Yeah, I'm going to comment on something tangential. Okay. I had an idea, so I wrote it down. We were talking about the core. I'll talk about the MPP core. Yes. And basically, I know everyone has a thought on the MPP core, but here's what I think it should be.",51
599,MIXED,Speaker 6,False,44:45:00,161100,Yes.,Yes.,1
600,MIXED,Speaker 5,False,44:46:00,161160,"So the first thing I'll say is I've spent a lot of time doing research here on AI, and the biggest thing is we were talking about the lecture-based formats of these classrooms. I would just implore the school to recognize that as AI gets better, expertise is free and fast. In the user's best format, lectures will not matter. And I think a lot of the things that [NAME] was saying was that a lot of the teachers here designed the course about what they want to talk about, not about what's best for the student to learn. And so this is all part of the same shift that I'm recommending. In terms of tying it all together, I think we need to stop thinking about, especially at the MPP core and probably for the MPAID, thinking about topics and start thinking about functions. That if we were to have an end-to-end workflow of something that a government does, like what are the skills that I need, I think that's what the RC core does pretty well. The MPAID core does that. Okay. Then let me just say that for the MPP core, here's what I would recommend that it needs to shift to. There needs to be a finance and budgeting class so that the people in my HKS classes actually know what the hell it means to take an equity stake versus just provide debt. Like, it's so crazy. There should be an operations class. There should be a leadership class. There should be negotiations. We already have that. We already have micro. The second semester, you need a strategy class, like an actual strategy class. I learned more about strategy in our business school joint degree capstone than I learned in any HKS class.","So the first thing I'll say is I've spent a lot of time doing research here on AI, and the biggest thing is we were talking about the lecture-based formats of these classrooms. I would just implore the school to recognize that as AI gets better, expertise is free and fast. In the user's best format, lectures will not matter. And I think a lot of the things that was saying was that a lot of the teachers here designed the course about what they want to talk about, not about what's best for the student to learn. And so this is all part of the same shift that I'm recommending. In terms of tying it all together, I think we need to stop thinking about, especially at the MPP core and probably for the MPAID, thinking about topics and start thinking about functions. That if we were to have an end-to-end workflow of something that a government does, like what are the skills that I need, I think that's what the RC core does pretty well. The MPAID core does that. Okay. Then let me just say that for the MPP core, here's what I would recommend that it needs to shift to. There needs to be a finance and budgeting class so that the people in my HKS classes actually know what the hell it means to take an equity stake versus just provide debt. Like, it's so crazy. There should be an operations class. There should be a leadership class. There should be negotiations. We already have that. We already have micro. The second semester, you need a strategy class, like an actual strategy class. I learned more about strategy in our business school joint degree capstone than I learned in any HKS class.",297
601,MIXED,Speaker 8,False,46:12:00,166320,"And by strategy, you mean policy strategy?","And by strategy, you mean policy strategy?",7
602,MIXED,Speaker 5,False,46:14:00,166440,"No, I mean grand strategy. I mean, how to look at it from a strategy perspective, like, it's not like our strategy, but like, hey, can you identify like diagnosis situation and why something's not working? Guiding principles, whatever. Like, why is the [NAME] strategy working and the [NAME] strategy isn't? U.S. hasn't had a U.S. grand strategy in forever. I'm not saying it needs to be grand strategy, but you should understand the components of grand strategy. Yeah. Just strategy. or like I'm going to try and reform the city council. An AI class, ethics class should stay there, macro, and then you should specialize your IGA 100, your BGP development, whatever, that should be your 100. But to answer the original question, which I think was about intentionality, my general feedback mirrors [NAME]. Like I think that was a very helpful way to tie it all together. I think that the intentionality of the [NAME] [NAME] in general should be a utilitarian perspective where like from the beginning I can say I'm taking this class because I'm going to learn this I want to develop these skills and these are important","No, I mean grand strategy. I mean, how to look at it from a strategy perspective, like, it's not like our strategy, but like, hey, can you identify like diagnosis situation and why something's not working? Guiding principles, whatever. Like, why is the strategy working and the strategy isn't? U.S. hasn't had a U.S. grand strategy in forever. I'm not saying it needs to be grand strategy, but you should understand the components of grand strategy. Yeah. Just strategy. or like I'm going to try and reform the city council. An AI class, ethics class should stay there, macro, and then you should specialize your IGA 100, your BGP development, whatever, that should be your 100. But to answer the original question, which I think was about intentionality, my general feedback mirrors . Like I think that was a very helpful way to tie it all together. I think that the intentionality of the in general should be a utilitarian perspective where like from the beginning I can say I'm taking this class because I'm going to learn this I want to develop these skills and these are important",189
603,MIXED,Speaker 6,False,47:18:00,170280,"skills in my tool set for wherever I'm going and if you're taking a core class it should be very clear what that skill is because it sounds like that's what's missing in the MPP because like at least for my core classes I know what I'm getting out of them even if I don't want to take them and like I know what I'm getting out of my electives, but I still have my core, which I think is more of your problem. So I think like...","skills in my tool set for wherever I'm going and if you're taking a core class it should be very clear what that skill is because it sounds like that's what's missing in the MPP because like at least for my core classes I know what I'm getting out of them even if I don't want to take them and like I know what I'm getting out of my electives, but I still have my core, which I think is more of your problem. So I think like...",88
604,MIXED,Moderator,True,47:40:00,171600,"Let me push about how you know with such certainty. Is it because learning goals are specified so clearly about what the outcome of taking that course will be in a written form in the syllabus, or is it coming from sort of you making an assessment, looking at what you're going to be asked to do and read and participate? Like, how is it that you feel that you have that certainty, but it seems lacking in the MPP core?","Let me push about how you know with such certainty. Is it because learning goals are specified so clearly about what the outcome of taking that course will be in a written form in the syllabus, or is it coming from sort of you making an assessment, looking at what you're going to be asked to do and read and participate? Like, how is it that you feel that you have that certainty, but it seems lacking in the MPP core?",81
605,MIXED,Speaker 6,False,48:07:00,173220,"I think it has to do with just how the MPAID administration runs the program. So, like, we have the math camp thing in [NAME] before school starts. Like, math camp itself, like, is horrible and stupid, and that's, like, that's literally a whole other meeting. But at least in that month on campus before school starts, like, there's a lot of programming of, like, what are all your classes? and like how do they all fit together and what is the like you know development economist toolkit that you're going to be building and like it just like and it's kind of reinforced periodically by administration like every semester when we have like a welcome to the start of the semester like yeah here's how it all fits together like it's not a class right like it's there's a size","I think it has to do with just how the MPAID administration runs the program. So, like, we have the math camp thing in before school starts. Like, math camp itself, like, is horrible and stupid, and that's, like, that's literally a whole other meeting. But at least in that month on campus before school starts, like, there's a lot of programming of, like, what are all your classes? and like how do they all fit together and what is the like you know development economist toolkit that you're going to be building and like it just like and it's kind of reinforced periodically by administration like every semester when we have like a welcome to the start of the semester like yeah here's how it all fits together like it's not a class right like it's there's a size",140
606,MIXED,Moderator,True,48:46:00,175560,differential in the MPAID cohort size and the mpp cohort size do you think that has an influence on the dis i'll just use a word here the dissipation of you know what the goals and intentionality,differential in the MPAID cohort size and the mpp cohort size do you think that has an influence on the dis i'll just use a word here the dissipation of you know what the goals and intentionality,37
607,MIXED,Speaker 5,False,48:58:00,176280,"is? No, I think that it's just trying to it's trying to solve the wrong problem and it's not solving that problem well even though it's the wrong problem. I don't need to know how to program an R code for anything I'm ever going to do ever in my life and I don't think any public servant does either but yet we're required to take econometrics and statistics but you can place out of it so it's like also if it's required, it's required again, I'm old school But then the second part is like, I think you should have a good sense of economic understanding if you're going to write policy. But I don't need to spend six weeks doing like graphing utility curves and supply and demand curves. I need to see examples. Again, I'm a big believer it should be like a case based thing. I think it's super helpful. But like if you're going, we should be talking about why the principles that would work for local budgetary concerns and policy like on [NAME] [NAME] wouldn't work when we're talking about development finance. Like, those differences are what we need to learn. We don't need to learn the underlying economics and calculus underneath it.","is? No, I think that it's just trying to it's trying to solve the wrong problem and it's not solving that problem well even though it's the wrong problem. I don't need to know how to program an R code for anything I'm ever going to do ever in my life and I don't think any public servant does either but yet we're required to take econometrics and statistics but you can place out of it so it's like also if it's required, it's required again, I'm old school But then the second part is like, I think you should have a good sense of economic understanding if you're going to write policy. But I don't need to spend six weeks doing like graphing utility curves and supply and demand curves. I need to see examples. Again, I'm a big believer it should be like a case based thing. I think it's super helpful. But like if you're going, we should be talking about why the principles that would work for local budgetary concerns and policy like on wouldn't work when we're talking about development finance. Like, those differences are what we need to learn. We don't need to learn the underlying economics and calculus underneath it.",207
608,MIXED,Speaker 8,False,50:03:00,180180,"And I think maybe what it sounds like you're saying to me is that it is a professional degree. And it's supposed to be a professional degree. And so it should apply in a profession. And, like, there's a broader question of, like, is being a business person a profession? There's actually a lot of debate about this. Is being a public servant a profession in the same way that being a journalist or a doctor or the military is a profession? but I think that there's a degree of my girlfriend was an MPP and graduated last year from the MPP and came in having done no policy work and with an [NAME] literature major and there were classes she took that including the sort of big intro to public finance and budgeting class that were really significant to her but were not in the core and I think that sometimes the core the scapegoat argument around the MPP core is we have a lot of people from diverse backgrounds, so we can't teach them all the same things. We have to do all this one-on-one stuff, but you can do one-on-one stuff that is part of a professional","And I think maybe what it sounds like you're saying to me is that it is a professional degree. And it's supposed to be a professional degree. And so it should apply in a profession. And, like, there's a broader question of, like, is being a business person a profession? There's actually a lot of debate about this. Is being a public servant a profession in the same way that being a journalist or a doctor or the military is a profession? but I think that there's a degree of my girlfriend was an MPP and graduated last year from the MPP and came in having done no policy work and with an literature major and there were classes she took that including the sort of big intro to public finance and budgeting class that were really significant to her but were not in the core and I think that sometimes the core the scapegoat argument around the MPP core is we have a lot of people from diverse backgrounds, so we can't teach them all the same things. We have to do all this one-on-one stuff, but you can do one-on-one stuff that is part of a professional",199
609,MIXED,Speaker 6,False,51:02:00,183720,"degree. You can also have it be during the summer because at HBS, if you don't know what a balance sheet is, you're not sitting in accounting one-on-one day one learning that. Like there's an expectation that you do the 90 hour pre-accounting course because like we're going straight into bookkeeping, bookkeeping and networking. Like you, you can't like come in with nothing, even if you aren't someone who's taken an accounting class before coming to business school. So I think if it is a graduate professional degree and like there is a need, because like I do see why you're graphing, you know, supply and demand and like you're building the building blocks of economic intuition before you can apply it to finance. But like if there are people coming in with that background and you want to have more room for this, like why can't there be an online course?","degree. You can also have it be during the summer because at HBS, if you don't know what a balance sheet is, you're not sitting in accounting one-on-one day one learning that. Like there's an expectation that you do the 90 hour pre-accounting course because like we're going straight into bookkeeping, bookkeeping and networking. Like you, you can't like come in with nothing, even if you aren't someone who's taken an accounting class before coming to business school. So I think if it is a graduate professional degree and like there is a need, because like I do see why you're graphing, you know, supply and demand and like you're building the building blocks of economic intuition before you can apply it to finance. But like if there are people coming in with that background and you want to have more room for this, like why can't there be an online course?",152
610,MIXED,Speaker 7,False,51:44:00,186240,"I don't know. I think I would sort of push back on what you said. I mean, I think professionals, people in government, people, they can do technical work. And these technical classes are useful, I think. Maybe they're not always done well or taught the way that you'd like. But I think knowing how to do economics and knowing the theory behind the economics is important in order to be a good economist, at least from my perspective. I've enjoyed a lot of the more technical components.","I don't know. I think I would sort of push back on what you said. I mean, I think professionals, people in government, people, they can do technical work. And these technical classes are useful, I think. Maybe they're not always done well or taught the way that you'd like. But I think knowing how to do economics and knowing the theory behind the economics is important in order to be a good economist, at least from my perspective. I've enjoyed a lot of the more technical components.",88
611,MIXED,Speaker 4,False,52:11:00,187860,"I guess what I understood is I thought [NAME] was saying, like, you should come with that background already, otherwise do it during the summer.","I guess what I understood is I thought was saying, like, you should come with that background already, otherwise do it during the summer.",24
612,MIXED,Speaker 5,False,52:17:00,188220,"advanced courses too. But if you want to be an economist, go get an economist degree. What I'm saying is five years from now, I think public policy folks and public administrators are just going to queue up [NAME] or some AI and validate their economic intuition to make sure that the numbers run well. I don't think they're going to have as much of a need for those technical capabilities. That's kind of dangerous though, I think. Well, that's a whole AI integration into our knowledge skill set conversation, which I don't know is utilitarian here. But what I'm saying is that like, to [NAME]'s point, like if you didn't take economics in college, like you have a summer course rather than the like 40 negotiations readings that I had to do. And then when we show up, we're going to start applying the principles of supply and demand. But yeah, if you need to catch up, that's fine. But I don't get the sense the majority people in my economics class for the MPP core, we're sitting there learning brand new material.","advanced courses too. But if you want to be an economist, go get an economist degree. What I'm saying is five years from now, I think public policy folks and public administrators are just going to queue up or some AI and validate their economic intuition to make sure that the numbers run well. I don't think they're going to have as much of a need for those technical capabilities. That's kind of dangerous though, I think. Well, that's a whole AI integration into our knowledge skill set conversation, which I don't know is utilitarian here. But what I'm saying is that like, to 's point, like if you didn't take economics in college, like you have a summer course rather than the like 40 negotiations readings that I had to do. And then when we show up, we're going to start applying the principles of supply and demand. But yeah, if you need to catch up, that's fine. But I don't get the sense the majority people in my economics class for the MPP core, we're sitting there learning brand new material.",183
613,MIXED,Speaker 8,False,53:08:00,191280,"And I think maybe to a [NAME]'s point, like, I do think that R would be helpful if you're trying to be an economist, but I do think that if you go and look at the jobs that people have out of HKS, people aren't going to be economists. And I wonder how much... Other people will.","And I think maybe to a 's point, like, I do think that R would be helpful if you're trying to be an economist, but I do think that if you go and look at the jobs that people have out of HKS, people aren't going to be economists. And I wonder how much... Other people will.",57
614,MIXED,Speaker 4,False,53:24:00,192240,But it's MPAIDs mostly.,But it's MPAIDs mostly.,4
615,MIXED,Speaker 8,False,53:25:00,192300,Yeah. I just don't know how many of the MPPs are MPAs.,Yeah. I just don't know how many of the MPPs are MPAs.,12
616,MIXED,Speaker 5,False,53:29:00,192540,People are taking all the classes with R and using [NAME] or ChatGPT to write the code right now anyways. So that's in the class right now. So why are we even bothering with teaching them more?,People are taking all the classes with R and using or ChatGPT to write the code right now anyways. So that's in the class right now. So why are we even bothering with teaching them more?,36
617,MIXED,Speaker 4,False,53:40:00,193200,"But then at that point, you're like, why bother learning to write?","But then at that point, you're like, why bother learning to write?",12
618,MIXED,Speaker 5,False,53:43:00,193380,"Okay, that's the whole AI education discussion.","Okay, that's the whole AI education discussion.",7
619,MIXED,Speaker 6,False,53:46:00,193560,What I'm saying is that if you...,What I'm saying is that if you...,7
620,MIXED,Speaker 1,False,53:48:00,193680,People need to know how something works.,People need to know how something works.,7
621,MIXED,Speaker 6,False,53:49:00,193740,"I still think that there should be, like, the expectation you use are, whether it's, like, with quad code or you're learning it yourself. Like, I still think, like, all of these technical things should be taught in the core. But my broader point is, like, if there isn't a baseline level of basics, this is a graduate degree. Like, you can have coursework that gets people to a baseline so that it doesn't feel as rudimentary and elementary for some of the MPP core and maybe create room for some of the things that [NAME] is adding. But I think it's just this idea of, like, it's actually smaller tweaks than you think, because I agree with you. I don't think you should take out these technical components, but you should be more strategic of how you actually lever the two years in the class time.","I still think that there should be, like, the expectation you use are, whether it's, like, with quad code or you're learning it yourself. Like, I still think, like, all of these technical things should be taught in the core. But my broader point is, like, if there isn't a baseline level of basics, this is a graduate degree. Like, you can have coursework that gets people to a baseline so that it doesn't feel as rudimentary and elementary for some of the MPP core and maybe create room for some of the things that is adding. But I think it's just this idea of, like, it's actually smaller tweaks than you think, because I agree with you. I don't think you should take out these technical components, but you should be more strategic of how you actually lever the two years in the class time.",146
622,MIXED,Moderator,True,54:29:00,196140,"Okay. We're going to—this has been [NAME], and I'm scrapping part of my plan in midway because the scenarios that I was, yeah, we've covered them. Don't want to be bored. Want to move on, move on. So what we're going to do now is we're going to close with a couple of things. I think that so many powerful ideas have been laid out by each person here at the table. But what I would like to do is have you kind of pick the thing that really you want to bring forward the strongest. And then we're going to just do a little intensity exercise with voting with check marks on the whiteboard, just to sort of be like, what's the temperature from our collective? And so you'll have an allocation of that. Then the final thing we'll end with is, there are things that we probably didn't ask that you really wish that we would have asked. Like, I think this free-form discussion was actually extremely productive, because it's going to be part of, it is the qualitative data that we were seeking. It is the qualitative data that was meant to be stimulated by scenarios. that we didn't need because you guys came primed to share, which is awesome.","Okay. We're going to—this has been , and I'm scrapping part of my plan in midway because the scenarios that I was, yeah, we've covered them. Don't want to be bored. Want to move on, move on. So what we're going to do now is we're going to close with a couple of things. I think that so many powerful ideas have been laid out by each person here at the table. But what I would like to do is have you kind of pick the thing that really you want to bring forward the strongest. And then we're going to just do a little intensity exercise with voting with check marks on the whiteboard, just to sort of be like, what's the temperature from our collective? And so you'll have an allocation of that. Then the final thing we'll end with is, there are things that we probably didn't ask that you really wish that we would have asked. Like, I think this free-form discussion was actually extremely productive, because it's going to be part of, it is the qualitative data that we were seeking. It is the qualitative data that was meant to be stimulated by scenarios. that we didn't need because you guys came primed to share, which is awesome.",213
623,MIXED,Speaker 8,False,55:36:00,200160,We came stimulated.,We came stimulated.,3
624,MIXED,Moderator,True,55:37:00,200220,"We came stimulated. I'm not sure what coffee break you may have had, but I'm going to go get that coffee break next time. In any case, so why don't we start with just, and you can put just whatever idea that you want strongest to come out, and it could be the macro idea. It could be just the things that are going to make everything run better. And, in fact, if we have enough time, you don't want to split?","We came stimulated. I'm not sure what coffee break you may have had, but I'm going to go get that coffee break next time. In any case, so why don't we start with just, and you can put just whatever idea that you want strongest to come out, and it could be the macro idea. It could be just the things that are going to make everything run better. And, in fact, if we have enough time, you don't want to split?",82
625,MIXED,Speaker 8,False,56:04:00,201840,"No, no, no. I love it.","No, no, no. I love it.",6
626,MIXED,Moderator,True,56:06:00,201960,Let's do it.,Let's do it.,3
627,MIXED,Speaker 8,False,56:08:00,202080,"I mean, we're a small group. Wait, how?","I mean, we're a small group. Wait, how?",8
628,MIXED,Moderator,True,56:10:00,202200,You're fast thinkers.,You're fast thinkers.,3
629,MIXED,Speaker 8,False,56:11:00,202260,Can we put something that literally will never happen?,Can we put something that literally will never happen?,9
630,MIXED,Moderator,True,56:13:00,202380,Yes.,Yes.,1
631,MIXED,Speaker 8,False,56:14:00,202440,If I feel really strongly about it? Because I know it'll never happen. Do you know what it is?,If I feel really strongly about it? Because I know it'll never happen. Do you know what it is?,19
632,MIXED,Moderator,True,56:18:00,202680,No.,No.,1
633,MIXED,Speaker 8,False,56:18:00,202680,"No, you know.","No, you know.",3
634,MIXED,Moderator,True,56:19:00,202740,"Okay, okay. I think that's totally fine.","Okay, okay. I think that's totally fine.",7
635,MIXED,Speaker 6,False,56:22:00,202920,So we write it down?,So we write it down?,5
636,MIXED,Speaker 1,False,56:23:00,202980,"Oh, it's a secret vault.","Oh, it's a secret vault.",5
637,MIXED,Moderator,True,56:25:00,203100,"No, no, don't write it down on the cards. Because on the cards, we're just going to save the cards for, like, what did we not ask? Lori's going to whiteboard it. And, you know, honestly, because you guys are fast moving and you're really clear thinkers, it might be that we end up doing two rounds of ideas. Let's do it. That'd be fun. Let's do two. Let's do two, right?","No, no, don't write it down on the cards. Because on the cards, we're just going to save the cards for, like, what did we not ask? Lori's going to whiteboard it. And, you know, honestly, because you guys are fast moving and you're really clear thinkers, it might be that we end up doing two rounds of ideas. Let's do it. That'd be fun. Let's do two. Let's do two, right?",72
638,MIXED,Speaker 8,False,56:45:00,204300,I'm not doing anything all day.,I'm not doing anything all day.,6
639,MIXED,Moderator,True,56:46:00,204360,Huh?,Huh?,1
640,MIXED,Speaker 8,False,56:47:00,204420,Except for planning. It's been a great trip.,Except for planning. It's been a great trip.,8
641,MIXED,Moderator,True,56:49:00,204540,"Okay. So, [NAME], we're going to end up with 12 ideas. So you can say one at a time or you can say both if you wish to. So [NAME], give us the never will happen blue sky.","Okay. So, , we're going to end up with 12 ideas. So you can say one at a time or you can say both if you wish to. So , give us the never will happen blue sky.",38
642,MIXED,Speaker 8,False,57:02:00,205320,The purest version of the idea is no MCMPAs. The actual version of the idea is have some classes that are not able to be enrolled by MCMPAs.,The purest version of the idea is no MCMPAs. The actual version of the idea is have some classes that are not able to be enrolled by MCMPAs.,28
643,MIXED,Speaker 4,False,57:12:00,205920,All right. And maybe... Can we add to it?,All right. And maybe... Can we add to it?,9
644,MIXED,Moderator,True,57:17:00,206220,"No, don't enhance... Don't enhance... In certain classes. We want your own idea. I have a page about that one. If your idea is sort of like spot on exact, we can, you know, we can, we can double up. So that's, that's one. Yeah.","No, don't enhance... Don't enhance... In certain classes. We want your own idea. I have a page about that one. If your idea is sort of like spot on exact, we can, you know, we can, we can double up. So that's, that's one. Yeah.",45
645,MIXED,Speaker 4,False,57:31:00,207060,And CMPA is just for social because that's where I got that boyfriend.,And CMPA is just for social because that's where I got that boyfriend.,13
646,MIXED,Speaker 8,False,57:38:00,207480,All right.,All right.,2
647,MIXED,Speaker 4,False,57:38:00,207480,You can add that. All right.,You can add that. All right.,6
648,MIXED,Moderator,True,57:39:00,207540,"So we'll underline, we'll underline certain classes. Okay. All right. Who would like to come up with a second strong, big, powerful idea that we're going to check on?","So we'll underline, we'll underline certain classes. Okay. All right. Who would like to come up with a second strong, big, powerful idea that we're going to check on?",29
649,MIXED,Speaker 6,False,57:50:00,208200,I just think that there could be a pretty big facelift to the MPAID core.,I just think that there could be a pretty big facelift to the MPAID core.,15
650,MIXED,Moderator,True,57:56:00,208560,Awesome.,Awesome.,1
651,MIXED,Speaker 6,False,57:58:00,208680,"Both like macro of all the classes combined and how we think about allotting elective credits, but also like within certain classes as well. It's the MPAID.","Both like macro of all the classes combined and how we think about allotting elective credits, but also like within certain classes as well. It's the MPAID.",27
652,MIXED,Moderator,True,58:08:00,209280,"You should put MPAID because it's like, yeah. And this is interesting because it might, because you're the person most affected by it, Like, it may not gather the intensity of, you know, when we do our little collective exercise, but it's fine because we have a lot of information.","You should put MPAID because it's like, yeah. And this is interesting because it might, because you're the person most affected by it, Like, it may not gather the intensity of, you know, when we do our little collective exercise, but it's fine because we have a lot of information.",50
653,MIXED,Speaker 6,False,58:25:00,210300,"Yeah, and I think, like, part of that is actually potentially related to the MPA, since they are both an MPA. It's like, I'm one of two or three [NAME] in the MPAID, and that's how it is every year. And there's kind of an aversion from the administration and, like, the intention of the MPAID to like have it be more focused on like economic development not necessarily internationally because like for me this is like where I want to focus on development the reason I wanted the MPAID is for the economist like toolkit because that's that's offered and so it's like why can't it be the MPAID because I think like in a world you could attract a lot more [NAME] you could have some of the like electives or focus be more international for the international students we'll hold on the details","Yeah, and I think, like, part of that is actually potentially related to the MPA, since they are both an MPA. It's like, I'm one of two or three in the MPAID, and that's how it is every year. And there's kind of an aversion from the administration and, like, the intention of the MPAID to like have it be more focused on like economic development not necessarily internationally because like for me this is like where I want to focus on development the reason I wanted the MPAID is for the economist like toolkit because that's that's offered and so it's like why can't it be the MPAID because I think like in a world you could attract a lot more you could have some of the like electives or focus be more international for the international students we'll hold on the details",144
654,MIXED,Moderator,True,59:10:00,213000,So that we can make sure we finish.,So that we can make sure we finish.,8
655,MIXED,Speaker 6,False,59:12:00,213120,"Yeah, just because if you kind of rethink some parts of the MPAIDea, it could potentially solve some of the MPA issues.","Yeah, just because if you kind of rethink some parts of the MPAIDea, it could potentially solve some of the MPA issues.",22
656,MIXED,Moderator,True,59:18:00,213480,"So, [NAME], could you add rethink the core and rethink the global?","So, , could you add rethink the core and rethink the global?",12
657,MIXED,Speaker 6,False,59:24:00,213840,"Yeah, rethink the like...","Yeah, rethink the like...",4
658,MIXED,Moderator,True,59:25:00,213900,Global only focus or...,Global only focus or...,4
659,MIXED,Speaker 6,False,59:27:00,214020,"Yeah, the non-US focus.","Yeah, the non-US focus.",4
660,MIXED,Moderator,True,59:29:00,214140,"Yes, the non-US focus. Okay, who would like to add another big idea here?","Yes, the non-US focus. Okay, who would like to add another big idea here?",14
661,MIXED,Speaker 4,False,59:35:00,214500,"I'll add something. I think for the MPA program, I would say it needs a core component, a community component, and a guidance component, or you scratch the program altogether.","I'll add something. I think for the MPA program, I would say it needs a core component, a community component, and a guidance component, or you scratch the program altogether.",30
662,MIXED,Speaker 7,False,59:52:00,215520,"Facelift or destroy. Don't eliminate it after I graduate, though.","Facelift or destroy. Don't eliminate it after I graduate, though.",10
663,MIXED,Speaker 6,False,59:56:00,215760,"I think you guys need more than a facelift, though.","I think you guys need more than a facelift, though.",10
664,MIXED,Moderator,True,1:00:00,3600,"Okay, we have three more boxes to fill in. Is that right? No, there's only five of us. So, five, sorry, seven of us, five of you.","Okay, we have three more boxes to fill in. Is that right? No, there's only five of us. So, five, sorry, seven of us, five of you.",27
665,MIXED,Speaker 7,False,1:00:11,3611,"Oh. Yeah. I mean, I'll go back to what I've been saying, but caps on class size. Yeah, I think some of my classes have just felt too big for a graduate program. That's good.","Oh. Yeah. I mean, I'll go back to what I've been saying, but caps on class size. Yeah, I think some of my classes have just felt too big for a graduate program. That's good.",35
666,MIXED,Speaker 4,False,1:00:28,3628,"Okay, that will be resolved with [NAME]'s input. Last one. Last one.","Okay, that will be resolved with 's input. Last one. Last one.",12
667,MIXED,Speaker 5,False,1:00:32,3632,require at least two years of professional work experience for all degree programs. That's your requirements.,require at least two years of professional work experience for all degree programs. That's your requirements.,16
668,MIXED,Speaker 6,False,1:00:38,3638,"I think that's part of the professionalism problem, too. They're all, like, straight from college.","I think that's part of the professionalism problem, too. They're all, like, straight from college.",15
669,MIXED,Speaker 4,False,1:00:44,3644,"Two is also, like, not okay.","Two is also, like, not okay.",6
670,MIXED,Speaker 5,False,1:00:46,3646,"Two is not enough. I would say four, but two is a minimum now. Wait, two is crazy. I like two. Okay.","Two is not enough. I would say four, but two is a minimum now. Wait, two is crazy. I like two. Okay.",22
671,MIXED,Moderator,True,1:00:53,3653,All right. So I think that...,All right. So I think that...,6
672,MIXED,Speaker 5,False,1:00:56,3656,"That's what I'm keeping in mind with, like, electoral seasons. so every two years people might need a new job. I think what we are going to do now is on your card,","That's what I'm keeping in mind with, like, electoral seasons. so every two years people might need a new job. I think what we are going to do now is on your card,",33
673,MIXED,Moderator,True,1:01:09,3669,"you have two plus check marks and you have one X. We want you to use your check marks, and you can put two on one idea, you can put one on, you know, one each on two ideas. We're just going to test the intensity. It could be your idea. It doesn't have to be someone else's idea. We're just getting the collective vibe. The X is if you want to decrease the intensity of an idea. That's all. You don't have to use the X, but we want you to use the checks.","you have two plus check marks and you have one X. We want you to use your check marks, and you can put two on one idea, you can put one on, you know, one each on two ideas. We're just going to test the intensity. It could be your idea. It doesn't have to be someone else's idea. We're just getting the collective vibe. The X is if you want to decrease the intensity of an idea. That's all. You don't have to use the X, but we want you to use the checks.",95
674,MIXED,Speaker 6,False,1:01:36,3696,"I really like everything, and I don't care about [NAME]. That's perfect. Yeah, I have to...","I really like everything, and I don't care about . That's perfect. Yeah, I have to...",16
675,MIXED,Speaker 4,False,1:01:44,3704,We can vote for the same one. Double.,We can vote for the same one. Double.,8
676,MIXED,Speaker 6,False,1:01:48,3708,"Yes, yes, you can. I'm doubling just because it's such a specific issue. It's just me and this person.","Yes, yes, you can. I'm doubling just because it's such a specific issue. It's just me and this person.",19
677,MIXED,Speaker 1,False,1:01:54,3714,"And strongly felt, right? And strongly felt.","And strongly felt, right? And strongly felt.",7
678,MIXED,Speaker 7,False,1:01:56,3716,And I think it can be made better. I've never understood.,And I think it can be made better. I've never understood.,11
679,MIXED,Speaker 8,False,1:02:01,3721,They actually drive me insane.,They actually drive me insane.,5
680,MIXED,Speaker 7,False,1:02:02,3722,"They've never really bothered me that much, to be honest.","They've never really bothered me that much, to be honest.",10
681,MIXED,Speaker 8,False,1:02:04,3724,"I just think that they're the pre-example of the years. Yeah, sure, put your ex.","I just think that they're the pre-example of the years. Yeah, sure, put your ex.",15
682,MIXED,Moderator,True,1:02:09,3729,"We put our ex? You don't have to. Oh, okay. You don't have to. No, you don't have to. To diminish. I just don't. I just, I wanted there to be some mechanism for saying, yeah, no. Okay, thank you for that. Now, in our closing minutes, and we are going to end, in our closing minutes that we know in something like this, there's always something that we didn't ask that you thought, I wish they had asked that. And that's what I want you to record on one side of your white index card. I wish something that wasn't asked that you really think could have been asked or that the school leadership, you know, should ask about or needs to know.","We put our ex? You don't have to. Oh, okay. You don't have to. No, you don't have to. To diminish. I just don't. I just, I wanted there to be some mechanism for saying, yeah, no. Okay, thank you for that. Now, in our closing minutes, and we are going to end, in our closing minutes that we know in something like this, there's always something that we didn't ask that you thought, I wish they had asked that. And that's what I want you to record on one side of your white index card. I wish something that wasn't asked that you really think could have been asked or that the school leadership, you know, should ask about or needs to know.",124
683,MIXED,Speaker 6,False,1:03:21,3801,And I'm happy to talk quickly if you need on that.,And I'm happy to talk quickly if you need on that.,11
684,MIXED,Moderator,True,1:03:24,3804,Thank you. Me too. Thank you.,Thank you. Me too. Thank you.,6
685,MIXED,Speaker 1,False,1:03:36,3816,Thank you.,Thank you.,2
686,MIXED,Moderator,True,1:03:45,3825,"Thank you. Thanks. Any other notes that you do have you want to share? No, that was for you. You have extra notes. Yeah, it's just my notes on the core. You can take it if you want. Sure. Thank you.","Thank you. Thanks. Any other notes that you do have you want to share? No, that was for you. You have extra notes. Yeah, it's just my notes on the core. You can take it if you want. Sure. Thank you.",41
687,MIXED,Speaker 7,False,1:04:01,3841,I'll just say like my...,I'll just say like my...,5
688,MIXED,Moderator,True,1:04:03,3843,"Oh, wait. No, this is your voucher.","Oh, wait. No, this is your voucher.",7
689,MIXED,Speaker 7,False,1:04:04,3844,That's okay.,That's okay.,2
690,MIXED,Moderator,True,1:04:05,3845,"Oh, no. It's a good voucher.","Oh, no. It's a good voucher.",6
691,MIXED,Speaker 7,False,1:04:08,3848,It's okay. All right. You can grab my notes. I'm the only non-business duel here. I'm with the design school.,It's okay. All right. You can grab my notes. I'm the only non-business duel here. I'm with the design school.,20
692,MIXED,Moderator,True,1:04:16,3856,"Oh, yeah.","Oh, yeah.",2
693,MIXED,Speaker 7,False,1:04:16,3856,Yeah.,Yeah.,1
694,MIXED,Moderator,True,1:04:17,3857,Yeah.,Yeah.,1
695,MIXED,Speaker 7,False,1:04:18,3858,"Okay. I would say from a professionalism standpoint, HKS is head and shoulders above the design school. Okay. Where nobody pays attention in class whatsoever. Everyone's on a laptop, even in the front row, not looking at the front of the room. So HKS does well in that respect compared to the GSD.","Okay. I would say from a professionalism standpoint, HKS is head and shoulders above the design school. Okay. Where nobody pays attention in class whatsoever. Everyone's on a laptop, even in the front row, not looking at the front of the room. So HKS does well in that respect compared to the GSD.",53
696,MIXED,Moderator,True,1:04:38,3878,"Do you, have you ever talked to peers and had them say like, God, it's kind of crappy that way, or it's, you know, everyone's fine with it because everyone's sort of on their own learning path.","Do you, have you ever talked to peers and had them say like, God, it's kind of crappy that way, or it's, you know, everyone's fine with it because everyone's sort of on their own learning path.",37
697,MIXED,Speaker 7,False,1:04:48,3888,"Well, how it works at the GSD is nobody cares about class because everyone's just focused on their studio and design work, which is like 70% of what we do and we're forced to go to class. And then nobody cares about the actual classes. But for people who want to learn in those classes, it can be frustrating.","Well, how it works at the GSD is nobody cares about class because everyone's just focused on their studio and design work, which is like 70% of what we do and we're forced to go to class. And then nobody cares about the actual classes. But for people who want to learn in those classes, it can be frustrating.",59
698,MIXED,Moderator,True,1:05:03,3903,"Yeah, yeah. Okay, thank you. Thank you so much for what it is worth. there is that voucher for you to have perhaps an entire lunch. I'm not sure. Thank you so much for your time today.","Yeah, yeah. Okay, thank you. Thank you so much for what it is worth. there is that voucher for you to have perhaps an entire lunch. I'm not sure. Thank you so much for your time today.",37
699,MIXED,Speaker 6,False,1:05:17,3917,"No, thank you. And I just want to add, because I know we kind of were laying it on thick. Like, a lot of this is coming from a place of love and not like, I wouldn't do this again from like where it stands today. But I think there's just a lot of like little, at least in the MPAID, there's like a lot of friction points and just hearing your problems, including the two years type of thing. I actually think the MPAID does a pretty good job.","No, thank you. And I just want to add, because I know we kind of were laying it on thick. Like, a lot of this is coming from a place of love and not like, I wouldn't do this again from like where it stands today. But I think there's just a lot of like little, at least in the MPAID, there's like a lot of friction points and just hearing your problems, including the two years type of thing. I actually think the MPAID does a pretty good job.",90
700,MIXED,Speaker 1,False,1:05:44,3944,It has a cap side.,It has a cap side.,5
701,MIXED,Speaker 6,False,1:05:46,3946,"There's a lot to learn from the MPAID, but also the core is way bigger than any other core, which is why I'm like, maybe you should rethink that. But the average student age is older, and I think that helps with some of these professionalism issues.","There's a lot to learn from the MPAID, but also the core is way bigger than any other core, which is why I'm like, maybe you should rethink that. But the average student age is older, and I think that helps with some of these professionalism issues.",47
702,MIXED,Moderator,True,1:05:59,3959,"Well, fair enough. I mean, you would have brought such passion if you didn't have sort of a knowing that there could be improvement stuff.","Well, fair enough. I mean, you would have brought such passion if you didn't have sort of a knowing that there could be improvement stuff.",25
703,MIXED,Speaker 6,False,1:06:06,3966,"Yeah, so, but, yeah, I know, thank you so much, and talk board in.","Yeah, so, but, yeah, I know, thank you so much, and talk board in.",14
704,MIXED,Moderator,True,1:06:09,3969,"Thank you so much. Thank you very much. Thank you for coming today. Thank you. Have a good, you know, rest of your day. Evening, day, evening.","Thank you so much. Thank you very much. Thank you for coming today. Thank you. Have a good, you know, rest of your day. Evening, day, evening.",27
705,MIXED,Speaker 6,False,1:06:19,3979,"Yeah, somewhere in the same. It feels more like a day now, but with the sun.","Yeah, somewhere in the same. It feels more like a day now, but with the sun.",16
706,MIXED,Speaker 1,False,1:06:25,3985,"With the sun out, right? Yeah. All right.","With the sun out, right? Yeah. All right.",8
707,MIXED,Speaker 9,False,1:06:37,3997,I had a phone somewhere. I lost the media.,I had a phone somewhere. I lost the media.,9
708,MIXED,Speaker 8,False,1:06:42,4002,"Yeah, I'm sure it's in the bed. Yeah, I feel closer to you, I think, than some of the HBS people, where there's like a really good pedagogy. Because I think Sloan just has a huge amount of variance in the classes. And I feel like this experience has been closer.","Yeah, I'm sure it's in the bed. Yeah, I feel closer to you, I think, than some of the HBS people, where there's like a really good pedagogy. Because I think Sloan just has a huge amount of variance in the classes. And I feel like this experience has been closer.",51
709,MIXED,Speaker 7,False,1:07:05,4025,Yeah.,Yeah.,1
710,MIXED,Speaker 8,False,1:07:06,4026,"Has been closer in quality. Although I really, I think the Sloan core is the right length of a core and the right style of a core. So that's a big difference.","Has been closer in quality. Although I really, I think the Sloan core is the right length of a core and the right style of a core. So that's a big difference.",32
711,MIXED,Speaker 7,False,1:07:14,4034,"I do agree that some sort of core, even just one class. I feel like I'm not part of a cohort. I'm just an individual floating around at HKS.","I do agree that some sort of core, even just one class. I feel like I'm not part of a cohort. I'm just an individual floating around at HKS.",29
712,MIXED,Moderator,True,1:07:29,4049,"It's nice you got a chance to talk to the dean and share those ideas about having some commonality. Wait, you did? You did? I did, yeah. It was like a breakfast with the dean?","It's nice you got a chance to talk to the dean and share those ideas about having some commonality. Wait, you did? You did? I did, yeah. It was like a breakfast with the dean?",35
713,MIXED,Speaker 9,False,1:07:41,4061,"Yeah, exactly.","Yeah, exactly.",2
714,MIXED,Moderator,True,1:07:42,4062,"I did that, too. Were we together, [NAME]?","I did that, too. Were we together, ?",8
715,MIXED,Speaker 9,False,1:07:45,4065,No. I guess he did.,No. I guess he did.,5
716,MIXED,Moderator,True,1:07:51,4071,Thank you so much. Thank you. Thank you for coming today.,Thank you so much. Thank you. Thank you for coming today.,11
717,MPP2,Moderator,True,9:58,598,"Okay, well, we're going to get started, and we might have a couple more people join us, and that's fine. I'm going to sit down. Thank you for coming so much. I'm Maria, and this is Lori. We're from the academic dean's office, and we're here upon the ask of [NAME] to get student comments and inputs on a couple of questions that are going to be part of the vision and strategy initiatives that the deans are kind of carrying forward. So in some ways, this is not like a routine annual thing. This is a special thing to inform the future of things. Kennedy School and specifically we're going to have some questions about teaching and learning. But we'll unfold it. So thank you so much for making time. I'm coming. And hopefully it's just a gesture, but hopefully the coupon for the cafe will at least buy you a very nice warm lunch this winter. So thank you. We're going to record the audio of the session just to support our data analysis but if there's your inputs will be anonymized no names will be used or mentioned or there will be no attributes made to who said what and Lori's also taking some written notes the goal today is to hear your honest perspectives and a few ground rules that will help your expected stay for the full hour hi how are you and there are no wrong answers that were your real reactions, especially because they will be anonymized. Speak from your own experience when you can, and it's okay to disagree, and disagreement is useful for us, especially as some of these ideas will generate different thoughts. Let each other finish before jumping in. I don't have to probably say that to this group. What's said here should stay here, and we ask you not to share others outside the room. Any questions before we start? Okay, great. So, we'll just begin and we'll go around the table and have each person tell us their first name and their hometown. We'll start with you. Ali, I'm from St. D.C.","Okay, well, we're going to get started, and we might have a couple more people join us, and that's fine. I'm going to sit down. Thank you for coming so much. I'm Maria, and this is Lori. We're from the academic dean's office, and we're here upon the ask of to get student comments and inputs on a couple of questions that are going to be part of the vision and strategy initiatives that the deans are kind of carrying forward. So in some ways, this is not like a routine annual thing. This is a special thing to inform the future of things. Kennedy School and specifically we're going to have some questions about teaching and learning. But we'll unfold it. So thank you so much for making time. I'm coming. And hopefully it's just a gesture, but hopefully the coupon for the cafe will at least buy you a very nice warm lunch this winter. So thank you. We're going to record the audio of the session just to support our data analysis but if there's your inputs will be anonymized no names will be used or mentioned or there will be no attributes made to who said what and Lori's also taking some written notes the goal today is to hear your honest perspectives and a few ground rules that will help your expected stay for the full hour hi how are you and there are no wrong answers that were your real reactions, especially because they will be anonymized. Speak from your own experience when you can, and it's okay to disagree, and disagreement is useful for us, especially as some of these ideas will generate different thoughts. Let each other finish before jumping in. I don't have to probably say that to this group. What's said here should stay here, and we ask you not to share others outside the room. Any questions before we start? Okay, great. So, we'll just begin and we'll go around the table and have each person tell us their first name and their hometown. We'll start with you. Ali, I'm from St. D.C.",354
718,MPP2,Speaker 7,False,12:00,720,[NAME] Houston. [NAME]  from Japan. I'm [NAME]  from India.,Houston. from Japan. I'm from India.,6
719,MPP2,Speaker 8,False,12:05,725,I'm [NAME]  from China. I'm Korea. I'm [NAME] from [NAME]. I'm [NAME] . I'm from  Australia.,I'm from China. I'm Korea. I'm from . I'm . I'm from Australia.,13
720,MPP2,Moderator,True,12:13,733,"I'm Maria, and I think I've been in Cambridge a long enough. I have to call it my hometown. I'm Lori. I'm from Nebraska. Okay, so we'll begin. Think about your time in HKS classrooms, and because you're MPP2s, you sort of have one and a half semesters, three semesters under your belt. So not a specific moment, but overall. In a couple of words or a short phrase, how would you describe the classroom course experience? Just a quick gut reaction, and we'll go around in a brief phrase, and Lori will record these on the board. So why don't we start with you, Jane?","I'm Maria, and I think I've been in Cambridge a long enough. I have to call it my hometown. I'm Lori. I'm from Nebraska. Okay, so we'll begin. Think about your time in HKS classrooms, and because you're MPP2s, you sort of have one and a half semesters, three semesters under your belt. So not a specific moment, but overall. In a couple of words or a short phrase, how would you describe the classroom course experience? Just a quick gut reaction, and we'll go around in a brief phrase, and Lori will record these on the board. So why don't we start with you, Jane?",106
721,MPP2,Speaker 8,False,12:51,771,I guess mixed. I don't know if that's a good one.,I guess mixed. I don't know if that's a good one.,11
722,MPP2,Moderator,True,12:54,774,"Yeah, yeah. Mixed in terms of mixed... Quality. Mixed quality. Good. Okay, thank you.","Yeah, yeah. Mixed in terms of mixed... Quality. Mixed quality. Good. Okay, thank you.",14
723,MPP2,Speaker 3,False,13:02,782,I think I'm pretty discussion-heavy for the most part. Mm-hmm. All right.,I think I'm pretty discussion-heavy for the most part. Mm-hmm. All right.,12
724,MPP2,Speaker 9,False,13:08,788,I'd say diversity. Diverse opinions.,I'd say diversity. Diverse opinions.,5
725,MPP2,Moderator,True,13:13,793,Diversity. Diversity of the opinions that surface. Yeah. Okay.,Diversity. Diversity of the opinions that surface. Yeah. Okay.,9
726,MPP2,Speaker 10,False,13:18,798,I think it's like interactive so sometimes we will have like a call or we will have like discussions so I think it's pretty like more like very interactive which I really like it.,I think it's like interactive so sometimes we will have like a call or we will have like discussions so I think it's pretty like more like very interactive which I really like it.,34
727,MPP2,Speaker 6,False,13:31,811,"Okay, thank you. I would second the discussion heavy bit. But I would also say that a lot of times the course, the classroom was in line with expectations based on the course evaluations and like what people have talked about. But there have also been times where it has not, I wouldn't say it's like below expectations, just different from expectations.","Okay, thank you. I would second the discussion heavy bit. But I would also say that a lot of times the course, the classroom was in line with expectations based on the course evaluations and like what people have talked about. But there have also been times where it has not, I wouldn't say it's like below expectations, just different from expectations.",62
728,MPP2,Moderator,True,13:55,835,"Sometimes surprising in either good or bad ways. Both ways, I think.","Sometimes surprising in either good or bad ways. Both ways, I think.",12
729,MPP2,Speaker 6,False,14:02,842,"In both ways. In both ways. Yeah, okay. But if it's not in line with expectations, it's usually a little too bad way. Okay, if it's under expectations. But otherwise, it's not that maybe I was not expecting this. For example, if there's a class that is excessively focused on one aspect of it, but that was not made clear early on, then I would just feel like maybe it was my expectation. Not that it was bad. It was just not in line with what I wanted the learning point.","In both ways. In both ways. Yeah, okay. But if it's not in line with expectations, it's usually a little too bad way. Okay, if it's under expectations. But otherwise, it's not that maybe I was not expecting this. For example, if there's a class that is excessively focused on one aspect of it, but that was not made clear early on, then I would just feel like maybe it was my expectation. Not that it was bad. It was just not in line with what I wanted the learning point.",91
730,MPP2,Moderator,True,14:28,868,"We'll tease out some of the details, especially when we're doing just a few comparative table discussions.","We'll tease out some of the details, especially when we're doing just a few comparative table discussions.",17
731,MPP2,Speaker 6,False,14:35,875,"So varied in some ways, and definitely discussion-heavy, which is great. Okay, thank you.","So varied in some ways, and definitely discussion-heavy, which is great. Okay, thank you.",14
732,MPP2,Speaker 7,False,14:42,882,"I'll second diversity as well, but another thing, maybe sometimes it was kind of ambitious. I don't say we were not seeing the reality, but it's kind of theoretical, or sometimes it's far from the real things going on in the US That's why the part of the world is so kind of obnoxious.","I'll second diversity as well, but another thing, maybe sometimes it was kind of ambitious. I don't say we were not seeing the reality, but it's kind of theoretical, or sometimes it's far from the real things going on in the US That's why the part of the world is so kind of obnoxious.",54
733,MPP2,Speaker 5,False,15:04,904,#NAME? to be like varying quality of discussion. #NAME? #NAME?,to be like varying quality of discussion.,7
734,MPP2,Moderator,True,15:12,912,- That's a good one.,- That's a good one.,5
735,MPP2,Speaker 4,False,15:14,914,"#NAME? #NAME? meeting the academic rigor of the expected, but also not always maybe too academic in the sense where it's not taking in the realities of what's happening in the world. But that's-- again, it goes back to the mix. Like, some classrooms could meet that standard, and others, I think, could not.","meeting the academic rigor of the expected, but also not always maybe too academic in the sense where it's not taking in the realities of what's happening in the world. But that's-- again, it goes back to the mix. Like, some classrooms could meet that standard, and others, I think, could not.",52
736,MPP2,Moderator,True,15:46,946,"So kind of an unevenness. Yeah, unevenness. Some sort of-- OK. OK, great. Thank you so much. So everyone has prior experience in undergraduate and maybe even some graduate classrooms. So really now take a moment to think about how classroom professionalism compares with what you've experienced outside of HKS, elsewhere, and how those environments affected your learning, affect your learning. And it's okay to describe specific moments or courses without using people's names. And you can feel free to interpret professionalism. What we're trying to really evoke are the differences or similarities for even in what you've experienced outside of HKS with what you've experienced here. So why don't I ask for a volunteer to give us sort of an example of that or something that strikes them as comparatively different.","So kind of an unevenness. Yeah, unevenness. Some sort of-- OK. OK, great. Thank you so much. So everyone has prior experience in undergraduate and maybe even some graduate classrooms. So really now take a moment to think about how classroom professionalism compares with what you've experienced outside of HKS, elsewhere, and how those environments affected your learning, affect your learning. And it's okay to describe specific moments or courses without using people's names. And you can feel free to interpret professionalism. What we're trying to really evoke are the differences or similarities for even in what you've experienced outside of HKS with what you've experienced here. So why don't I ask for a volunteer to give us sort of an example of that or something that strikes them as comparatively different.",132
737,MPP2,Speaker 6,False,16:46,1006,Can I ask a clarifying question? Do you mean compared to previous educational experiences or just like?,Can I ask a clarifying question? Do you mean compared to previous educational experiences or just like?,17
738,MPP2,Moderator,True,16:51,1011,"Yeah, so this isn't like HKS course to HKS course. This might be, you know, if you did a prior graduate program or your undergraduate program as well. You know, so that's fine too. But try to compare, but not try to compare to high school.","Yeah, so this isn't like HKS course to HKS course. This might be, you know, if you did a prior graduate program or your undergraduate program as well. You know, so that's fine too. But try to compare, but not try to compare to high school.",46
739,MPP2,Speaker 8,False,17:15,1035,Can we talk about classes with cross-registering maybe as a comparison?,Can we talk about classes with cross-registering maybe as a comparison?,11
740,MPP2,Moderator,True,17:20,1040,"Perfect. If you're cross-registered, that's a perfect comparison. It's sort of outside of our environment here. Yep. You might have one in mind.","Perfect. If you're cross-registered, that's a perfect comparison. It's sort of outside of our environment here. Yep. You might have one in mind.",23
741,MPP2,Speaker 8,False,17:29,1049,"Yeah, I would say that HKS classroom experience has sometimes been really, really good. I want to start there. In that my undergrad, we'd be in much bigger classes. People were sort of more disengaged. Maybe they didn't really want to be in some of those classes. So a lot of those things are better. I think I've taken one class at another school, which was HBS. And so I guess comparing that similar classroom size, one thing I would note was in some of, like compared to most of my HKS classes, the professors seemed more prepared at my HBS class with like a classroom plan, with like timing management, with like figuring out who they wanted to speak or needed to speak in that class. And I think also I generally felt there was less busy work and there was more deep work, which I don't know whether it was just that class because I don't have as many comparators at other places. But that was something that I definitely felt was quite different to HKS.","Yeah, I would say that HKS classroom experience has sometimes been really, really good. I want to start there. In that my undergrad, we'd be in much bigger classes. People were sort of more disengaged. Maybe they didn't really want to be in some of those classes. So a lot of those things are better. I think I've taken one class at another school, which was HBS. And so I guess comparing that similar classroom size, one thing I would note was in some of, like compared to most of my HKS classes, the professors seemed more prepared at my HBS class with like a classroom plan, with like timing management, with like figuring out who they wanted to speak or needed to speak in that class. And I think also I generally felt there was less busy work and there was more deep work, which I don't know whether it was just that class because I don't have as many comparators at other places. But that was something that I definitely felt was quite different to HKS.",178
742,MPP2,Moderator,True,18:35,1115,"Deep work outside of class time, meaning like what you were asked to do?","Deep work outside of class time, meaning like what you were asked to do?",14
743,MPP2,Speaker 8,False,18:39,1119,"No, in class.","No, in class.",3
744,MPP2,Moderator,True,18:40,1120,"In class deep work, okay.","In class deep work, okay.",5
745,MPP2,Speaker 8,False,18:42,1122,"I've been in lots of HKS classes where like the assessment has been like, you know, write 200 words every week on this thing. And, you know, then you're doing these random quizzes and you kind of feel like you're doing a scheduling activity almost. And then I think in some ways that's been quite disengaging from like actually dealing with any of the deep ideas. Whereas I felt like in this class, because we weren't asked to do as much random stuff on the side. It was sort of more be prepared with the case. you will be cold-called, and that kind of got me to engage in a more meaningful way, I would say.","I've been in lots of HKS classes where like the assessment has been like, you know, write 200 words every week on this thing. And, you know, then you're doing these random quizzes and you kind of feel like you're doing a scheduling activity almost. And then I think in some ways that's been quite disengaging from like actually dealing with any of the deep ideas. Whereas I felt like in this class, because we weren't asked to do as much random stuff on the side. It was sort of more be prepared with the case. you will be cold-called, and that kind of got me to engage in a more meaningful way, I would say.",116
746,MPP2,Moderator,True,19:14,1154,Okay. Someone else like to share a comparative experience?,Okay. Someone else like to share a comparative experience?,9
747,MPP2,Speaker 11,False,19:18,1158,"Sorry, let's go. I was going to build off on the HBS experience itself. I also did a cross-registration at HBS, and it was really, like, I agree with everything that [NAME] said, but I would also say that I think the professor there, and again, I don't know if it was just that class or classes at HBS, but I think they did a fabulous job of knowing who to call when. That was important in the discussion. I think they did a very close scrutiny of teach lead profiles or like the resumes that we submitted to them. But I think they did a fabulous job of cold calling when they did. So I feel like a lot of times in the classes here, I feel like there are many repetitive examples of people. There are stories, which is amazing, but I feel like it could be a little tight there. Okay.","Sorry, let's go. I was going to build off on the HBS experience itself. I also did a cross-registration at HBS, and it was really, like, I agree with everything that said, but I would also say that I think the professor there, and again, I don't know if it was just that class or classes at HBS, but I think they did a fabulous job of knowing who to call when. That was important in the discussion. I think they did a very close scrutiny of teach lead profiles or like the resumes that we submitted to them. But I think they did a fabulous job of cold calling when they did. So I feel like a lot of times in the classes here, I feel like there are many repetitive examples of people. There are stories, which is amazing, but I feel like it could be a little tight there. Okay.",153
748,MPP2,Moderator,True,20:06,1206,"Very good. Thank you. No, that's true. And welcome. Sorry.","Very good. Thank you. No, that's true. And welcome. Sorry.",10
749,MPP2,Speaker 4,False,20:12,1212,"I was going to just double tap on those things and say that I think that when I arrived at HKS and was told that we'd be doing case discussions, I had a different expectation than what I received in my PDD course. I think that it wasn't really case based in the way that I expected it to be. But I know that varied depending on cohort. On a totally separate note, I will say one of the things in terms of professionalism that I've really liked about HKS is I think people are much more supportive and collaborative than in any other environment I've been in. And so I appreciate that environment that HKS offers.","I was going to just double tap on those things and say that I think that when I arrived at HKS and was told that we'd be doing case discussions, I had a different expectation than what I received in my PDD course. I think that it wasn't really case based in the way that I expected it to be. But I know that varied depending on cohort. On a totally separate note, I will say one of the things in terms of professionalism that I've really liked about HKS is I think people are much more supportive and collaborative than in any other environment I've been in. And so I appreciate that environment that HKS offers.",117
750,MPP2,Moderator,True,20:50,1250,"Do you have any hypotheses about what fosters that? Is it the student body? Is it something cultural? Is it the air? You know, what is...","Do you have any hypotheses about what fosters that? Is it the student body? Is it something cultural? Is it the air? You know, what is...",26
751,MPP2,Speaker 4,False,21:01,1261,"I mean, from what I've heard from other people, it's like this is a very important network to build, and so you want to build good, positive relationships now in case you ever need to use them later. Maybe that's more transactional. I think also probably people who are attracted to policy are generally more altruistic or less self-serving in a way. So I think that also probably supports...","I mean, from what I've heard from other people, it's like this is a very important network to build, and so you want to build good, positive relationships now in case you ever need to use them later. Maybe that's more transactional. I think also probably people who are attracted to policy are generally more altruistic or less self-serving in a way. So I think that also probably supports...",69
752,MPP2,Moderator,True,21:26,1286,Okay. Comparative experiences. someone else maybe share um building off that too like I think that we have a lot of team exercises,Okay. Comparative experiences. someone else maybe share um building off that too like I think that we have a lot of team exercises,23
753,MPP2,Speaker 5,False,21:37,1297,so maybe that's why like we're a little bit more like less compared like a competitive more collaborative um yeah because like you never know when you're going to be like with someone on like some sort of team project um I would say compared to my undergrad too like people just kind of like do care because it's smaller maybe people care about how they present and you know from like how they dress to like how they talk in class like I feel like people are very for better for worse conscious that there's like a lot of eyes on them and that like people know you and like remember you so it could be a consequence of how big the classroom is um compared to like some of my other,so maybe that's why like we're a little bit more like less compared like a competitive more collaborative um yeah because like you never know when you're going to be like with someone on like some sort of team project um I would say compared to my undergrad too like people just kind of like do care because it's smaller maybe people care about how they present and you know from like how they dress to like how they talk in class like I feel like people are very for better for worse conscious that there's like a lot of eyes on them and that like people know you and like remember you so it could be a consequence of how big the classroom is um compared to like some of my other,133
754,MPP2,Speaker 3,False,22:15,1335,cross-registered classes on the professionalism front and kind of like related to what you two said I feel like sometimes if someone presents an idea that's like completely off base in my other classes there's like an attempt to kind of redirect them whereas sometimes I feel like with this discussion heavy classes here even if they're kind of completely off base there's a level of like okay let's discuss that which I mean maybe it's good maybe it's bad but I feel like sometimes I want the teacher to kind of take that direction and take that leadership instead of maybe like wasting class,cross-registered classes on the professionalism front and kind of like related to what you two said I feel like sometimes if someone presents an idea that's like completely off base in my other classes there's like an attempt to kind of redirect them whereas sometimes I feel like with this discussion heavy classes here even if they're kind of completely off base there's a level of like okay let's discuss that which I mean maybe it's good maybe it's bad but I feel like sometimes I want the teacher to kind of take that direction and take that leadership instead of maybe like wasting class,105
755,MPP2,Moderator,True,22:46,1366,time on a thing that doesn't really relate or can I tease out whether you mean that someone is entering like taking the discussion in a tangent or someone is sort of saying something that thinks fundamentally a misconception like that you want you're like not evidence-based or something that,time on a thing that doesn't really relate or can I tease out whether you mean that someone is entering like taking the discussion in a tangent or someone is sort of saying something that thinks fundamentally a misconception like that you want you're like not evidence-based or something that,50
756,MPP2,Speaker 3,False,23:04,1384,"maybe isn't really like the like a well-backed way of thinking that like um maybe has like a little bit of, I don't know, it's not like completely opinion based thing because like obviously you can have difference of opinions, but more so like an accuracy based thing where I would just, I think, prefer if the professor was like, yeah, maybe not that, let's move on to a different thing instead of like teasing it out more. Okay.","maybe isn't really like the like a well-backed way of thinking that like um maybe has like a little bit of, I don't know, it's not like completely opinion based thing because like obviously you can have difference of opinions, but more so like an accuracy based thing where I would just, I think, prefer if the professor was like, yeah, maybe not that, let's move on to a different thing instead of like teasing it out more. Okay.",79
757,MPP2,Speaker 6,False,23:32,1412,"Anyone else comparative? I think compared to my undergrad, which is in India, there are two things that I probably want to highlight. One is, again, this again differs, varies across HKS courses, but then the readings that you give beforehand, for many of the classes, the readings make sense. And if you do the readings, you can engage a lot better. But there are also classes where readings have nothing to do with one start, in which case I think that just takes away from the experience. And the other thing was just double down the cold calling. We used to have cold calling in my undergrad as well. But that was never really a source of stress. Like, you're not, like, entirely consumed by what if I'm cold calling in front of the class and I have to, like, say something. As long as you're prepared, it'll be, like, really small things just to, like, tease out and, like, figure out the class. But sometimes, here, the cold calling just becomes a source of stress. And, again, it depends on how you cold call. Some classes are great. Some classes are not. But that becomes a comparison between each case classes.","Anyone else comparative? I think compared to my undergrad, which is in India, there are two things that I probably want to highlight. One is, again, this again differs, varies across HKS courses, but then the readings that you give beforehand, for many of the classes, the readings make sense. And if you do the readings, you can engage a lot better. But there are also classes where readings have nothing to do with one start, in which case I think that just takes away from the experience. And the other thing was just double down the cold calling. We used to have cold calling in my undergrad as well. But that was never really a source of stress. Like, you're not, like, entirely consumed by what if I'm cold calling in front of the class and I have to, like, say something. As long as you're prepared, it'll be, like, really small things just to, like, tease out and, like, figure out the class. But sometimes, here, the cold calling just becomes a source of stress. And, again, it depends on how you cold call. Some classes are great. Some classes are not. But that becomes a comparison between each case classes.",203
758,MPP2,Moderator,True,24:30:00,88200,So cold calling in and of itself is not sort of something that you would welcome and encourage or discourage. It's sort of the nuance of it.,So cold calling in and of itself is not sort of something that you would welcome and encourage or discourage. It's sort of the nuance of it.,27
759,MPP2,Speaker 6,False,24:40:00,88800,"No, I think cold calling as a general thing is great. I think it can really enhance learning. But it's, again, a spectrum. If you go to the other extreme where you're just like, the focus is to like put you on your toes and like whatever you do and then suddenly everyone's looking at you, then that just becomes a source of stress and takes away from the learning experience.","No, I think cold calling as a general thing is great. I think it can really enhance learning. But it's, again, a spectrum. If you go to the other extreme where you're just like, the focus is to like put you on your toes and like whatever you do and then suddenly everyone's looking at you, then that just becomes a source of stress and takes away from the learning experience.",71
760,MPP2,Moderator,True,24:58:00,89880,I see that you're nodding. Is there something that's resonating with you?,I see that you're nodding. Is there something that's resonating with you?,12
761,MPP2,Speaker 10,False,25:03:00,90180,"Yeah, I also have a totally agree with the codecalling thing. I think codecalling, like in my undergrad, we actually don't have a lot of codecalling. So because the class size is really like, there are so many people in the class. And so right here, I really like the codecalling stuff. I think one thing is really important is sometimes people are complaining about cold calling because there will be a lot of pressure. I mean, pressure on the cold calling and sometimes especially like presenting something like something in front of the cold class. And also, I think the professor or the audience is expected the people who is doing the code calling to generate insightful and really comprehensive stuff in front of the class. So if I don't know how to say about the class material, I will feel very like ashamed or I will feel very anxious about that. So I think that's something maybe people are, a lot of people are complaining about cold calling.","Yeah, I also have a totally agree with the codecalling thing. I think codecalling, like in my undergrad, we actually don't have a lot of codecalling. So because the class size is really like, there are so many people in the class. And so right here, I really like the codecalling stuff. I think one thing is really important is sometimes people are complaining about cold calling because there will be a lot of pressure. I mean, pressure on the cold calling and sometimes especially like presenting something like something in front of the cold class. And also, I think the professor or the audience is expected the people who is doing the code calling to generate insightful and really comprehensive stuff in front of the class. So if I don't know how to say about the class material, I will feel very like ashamed or I will feel very anxious about that. So I think that's something maybe people are, a lot of people are complaining about cold calling.",170
762,MPP2,Moderator,True,26:23:00,94980,"All right, another comparative experience, but we'll put cold calling to the side for now. If we could, is there any other comparative experience where you're going to say something? No, I'm going to add to the cold calling. We don't want to get stuck. It's not a public public calling. It's part of it. Because it's a rich area to plumb. Any other comparative experience?","All right, another comparative experience, but we'll put cold calling to the side for now. If we could, is there any other comparative experience where you're going to say something? No, I'm going to add to the cold calling. We don't want to get stuck. It's not a public public calling. It's part of it. Because it's a rich area to plumb. Any other comparative experience?",66
763,MPP2,Speaker 7,False,26:49:00,96540,"I would say, so, first of all, you know, in my undergrads, you know, the education system in college in Japan is very different from the U.S. style. Like, we are mostly, like, lecture and exam-based, and especially I was an engineer where I graduated from engineering faculty, so that was quite obvious. But the thing is, so we also had some core courses in undergrad. And the quality of the core courses are kind of standardized in Japan or in my university. But here, when we think about PDD or some other classes, different professors have different pedagogy. And they have different, not the quality of the education, but they have different requirements or different ways of teaching. So I would say, yeah, the core courses, or even the cohort, has different output or different, yeah, if I say, quality of the education. So that was kind of not standardized and based on the teacher's way of teaching.","I would say, so, first of all, you know, in my undergrads, you know, the education system in college in Japan is very different from the U.S. style. Like, we are mostly, like, lecture and exam-based, and especially I was an engineer where I graduated from engineering faculty, so that was quite obvious. But the thing is, so we also had some core courses in undergrad. And the quality of the core courses are kind of standardized in Japan or in my university. But here, when we think about PDD or some other classes, different professors have different pedagogy. And they have different, not the quality of the education, but they have different requirements or different ways of teaching. So I would say, yeah, the core courses, or even the cohort, has different output or different, yeah, if I say, quality of the education. So that was kind of not standardized and based on the teacher's way of teaching.",159
764,MPP2,Speaker 3,False,27:58:00,100680,"Thank you. Just, I feel like in my undergrad, I got my grades and feedback a lot faster and more frequently than I do here. So sometimes I feel like it's like halfway through the semester and I haven't really, like, depending on the professor, of course, but like, I don't really know if I'm on track. Like, I'm reading a bunch of papers, but am I getting the right insights? I think that should start a lot earlier in the process.","Thank you. Just, I feel like in my undergrad, I got my grades and feedback a lot faster and more frequently than I do here. So sometimes I feel like it's like halfway through the semester and I haven't really, like, depending on the professor, of course, but like, I don't really know if I'm on track. Like, I'm reading a bunch of papers, but am I getting the right insights? I think that should start a lot earlier in the process.",82
765,MPP2,Moderator,True,28:22:00,102120,"I'm going to just sort of do now, like, just a bit of a show of hands. How many feel that late feedback has been an issue for them writ large? Not in one course, but just sort of on the whole, the trend. I'm going to say we have one, two, three, four, five. So, okay, great. Does anyone feel that it's been fast, the feedback has been fast? Faster than on trend that they expected?","I'm going to just sort of do now, like, just a bit of a show of hands. How many feel that late feedback has been an issue for them writ large? Not in one course, but just sort of on the whole, the trend. I'm going to say we have one, two, three, four, five. So, okay, great. Does anyone feel that it's been fast, the feedback has been fast? Faster than on trend that they expected?",77
766,MPP2,Speaker 7,False,28:50:00,103800,"Not fast, but so when I had that kind of issue, you know, I went to the professor and booked the office hour, so yeah, maybe I didn't send a lot of emails because I kind of knew they would be late.","Not fast, but so when I had that kind of issue, you know, I went to the professor and booked the office hour, so yeah, maybe I didn't send a lot of emails because I kind of knew they would be late.",42
767,MPP2,Speaker 9,False,29:06:00,104760,I had some experiences when it came out sooner than I expected.,I had some experiences when it came out sooner than I expected.,12
768,MPP2,Moderator,True,29:11:00,105060,"Okay, alright. So there's one glimmer of biography back. That's great.","Okay, alright. So there's one glimmer of biography back. That's great.",11
769,MPP2,Speaker 8,False,29:19:00,105540,"Sorry, can I just add to that? Yes. who are just really much better at the administrative side. And it's actually a really big quality difference, right? Because, like, for example, I was the TF for a class where the professor expected us to have the grades back by basically within a week. When we had exams, we would grade that evening and we would just stay through the night and finish the grading. And so everything was ready. there was like a very systematic process that I feel like that rules-based kind of system really helped all of us stay on track and so we could also block out our weeks to be like this is when we're grading this is when things need to be done by and I think we got a lot of positive feedback from the students about being like because I get feedback every week I feel like I know what's going on [NAME] was in this class so he knows and like yeah I think that really drove up a lot of satisfaction and made people feel like they were being respected because they were putting in the work and they could see we were putting in the work in response.","Sorry, can I just add to that? Yes. who are just really much better at the administrative side. And it's actually a really big quality difference, right? Because, like, for example, I was the TF for a class where the professor expected us to have the grades back by basically within a week. When we had exams, we would grade that evening and we would just stay through the night and finish the grading. And so everything was ready. there was like a very systematic process that I feel like that rules-based kind of system really helped all of us stay on track and so we could also block out our weeks to be like this is when we're grading this is when things need to be done by and I think we got a lot of positive feedback from the students about being like because I get feedback every week I feel like I know what's going on was in this class so he knows and like yeah I think that really drove up a lot of satisfaction and made people feel like they were being respected because they were putting in the work and they could see we were putting in the work in response.",207
770,MPP2,Moderator,True,30:22:00,109320,"Yeah. Is that, does someone else have an experience that reinforces that idea or you have more experiences that are counter to what that system was, which was a","Yeah. Is that, does someone else have an experience that reinforces that idea or you have more experiences that are counter to what that system was, which was a",29
771,MPP2,Speaker 6,False,30:36:00,110160,"very positive loop? I think I had a similar experience. I was a teaching assistant to a professor who is very, very on the top of making sure that students get the feedback ASAP so yeah I have also I've been on the teaching side of it some of my courses I get feedback fast enough some I don't but I've actually not thought so much about being delayed","very positive loop? I think I had a similar experience. I was a teaching assistant to a professor who is very, very on the top of making sure that students get the feedback ASAP so yeah I have also I've been on the teaching side of it some of my courses I get feedback fast enough some I don't but I've actually not thought so much about being delayed",69
772,MPP2,Speaker 11,False,31:01:00,111660,"I was thinking about like in all the classes that I've taken I think a trend from my classes has been that some of the quantitative courses that I've taken I get like there I feel like there is a systematic like there's a timeline within which I receive a grade but I like I I feel like some of the more, I don't want to say qualitative classes, but like the non-quantitative classes, I feel like it's more, I don't know when I'm going to receive the grade.","I was thinking about like in all the classes that I've taken I think a trend from my classes has been that some of the quantitative courses that I've taken I get like there I feel like there is a systematic like there's a timeline within which I receive a grade but I like I I feel like some of the more, I don't want to say qualitative classes, but like the non-quantitative classes, I feel like it's more, I don't know when I'm going to receive the grade.",89
773,MPP2,Moderator,True,31:25:00,113100,"It's one of those things. Is it a bit mysterious and no one has ever said, like, you can expect to get them? Yeah, no. It's just not open-ended. Yeah, it's open-ended, yeah.","It's one of those things. Is it a bit mysterious and no one has ever said, like, you can expect to get them? Yeah, no. It's just not open-ended. Yeah, it's open-ended, yeah.",33
774,MPP2,Speaker 11,False,31:36:00,113760,"Do you think it should be open-ended or not? I feel like I'd like to know when we're going to receive a grade because for some of these classes, I think we're looking forward. Like, I know I'm looking forward to the grade, not because of anything else, but because I want to do better on the next assignment. Yes. So it would be helpful to receive it well in advance so that I can work accordingly for my next one.","Do you think it should be open-ended or not? I feel like I'd like to know when we're going to receive a grade because for some of these classes, I think we're looking forward. Like, I know I'm looking forward to the grade, not because of anything else, but because I want to do better on the next assignment. Yes. So it would be helpful to receive it well in advance so that I can work accordingly for my next one.",81
775,MPP2,Moderator,True,31:55:00,114900,"Okay. Very good. Thank you. Jake, was the course that you spoke of a quad course? Yes, definitely.","Okay. Very good. Thank you. Jake, was the course that you spoke of a quad course? Yes, definitely.",18
776,MPP2,Speaker 4,False,32:02:00,115320,Okay.,Okay.,1
777,MPP2,Moderator,True,32:02:00,115320,Thanks.,Thanks.,1
778,MPP2,Speaker 4,False,32:03:00,115380,"I just wanted to add, I think that there are professors who have gotten feedback returned quickly, but sometimes it's clear that their CAs or TFs are doing the gradings and not them, and that makes a huge difference in my interpretation of the grade. and my motivation to stay motivated in that class. And I think I have found it to be interesting that not all professors put the same amount of work and time into reviewing what we put into what they want us to do for them. So I've found that to be a point of frustration for me.","I just wanted to add, I think that there are professors who have gotten feedback returned quickly, but sometimes it's clear that their CAs or TFs are doing the gradings and not them, and that makes a huge difference in my interpretation of the grade. and my motivation to stay motivated in that class. And I think I have found it to be interesting that not all professors put the same amount of work and time into reviewing what we put into what they want us to do for them. So I've found that to be a point of frustration for me.",102
779,MPP2,Moderator,True,32:40:00,117600,"Does anyone else want to extend on that idea or counter it or say, you know, the feedback is sort of at the right level or, you know, with the right timing. We're gonna convert, I'm gonna convert to a scenario and the ironic thing is the very first orange sheet that I have is exactly about this. And so we've already, you know, kind of teased out some of the ideas about this. So I am gonna hand out the scenario and then we're gonna talk a few minutes about this with table discussion, but we won't stay on it too much, but I do want to hear from anyone who has something new to add.","Does anyone else want to extend on that idea or counter it or say, you know, the feedback is sort of at the right level or, you know, with the right timing. We're gonna convert, I'm gonna convert to a scenario and the ironic thing is the very first orange sheet that I have is exactly about this. And so we've already, you know, kind of teased out some of the ideas about this. So I am gonna hand out the scenario and then we're gonna talk a few minutes about this with table discussion, but we won't stay on it too much, but I do want to hear from anyone who has something new to add.",117
780,MPP2,Speaker 9,False,33:19:00,119940,"Yeah, in terms of feedback, can I say, like, I took the J term. Yes. Being human this winter, I got the feedback of my final memo, and there were, like, three feedback from professor and TA and, like, the CA, so it was really helpful. And also, I want to mention like [NAME] or [NAME], they would give feedback on the canvas really long, which takes me a long time to even read it. So, I mean, it takes time for [NAME] to give that feedback, but then he explains to the students during the class that, oh, I'm really putting a lot of effort in individual feedback. That's why it's taking long. And I kind of appreciated that.","Yeah, in terms of feedback, can I say, like, I took the J term. Yes. Being human this winter, I got the feedback of my final memo, and there were, like, three feedback from professor and TA and, like, the CA, so it was really helpful. And also, I want to mention like or , they would give feedback on the canvas really long, which takes me a long time to even read it. So, I mean, it takes time for to give that feedback, but then he explains to the students during the class that, oh, I'm really putting a lot of effort in individual feedback. That's why it's taking long. And I kind of appreciated that.",118
781,MPP2,Moderator,True,34:12:00,123120,"Did that make you feel a little bit, give him a little bit more leeway about the time it took as opposed to getting it faster because it was deeper?","Did that make you feel a little bit, give him a little bit more leeway about the time it took as opposed to getting it faster because it was deeper?",30
782,MPP2,Speaker 9,False,34:22:00,123720,Oh yes.,Oh yes.,2
783,MPP2,Moderator,True,34:23:00,123780,Yeah.,Yeah.,1
784,MPP2,Speaker 9,False,34:23:00,123780,For me it was.,For me it was.,4
785,MPP2,Moderator,True,34:26:00,123960,Was the depth of that feedback for J-Term unusual in terms of your experience across the previous,Was the depth of that feedback for J-Term unusual in terms of your experience across the previous,17
786,MPP2,Speaker 9,False,34:35:00,124500,"years? time like getting feedback from three people. So I was like, oh, they're evaluating in various dimensions. That's what I thought. So that my result is more objective.","years? time like getting feedback from three people. So I was like, oh, they're evaluating in various dimensions. That's what I thought. So that my result is more objective.",29
787,MPP2,Moderator,True,34:52:00,125520,"And it was one of the things you were mentioning, it's sort of unidimensional if you think it's coming from a CA.","And it was one of the things you were mentioning, it's sort of unidimensional if you think it's coming from a CA.",22
788,MPP2,Speaker 4,False,35:00:00,126000,"Yeah. Yeah. Well, I think if it's a CA plus the professor, that'd be great. more feedback. Yeah, but just to summarize where I agree, I think that I don't need can like feedback throughout the semester as well if I'm getting deep feedback every like fewer times. Like I'd prefer deeper feedback than","Yeah. Yeah. Well, I think if it's a CA plus the professor, that'd be great. more feedback. Yeah, but just to summarize where I agree, I think that I don't need can like feedback throughout the semester as well if I'm getting deep feedback every like fewer times. Like I'd prefer deeper feedback than",54
789,MPP2,Moderator,True,35:21:00,127260,"consistent feedback. That's good. We're gonna convert to doing this scenario. We're gonna be brief on it because we've actually teased out many other things but I want to make sure that people have a chance to read it and think about it. So take one and pass that down, please. There you go. Thank you. So take a quick moment to read it. Thank you. So let me ask, if you were the student, what would you do next that you found might have been a successful strategy from your experience?","consistent feedback. That's good. We're gonna convert to doing this scenario. We're gonna be brief on it because we've actually teased out many other things but I want to make sure that people have a chance to read it and think about it. So take one and pass that down, please. There you go. Thank you. So take a quick moment to read it. Thank you. So let me ask, if you were the student, what would you do next that you found might have been a successful strategy from your experience?",92
790,MPP2,Speaker 10,False,36:48:00,132480,I think I may just like escape from like escape from the job for one day and just attend the office hour. I think that would be helpful.,I think I may just like escape from like escape from the job for one day and just attend the office hour. I think that would be helpful.,28
791,MPP2,Speaker 6,False,37:02:00,133320,What do you mean what would you do? This is an end right? Like the final memo assignment is the same grade. So like what would I do after receiving the final grade?,What do you mean what would you do? This is an end right? Like the final memo assignment is the same grade. So like what would I do after receiving the final grade?,33
792,MPP2,Moderator,True,37:11:00,133860,"Yes, that's a good clarification. What would you do in response to sort of the, before the last sentence, before the last sentence, if you could take action before that? What would you do?","Yes, that's a good clarification. What would you do in response to sort of the, before the last sentence, before the last sentence, if you could take action before that? What would you do?",34
793,MPP2,Speaker 4,False,37:29:00,134940,Email the professor directly and ask if they have any other time available.,Email the professor directly and ask if they have any other time available.,13
794,MPP2,Speaker 5,False,37:33:00,135180,"That's always worked. Like, I've never had a professor who's like, yeah, we can't make it work.","That's always worked. Like, I've never had a professor who's like, yeah, we can't make it work.",17
795,MPP2,Moderator,True,37:37:00,135420,"Okay. Have most of the, if you've experienced anything that felt like this, have you also been able to find a way that makes it work?","Okay. Have most of the, if you've experienced anything that felt like this, have you also been able to find a way that makes it work?",26
796,MPP2,Speaker 3,False,37:48:00,136080,"I think so, but I feel like if people are, like, if there are students that are working, like, the expectation should be that the feedback comes without additional, like, going to office hours. Like, if they're constrained, then they shouldn't be penalized for that, no? So maybe the feedback should have been like a little bit more, I don't know. Yeah, it's two sentences. Yeah, in the first place, like that's not a good expectation to have one of the professor level feedback.","I think so, but I feel like if people are, like, if there are students that are working, like, the expectation should be that the feedback comes without additional, like, going to office hours. Like, if they're constrained, then they shouldn't be penalized for that, no? So maybe the feedback should have been like a little bit more, I don't know. Yeah, it's two sentences. Yeah, in the first place, like that's not a good expectation to have one of the professor level feedback.",84
797,MPP2,Moderator,True,38:21:00,138060,So is this a problem with this professor or do you think this is a problem with how HKS works? Like do you think of it as an individual thing or something that's in the system?,So is this a problem with this professor or do you think this is a problem with how HKS works? Like do you think of it as an individual thing or something that's in the system?,36
798,MPP2,Speaker 8,False,38:36:00,138960,I find it odd that there aren't more like rules or structures around what professors can and can't do around assessment structure around feedback expectations timing I feel like every class you go to it's kind of a random gamble I think it's why bidding and the whole class selection process becomes excessively important like there are just some classes that everyone's like that is a bad class and that is a bad professor and like part of it is like maybe it's because they don't put a lot of effort into their students and that's why they get bad feedback and then nobody wants to take their classes and it's like a really negative loop and sometimes I wonder whether some of the professors have had training on on like not just this but also broader pedagogy and yeah I find the whole quality difference like something that is like quite addressable by HKS to be honest across this and other things.,I find it odd that there aren't more like rules or structures around what professors can and can't do around assessment structure around feedback expectations timing I feel like every class you go to it's kind of a random gamble I think it's why bidding and the whole class selection process becomes excessively important like there are just some classes that everyone's like that is a bad class and that is a bad professor and like part of it is like maybe it's because they don't put a lot of effort into their students and that's why they get bad feedback and then nobody wants to take their classes and it's like a really negative loop and sometimes I wonder whether some of the professors have had training on on like not just this but also broader pedagogy and yeah I find the whole quality difference like something that is like quite addressable by HKS to be honest across this and other things.,163
799,MPP2,Speaker 3,False,39:29:00,142140,"Others? I just wanted to add, like, I TA for a [NAME] class, and the structure is, like, so much better. And there's always, like, a pedagogy person or at least, like, an additional staff member who is not a CA that is, like, in charge of that class, especially if it's a large class. And I know for a fact there's, like, so many large lecture classes in HKS, but I don't ever see, like, a pedagogy person or someone that's, like, I guess helping with the structure of the class or even having one in the first place.","Others? I just wanted to add, like, I TA for a class, and the structure is, like, so much better. And there's always, like, a pedagogy person or at least, like, an additional staff member who is not a CA that is, like, in charge of that class, especially if it's a large class. And I know for a fact there's, like, so many large lecture classes in HKS, but I don't ever see, like, a pedagogy person or someone that's, like, I guess helping with the structure of the class or even having one in the first place.",99
800,MPP2,Moderator,True,40:03:00,144180,"Is the pedagogy person that you're imagining or you've seen in the college a, is that a staff member or is it sort of a, you know, kind of specialized teaching fellow?","Is the pedagogy person that you're imagining or you've seen in the college a, is that a staff member or is it sort of a, you know, kind of specialized teaching fellow?",32
801,MPP2,Speaker 3,False,40:15:00,144900,"They're, like, they, so it depends. Sometimes there's, like, so there's, for that class, there's an administrative person who's in charge of setting up office hours, rooms, and all of that, and changing schedules or whatever that students or TAs might need. And then there's another PhD person that also has some level of pedagogy training, but also economics training, so they can come in and bridge the gap between the professors who are super experts, and then students who are kind of figuring that out.","They're, like, they, so it depends. Sometimes there's, like, so there's, for that class, there's an administrative person who's in charge of setting up office hours, rooms, and all of that, and changing schedules or whatever that students or TAs might need. And then there's another PhD person that also has some level of pedagogy training, but also economics training, so they can come in and bridge the gap between the professors who are super experts, and then students who are kind of figuring that out.",86
802,MPP2,Moderator,True,40:49:00,146940,So it's like a 400-person class. Is that econ?,So it's like a 400-person class. Is that econ?,9
803,MPP2,Speaker 3,False,40:52:00,147120,"#NAME? But I think like they, yeah, I mean, maybe it's like that class, I don't know. But yeah, the structure is like-- - No, no, it's good to know. - Just like spot on, like we're expected to like, return it within like exactly a week, and then like exams are this day, and like all of that is clear, and I would much prefer that too, yeah.","But I think like they, yeah, I mean, maybe it's like that class, I don't know. But yeah, the structure is like-- - No, no, it's good to know. - Just like spot on, like we're expected to like, return it within like exactly a week, and then like exams are this day, and like all of that is clear, and I would much prefer that too, yeah.",68
804,MPP2,Moderator,True,41:10:00,148200,"#NAME? what [NAME] was saying about the TFing for here. Who else has a reaction to anything in this scenario in terms of like, is this a problem with this professor Or with how HKS works. Yes.","what was saying about the TFing for here. Who else has a reaction to anything in this scenario in terms of like, is this a problem with this professor Or with how HKS works. Yes.",35
805,MPP2,Speaker 11,False,41:25:00,149100,"I have a separate thought, but it's not about the feedback. Okay. I think, so I came from a, like, I've done my undergrad and master's in India before this. And I think we had a very different process there. And when I came in, I wasn't familiar with how office hours or a lot of these things work. And what was okay to bring up. Like, what is something that I need to bring up with a professor versus a teaching fellow versus a course assistant? Like for me, a lot of this was new. And I think like this happened to me, like something very similar happened to me in the first semester. And I just did not know how to deal with it. So I did not deal with it. And this was the, this was the end. But I just feel like it would be good for, at least knowing that we have so many international students who come from such diverse backgrounds. It would be really helpful if we could, if those expectations were clarified a little bit.","I have a separate thought, but it's not about the feedback. Okay. I think, so I came from a, like, I've done my undergrad and master's in India before this. And I think we had a very different process there. And when I came in, I wasn't familiar with how office hours or a lot of these things work. And what was okay to bring up. Like, what is something that I need to bring up with a professor versus a teaching fellow versus a course assistant? Like for me, a lot of this was new. And I think like this happened to me, like something very similar happened to me in the first semester. And I just did not know how to deal with it. So I did not deal with it. And this was the, this was the end. But I just feel like it would be good for, at least knowing that we have so many international students who come from such diverse backgrounds. It would be really helpful if we could, if those expectations were clarified a little bit.",183
806,MPP2,Moderator,True,42:17:00,152220,"Okay. So this leads to my next question, which is some ideas about what would need to change for this situation not to happen. Like, what can you imagine for this not to happen? I think we've teased out a few things, which is like much tighter structures, potentially more rules, potentially strict deadlines for the teaching side of it. Outside of those ideas, are there specific things about, for example, breaking down what the purpose and utility of office hours could be, or things like that?","Okay. So this leads to my next question, which is some ideas about what would need to change for this situation not to happen. Like, what can you imagine for this not to happen? I think we've teased out a few things, which is like much tighter structures, potentially more rules, potentially strict deadlines for the teaching side of it. Outside of those ideas, are there specific things about, for example, breaking down what the purpose and utility of office hours could be, or things like that?",87
807,MPP2,Speaker 6,False,42:49:00,154140,"So I wonder because for like MPPs, having this strict sort of like feedback mechanism, you come back in like so much time makes sense. But because a lot of the classes are also taken by like some of the more like MCMPAs, like the slightly older I think an easier way to play or maybe like a transitional way to do this is to put it as part of course evaluation Just tell what your grading frequency is so that people will know what it is And then based on that you can make a decision so that it doesn't become a random gamble You at least have the information when you choose a class","So I wonder because for like MPPs, having this strict sort of like feedback mechanism, you come back in like so much time makes sense. But because a lot of the classes are also taken by like some of the more like MCMPAs, like the slightly older I think an easier way to play or maybe like a transitional way to do this is to put it as part of course evaluation Just tell what your grading frequency is so that people will know what it is And then based on that you can make a decision so that it doesn't become a random gamble You at least have the information when you choose a class",116
808,MPP2,Moderator,True,43:23:00,156180,And are you talking about information in the syllabus?,And are you talking about information in the syllabus?,9
809,MPP2,Speaker 6,False,43:27:00,156420,"No, the course evaluation","No, the course evaluation",4
810,MPP2,Moderator,True,43:30:00,156600,So like kind of a data item that asked students to report how quickly they received their feedback and was that within a range of feeling?,So like kind of a data item that asked students to report how quickly they received their feedback and was that within a range of feeling?,26
811,MPP2,Speaker 6,False,43:39:00,157140,"Yeah, you can just have like an average turnaround time or something. I don't know.","Yeah, you can just have like an average turnaround time or something. I don't know.",15
812,MPP2,Moderator,True,43:42:00,157320,Interesting. Okay. All right. Great. Great. Others? Any others on this scenario?,Interesting. Okay. All right. Great. Great. Others? Any others on this scenario?,12
813,MPP2,Speaker 6,False,43:48:00,157680,"Can I make, if someone else wants to go, they can go. But I had like another tangential point about the time versus depth of feedback. Yes. I would just wonder, and that's just like an open question, if that is really a one-to-one trade-off. I can get a really detailed feedback like a week before my actual final submission but how useful would that be versus getting it slightly earlier so it gives me more time so I wouldn't trade off one is to trade this off one is to one but that's just like I would happy to","Can I make, if someone else wants to go, they can go. But I had like another tangential point about the time versus depth of feedback. Yes. I would just wonder, and that's just like an open question, if that is really a one-to-one trade-off. I can get a really detailed feedback like a week before my actual final submission but how useful would that be versus getting it slightly earlier so it gives me more time so I wouldn't trade off one is to trade this off one is to one but that's just like I would happy to",100
814,MPP2,Moderator,True,44:17:00,159420,hear what other people think about it. I think I would like to like plus one that I,hear what other people think about it. I think I would like to like plus one that I,18
815,MPP2,Speaker 5,False,44:23:00,159780,think it's all about the expectations and I think if if you do signal ahead like I think it's fair to have that done by a class-by-class situation I think like clearly with this like the student was expecting and a lot of students expect like coaching feedback but I think a lot of professors like coaching just takes time and I do think that office hours is like it's fair to say like office hours is a better venue for coaching than just like writing up like a paragraph um so yeah I think I think with this one like I think we're all kind of going into it like there's a problem here and I think if there is a problem it's like expectation based,think it's all about the expectations and I think if if you do signal ahead like I think it's fair to have that done by a class-by-class situation I think like clearly with this like the student was expecting and a lot of students expect like coaching feedback but I think a lot of professors like coaching just takes time and I do think that office hours is like it's fair to say like office hours is a better venue for coaching than just like writing up like a paragraph um so yeah I think I think with this one like I think we're all kind of going into it like there's a problem here and I think if there is a problem it's like expectation based,127
816,MPP2,Moderator,True,45:00:00,162000,"Is there anything about office hours that you would sort of, whether it's inside this scenario or outside this scenario, is there any change in office hours that you would want to have at HKS? I'm not promising that anything will happen, but it just comes up because it's been mentioned and it's part of this.","Is there anything about office hours that you would sort of, whether it's inside this scenario or outside this scenario, is there any change in office hours that you would want to have at HKS? I'm not promising that anything will happen, but it just comes up because it's been mentioned and it's part of this.",56
817,MPP2,Speaker 4,False,45:24:00,163440,"This is very minor, but I just think like consistent formatting for the office hours, because I have had a professor who used Calendly, and I didn't realize they updated every two weeks, since there was like no time available, it looked like on their calendar. And so I went on, and it looked like they had no time for the entire semester, and so I just never met with them, and then at the end of the semester mentioned it to them, and they were like, oh, well, I updated every two weeks, like I released my new office hours every two weeks. And I felt like that wasn't clearly explained, like, oh. Yeah, whereas other professors just wait in their offices at a set time and they're just there and it's open. And then other professors, you book. Like, I don't know if it needs to be standard or uniform, but just can it be communicated better to somewhere.","This is very minor, but I just think like consistent formatting for the office hours, because I have had a professor who used Calendly, and I didn't realize they updated every two weeks, since there was like no time available, it looked like on their calendar. And so I went on, and it looked like they had no time for the entire semester, and so I just never met with them, and then at the end of the semester mentioned it to them, and they were like, oh, well, I updated every two weeks, like I released my new office hours every two weeks. And I felt like that wasn't clearly explained, like, oh. Yeah, whereas other professors just wait in their offices at a set time and they're just there and it's open. And then other professors, you book. Like, I don't know if it needs to be standard or uniform, but just can it be communicated better to somewhere.",161
818,MPP2,Moderator,True,46:06:00,165960,"Okay, thank you. No ideas are too small, so this is fine because they're being rolled up and amassed and collective.","Okay, thank you. No ideas are too small, so this is fine because they're being rolled up and amassed and collective.",21
819,MPP2,Speaker 8,False,46:18:00,166680,"Can I just suggest one tactical thing? Like, this student, like, if professors aren't giving really detailed individual feedback, I kind of like it when they put up, like, examples of, like, what they're looking for,","Can I just suggest one tactical thing? Like, this student, like, if professors aren't giving really detailed individual feedback, I kind of like it when they put up, like, examples of, like, what they're looking for,",36
820,MPP2,Moderator,True,46:32:00,167520,"common mistakes, and then also professors who've taught the class a few times","common mistakes, and then also professors who've taught the class a few times",13
821,MPP2,Speaker 8,False,46:36:00,167760,"should know every year what the same things are. I've had one professor who's like, the assignment that's coming up, the feedback from last year that I gave out was like this. So we're going to try and avoid those things. I think that is like really proactive of them to try and like, I think some professors kind of see giving feedback as like a specific job, I guess, rather than part of the broader learning cycle. And so thinking, like looking at it from that other side might be helpful as well.","should know every year what the same things are. I've had one professor who's like, the assignment that's coming up, the feedback from last year that I gave out was like this. So we're going to try and avoid those things. I think that is like really proactive of them to try and like, I think some professors kind of see giving feedback as like a specific job, I guess, rather than part of the broader learning cycle. And so thinking, like looking at it from that other side might be helpful as well.",94
822,MPP2,Speaker 6,False,47:05:00,169500,"Just a tiny bit about the officers. Yes. It has mostly been great. Just I think one or two classes, the professor has the same slot every week. And if I have class on that slot, I can never take it.","Just a tiny bit about the officers. Yes. It has mostly been great. Just I think one or two classes, the professor has the same slot every week. And if I have class on that slot, I can never take it.",41
823,MPP2,Moderator,True,47:16:00,170160,"So that is where we need more variability, right? Or that Tuesday is from 3 to 4. Okay. We're going to pivot to a second scenario, and then we're going to do it kind of quickly, I hope. We're moving along. And we're going to... It's a little bit longer, but not too long, hopefully. And we're going to have a table discussion about it, and then what we're going to make sure we have enough time to do is a more generative exercise, too, for your ideas. Thank you. Thank you. What I would invite you to do, because I will collect these back, is some of the individual ideas that come to mind for you, jot them in the space in the bottom of the puzzle sheet there. So some things that particularly you think, hmm, this is an idea that I would, you know, to just share, discuss, maybe you have discussed them, maybe you have had them over coffee. おやすみなさい。 Okay, so we're going to now kind of convert some of these ideas. You're going to pick some of your strongest ones about this purple sheet scenario. And Lori, what I want to try to do now is divide the board half and half. We're going to go with sort of ideas, one from each person from the purple sheet, and then we're going to reserve some space on the right for any other, like, macro or meta ideas that you might have bringing our focus group to close. So scenario ideas, I would invite each person to take, like, one, the one you feel strongest about or most passionate or clear about and share it to the group. And Lori will summarize it on the whiteboard. And I would have you start by volunteering.","So that is where we need more variability, right? Or that Tuesday is from 3 to 4. Okay. We're going to pivot to a second scenario, and then we're going to do it kind of quickly, I hope. We're moving along. And we're going to... It's a little bit longer, but not too long, hopefully. And we're going to have a table discussion about it, and then what we're going to make sure we have enough time to do is a more generative exercise, too, for your ideas. Thank you. Thank you. What I would invite you to do, because I will collect these back, is some of the individual ideas that come to mind for you, jot them in the space in the bottom of the puzzle sheet there. So some things that particularly you think, hmm, this is an idea that I would, you know, to just share, discuss, maybe you have discussed them, maybe you have had them over coffee. おやすみなさい。 Okay, so we're going to now kind of convert some of these ideas. You're going to pick some of your strongest ones about this purple sheet scenario. And Lori, what I want to try to do now is divide the board half and half. We're going to go with sort of ideas, one from each person from the purple sheet, and then we're going to reserve some space on the right for any other, like, macro or meta ideas that you might have bringing our focus group to close. So scenario ideas, I would invite each person to take, like, one, the one you feel strongest about or most passionate or clear about and share it to the group. And Lori will summarize it on the whiteboard. And I would have you start by volunteering.",299
824,MPP2,Speaker 5,False,51:24:00,185040,"I think that I have navigated courses based on word of mouth. That has been the most successful way to figure out what this course is going to be like, talking to someone who's taken it before. I think that especially for new students, it's hard to find those channels. if it's like a second year class. So like what I was thinking is like maybe creating like a standardized system for like a student can opt in to like, hey, if you have questions about this course, like I took it last time, like feel free to reach out. I don't know exactly what that would look like, but I do know that for me, I was like, I purely picked my electives based on what people I liked said was good.","I think that I have navigated courses based on word of mouth. That has been the most successful way to figure out what this course is going to be like, talking to someone who's taken it before. I think that especially for new students, it's hard to find those channels. if it's like a second year class. So like what I was thinking is like maybe creating like a standardized system for like a student can opt in to like, hey, if you have questions about this course, like I took it last time, like feel free to reach out. I don't know exactly what that would look like, but I do know that for me, I was like, I purely picked my electives based on what people I liked said was good.",133
825,MPP2,Speaker 4,False,52:06:00,187560,"I was thinking just on my Harvard, maybe having clear expectations and standards. Like, if the class colds calls, like there's a little section that says this class there is colds calling. Because I actually like colds calling, but I know people don't. And I don't think we should get rid of it entirely if it's a mixed bag. I feel like that should be an opt-in option. And same, like, if it's case-based or not, like, just to get an idea of the formatting of the class.","I was thinking just on my Harvard, maybe having clear expectations and standards. Like, if the class colds calls, like there's a little section that says this class there is colds calling. Because I actually like colds calling, but I know people don't. And I don't think we should get rid of it entirely if it's a mixed bag. I feel like that should be an opt-in option. And same, like, if it's case-based or not, like, just to get an idea of the formatting of the class.",88
826,MPP2,Moderator,True,52:30:00,189000,Do you find that there's information lacking out of the [NAME] system when you're looking?,Do you find that there's information lacking out of the system when you're looking?,14
827,MPP2,Speaker 4,False,52:35:00,189300,"Yeah, I think there's varying degrees of information on each course on my Harvard. And you have to go to the syllabus, and then go to Canvas, and go to three different platforms to figure out what the class is like, and then also Word of Mail.","Yeah, I think there's varying degrees of information on each course on my Harvard. And you have to go to the syllabus, and then go to Canvas, and go to three different platforms to figure out what the class is like, and then also Word of Mail.",47
828,MPP2,Speaker 11,False,52:47:00,190020,"And even then, we're not sure if it's last cases or the school call base.","And even then, we're not sure if it's last cases or the school call base.",15
829,MPP2,Speaker 7,False,52:53:00,190380,"Yeah, especially before enrolling in Harvard, we're not used to the system. If there are three or four platforms, I didn't have any ideas what to read in advance, Or, yeah, how to find information as well. So I definitely think there will be some standardized information before enrollment, including some class information or the school environment as well, because, you know, some people, you know, some students, you know, come from very different backgrounds. So, yeah.","Yeah, especially before enrolling in Harvard, we're not used to the system. If there are three or four platforms, I didn't have any ideas what to read in advance, Or, yeah, how to find information as well. So I definitely think there will be some standardized information before enrollment, including some class information or the school environment as well, because, you know, some people, you know, some students, you know, come from very different backgrounds. So, yeah.",77
830,MPP2,Moderator,True,53:26:00,192360,"Would it be safe to say that you're also, from maybe both of your comments, wanting to hear more about some instructor's teaching approach or teaching style? Yeah. So it's not so much sort of the content of what we're going to study, but it's the instructional style that you'll experience in the classroom. Is that kind of a fair way?","Would it be safe to say that you're also, from maybe both of your comments, wanting to hear more about some instructor's teaching approach or teaching style? Yeah. So it's not so much sort of the content of what we're going to study, but it's the instructional style that you'll experience in the classroom. Is that kind of a fair way?",61
831,MPP2,Speaker 7,False,53:47:00,193620,"Yeah. Or so it was like for me kind of surprising to see the American or in the Harvard style of the education. It's more discussion based or yeah, something like that. So I think, you know, background is so different and diverse. So, yeah.","Yeah. Or so it was like for me kind of surprising to see the American or in the Harvard style of the education. It's more discussion based or yeah, something like that. So I think, you know, background is so different and diverse. So, yeah.",45
832,MPP2,Moderator,True,54:05:00,194700,Okay. Thank you.,Okay. Thank you.,3
833,MPP2,Speaker 10,False,54:07:00,194820,"Yes, do you have? So I have a perspective from the class registration system. Yes. Because we have like cross-register to different schools, and I know like there are some schools, especially at HBS and MIT, they have their own like, I mean, registration system. So sometimes when we look at the MyHarvard system, we cannot say exactly what the class is about, or the content of the class, or the, I mean, maybe the professor, or some of the contents from MyHarvard, we need to find, like the HBS link, or we need to find the MIT system link to get to that class. So I don't know how it can be fixed, because I know there are different systems. It's really hard to combine the differences into a whole. But I mean, at least maybe we can clarify about that. Because I know for HBS class, we can say there is a link directly to the class. the way that trying to register for the class, there will be a link directly to the HBS website. So, I mean, it's very clear, but for MIT class, I noticed that there's a very small course catalog below the page, and we need to click that and to direct to the MIT system. But most of the people, they don't know about that.","Yes, do you have? So I have a perspective from the class registration system. Yes. Because we have like cross-register to different schools, and I know like there are some schools, especially at HBS and MIT, they have their own like, I mean, registration system. So sometimes when we look at the MyHarvard system, we cannot say exactly what the class is about, or the content of the class, or the, I mean, maybe the professor, or some of the contents from MyHarvard, we need to find, like the HBS link, or we need to find the MIT system link to get to that class. So I don't know how it can be fixed, because I know there are different systems. It's really hard to combine the differences into a whole. But I mean, at least maybe we can clarify about that. Because I know for HBS class, we can say there is a link directly to the class. the way that trying to register for the class, there will be a link directly to the HBS website. So, I mean, it's very clear, but for MIT class, I noticed that there's a very small course catalog below the page, and we need to click that and to direct to the MIT system. But most of the people, they don't know about that.",223
834,MPP2,Moderator,True,55:53:00,201180,"I sense your pain. I doubt that the deans will probably fix the interlinkage of the different schools. But I think it's an important point to bring forward, I really do, especially when you're interested in the cross-registration and getting the benefits of all of that connection. So did you have something to tell us about this?","I sense your pain. I doubt that the deans will probably fix the interlinkage of the different schools. But I think it's an important point to bring forward, I really do, especially when you're interested in the cross-registration and getting the benefits of all of that connection. So did you have something to tell us about this?",57
835,MPP2,Speaker 9,False,56:14:00,202440,"Yeah, one thing might be pessimistic, but when we look at the [NAME] for the [NAME], the first thing I look at is the course description, and it describes very well. But then it says, like, I'll drop this course. You will be able to delve into regions like Korea, Japan, India, and so on, which seems like it's just written there, like a whole lot of countries to kind of attract different students from other countries. Because when you look at the syllabus and you actually take the course, you don't really delve that much into that specific region. So maybe some economic going on there, but I wish it could be more candid. Yeah, I think that would be really helpful.","Yeah, one thing might be pessimistic, but when we look at the for the , the first thing I look at is the course description, and it describes very well. But then it says, like, I'll drop this course. You will be able to delve into regions like Korea, Japan, India, and so on, which seems like it's just written there, like a whole lot of countries to kind of attract different students from other countries. Because when you look at the syllabus and you actually take the course, you don't really delve that much into that specific region. So maybe some economic going on there, but I wish it could be more candid. Yeah, I think that would be really helpful.",122
836,MPP2,Moderator,True,57:04:00,205440,"So really, I mean, what's been kind of a theme that's come up a few times is the way that people get information about courses could really be examined and improved even before you enroll, before your first class. Okay. Who hasn't spoken yet, yes, about this?","So really, I mean, what's been kind of a theme that's come up a few times is the way that people get information about courses could really be examined and improved even before you enroll, before your first class. Okay. Who hasn't spoken yet, yes, about this?",47
837,MPP2,Speaker 11,False,57:22:00,206520,"Yes. I think we have a lot of people. I'm personally not familiar with a lot of acronyms that work in the U.S. cases that we learn. we learn a lot of US cases and a lot of classes are just US focused. There's a class on US Congress going on right now, which I'm so interested in,","Yes. I think we have a lot of people. I'm personally not familiar with a lot of acronyms that work in the U.S. cases that we learn. we learn a lot of US cases and a lot of classes are just US focused. There's a class on US Congress going on right now, which I'm so interested in,",58
838,MPP2,Moderator,True,57:43:00,207780,but just not transferable to back home and I'm unable to take it.,but just not transferable to back home and I'm unable to take it.,13
839,MPP2,Speaker 11,False,57:47:00,208020,"So A that, but also like the acronyms are used in some of these classes, especially the core classes. I remember specifically in PDD, we did not, we were not allowed to use tech, but they would use acronyms and I wouldn't know what that meant. And I'm like, I need to Google this, you know, but then I would get a stiff look. So I wouldn't Google it. And I'm just sitting in class like, okay, I just don't know what we're talking about. So it would be nice. I'm sorry. You were also in the front row. Yeah, I was also in the front row. So it would be helpful if we either allowed tech or made the classes more international student friendly. Especially for people who are not familiar and non-native English speakers.","So A that, but also like the acronyms are used in some of these classes, especially the core classes. I remember specifically in PDD, we did not, we were not allowed to use tech, but they would use acronyms and I wouldn't know what that meant. And I'm like, I need to Google this, you know, but then I would get a stiff look. So I wouldn't Google it. And I'm just sitting in class like, okay, I just don't know what we're talking about. So it would be nice. I'm sorry. You were also in the front row. Yeah, I was also in the front row. So it would be helpful if we either allowed tech or made the classes more international student friendly. Especially for people who are not familiar and non-native English speakers.",136
840,MPP2,Moderator,True,58:23:00,210180,"I think that's another pain point. That's very powerful. Okay. We have, how many do we have in the room? We have four or five. We have nine. and we need three more ideas up quickly. Who hasn't spoken? [NAME]?","I think that's another pain point. That's very powerful. Okay. We have, how many do we have in the room? We have four or five. We have nine. and we need three more ideas up quickly. Who hasn't spoken? ?",40
841,MPP2,Speaker 8,False,58:39:00,211140,"Oh, my interpretation of this scenario is how to improve the classroom experience, right, in general. This is maybe controversial, but I think people should fail more classes. And I guess my perspective is both from the teaching team side and also as a student, I think that there are, like, some students who don't show up for more than half the classes unexcused. And I feel like professors and, you know, students who are using AI in ways that are patently obvious and professors find it really hard because like the disciplinary process is challenging. And there's like this very strong aversion in the culture to people being able to fail. But I think failure is like normal. And in my undergraduate experience, you know, I took classes where more than half the class would fail and you would have to take it again and that was part of I guess learning and also like keeping some kind of academic standard I think because also graduating students who put in very little effort I think really like damages other people in terms of the brand of HKS when they go out into the working world and they have relationships with employers and then they can't do basic things for example but I understand that that is a challenging and more controversial point but I I think that that could help reshape some of the academic regard.","Oh, my interpretation of this scenario is how to improve the classroom experience, right, in general. This is maybe controversial, but I think people should fail more classes. And I guess my perspective is both from the teaching team side and also as a student, I think that there are, like, some students who don't show up for more than half the classes unexcused. And I feel like professors and, you know, students who are using AI in ways that are patently obvious and professors find it really hard because like the disciplinary process is challenging. And there's like this very strong aversion in the culture to people being able to fail. But I think failure is like normal. And in my undergraduate experience, you know, I took classes where more than half the class would fail and you would have to take it again and that was part of I guess learning and also like keeping some kind of academic standard I think because also graduating students who put in very little effort I think really like damages other people in terms of the brand of HKS when they go out into the working world and they have relationships with employers and then they can't do basic things for example but I understand that that is a challenging and more controversial point but I I think that that could help reshape some of the academic regard.",237
842,MPP2,Moderator,True,59:57:00,215820,"I think it's important for all these things to come up that you've all mentioned from the student perspective, especially because it's not top-down, right? It's like bottom-up, it's affecting you, and you, all of these things are affecting you deeply. So we have two more ideas that we really want to get out on the table. Who?","I think it's important for all these things to come up that you've all mentioned from the student perspective, especially because it's not top-down, right? It's like bottom-up, it's affecting you, and you, all of these things are affecting you deeply. So we have two more ideas that we really want to get out on the table. Who?",58
843,MPP2,Speaker 6,False,1:00:14,3614,"I think on the cross-age stream, one thing I always had a problem with is people, like different schools approve or deny petitions with varying timelines so when I'm waiting for a petition to be approved I can't take here I don't know if I can take excess course load or not at the end of it they don't even deny or approve so it's just like waitlist forever I think they should have a deadline so that I can make my decision based on what I see because I'll wait for that and then I don't put down courses and I don't get that and it just becomes really messy okay that was one and one is just ideas for change in general. We're not there yet. Not there yet, but hold it.","I think on the cross-age stream, one thing I always had a problem with is people, like different schools approve or deny petitions with varying timelines so when I'm waiting for a petition to be approved I can't take here I don't know if I can take excess course load or not at the end of it they don't even deny or approve so it's just like waitlist forever I think they should have a deadline so that I can make my decision based on what I see because I'll wait for that and then I don't put down courses and I don't get that and it just becomes really messy okay that was one and one is just ideas for change in general. We're not there yet. Not there yet, but hold it.",134
844,MPP2,Moderator,True,1:00:53,3653,"You'll go first when we do that. Okay, I'll do it. Yeah, I guess I interpreted this as like","You'll go first when we do that. Okay, I'll do it. Yeah, I guess I interpreted this as like",19
845,MPP2,Speaker 3,False,1:00:59,3659,different classroom expectations and like especially related to like being on time and stuff like that. I think it would be useful if there was like a school-wide sort of like general expectations and then depending on how strict the professor is like if he wants to or he or she wants to call you out then they'll let you know on the first day of class but it would be nice to know what the minimum standards are and then not be super surprised because I don't I don't know what that is I think sometimes and then there's there are some professors who expect you to think that all HKS classes are like cold call and on like time like by the second and it's hard to tell if that's going to be every single class.,different classroom expectations and like especially related to like being on time and stuff like that. I think it would be useful if there was like a school-wide sort of like general expectations and then depending on how strict the professor is like if he wants to or he or she wants to call you out then they'll let you know on the first day of class but it would be nice to know what the minimum standards are and then not be super surprised because I don't I don't know what that is I think sometimes and then there's there are some professors who expect you to think that all HKS classes are like cold call and on like time like by the second and it's hard to tell if that's going to be every single class.,138
846,MPP2,Moderator,True,1:01:43,3703,"So this sort of gets at the idea of trying to have like a more shared. Yeah. I don't want to put words in your mouth, but like a more shared uniform set of norms in terms of things that are mentioned in the scenario. Can I get a show of hands of people who would be like, yes, all for that? Wait, sorry. It's a more uniform set of norms for things that are kind of mentioned and sprinkled in the scenario. I don't want to do any crowd hurting. I don't want to make you raise your hand if you don't want to. You're kind of waving.","So this sort of gets at the idea of trying to have like a more shared. Yeah. I don't want to put words in your mouth, but like a more shared uniform set of norms in terms of things that are mentioned in the scenario. Can I get a show of hands of people who would be like, yes, all for that? Wait, sorry. It's a more uniform set of norms for things that are kind of mentioned and sprinkled in the scenario. I don't want to do any crowd hurting. I don't want to make you raise your hand if you don't want to. You're kind of waving.",109
847,MPP2,Speaker 5,False,1:02:19,3739,"I think it's just like all of it is like a tension between like professor autonomy and like, I guess, pedagogy. And I think that there is a balance, so it's hard to just like with a simple hand raise. It's hard to tease that out.","I think it's just like all of it is like a tension between like professor autonomy and like, I guess, pedagogy. And I think that there is a balance, so it's hard to just like with a simple hand raise. It's hard to tease that out.",46
848,MPP2,Moderator,True,1:02:33,3753,"Okay. Now we're going to get to big ideas for, you know, potential big ideas for change. They can be big. They can be small. They have to be some things maybe that really weren't mentioned. But you're giving this input to school leadership for future HKS. And what we're going to do is we're going to do a quick rundown. I would like everyone to contribute one if they could. and then we're going to do some just quick intensity sticky voting. It won't take us long. And then the other thing we're going to do, I'm watching time, because we're squeaking close to the deadline, and I want to keep an arm to have you go on time. So after we do this quick hit of ideas and quick hit of stand-up-and-do-intensity voting, I want you, before you leave, to write on the index card one thing that we should have asked you today that we didn't ask that you would really like the school leadership to know as they as they as they look forward in teaching and learning here so but I am gonna I think I am gonna just for the sake of it not ask for volunteers in this is it alright if I pick you to go first for the idea generation and we might go in order No, we can start. Go ahead. I'm starting first with you, and then we'll go this way, and then, all right.","Okay. Now we're going to get to big ideas for, you know, potential big ideas for change. They can be big. They can be small. They have to be some things maybe that really weren't mentioned. But you're giving this input to school leadership for future HKS. And what we're going to do is we're going to do a quick rundown. I would like everyone to contribute one if they could. and then we're going to do some just quick intensity sticky voting. It won't take us long. And then the other thing we're going to do, I'm watching time, because we're squeaking close to the deadline, and I want to keep an arm to have you go on time. So after we do this quick hit of ideas and quick hit of stand-up-and-do-intensity voting, I want you, before you leave, to write on the index card one thing that we should have asked you today that we didn't ask that you would really like the school leadership to know as they as they as they look forward in teaching and learning here so but I am gonna I think I am gonna just for the sake of it not ask for volunteers in this is it alright if I pick you to go first for the idea generation and we might go in order No, we can start. Go ahead. I'm starting first with you, and then we'll go this way, and then, all right.",246
849,MPP2,Speaker 6,False,1:04:00,3840,I don't know if this is a big idea for change.,I don't know if this is a big idea for change.,11
850,MPP2,Moderator,True,1:04:01,3841,It's okay. Any idea that you have?,It's okay. Any idea that you have?,7
851,MPP2,Speaker 6,False,1:04:04,3844,"So this actually, I thought of it because this time, the first day we were snowed in, and the shopping day, like shopping week was virtual, and I actually found that really useful. It allowed me to check out a lot more classes by jumping across different Zoom calls that I could not have done in person. And I wonder if it makes sense to just make the first, first do like a Monday, Wednesday, so Monday, Tuesday, so that the schedule repeats. But Monday, Tuesday just to be virtual so that everyone can check out more classes before they can take. Okay. Thank you. We're going this way, I think.","So this actually, I thought of it because this time, the first day we were snowed in, and the shopping day, like shopping week was virtual, and I actually found that really useful. It allowed me to check out a lot more classes by jumping across different Zoom calls that I could not have done in person. And I wonder if it makes sense to just make the first, first do like a Monday, Wednesday, so Monday, Tuesday, so that the schedule repeats. But Monday, Tuesday just to be virtual so that everyone can check out more classes before they can take. Okay. Thank you. We're going this way, I think.",111
852,MPP2,Speaker 10,False,1:04:35,3875,"I have a similar perspective with you. So, like the class, like registration for class. So for my undergrad school, we have like three weeks for like changing, switching, and adding and dropping classes. But I think here we only have like two weeks for adding classes and like one, the third week is like, I mean, dropping classes. So which I think is a little bit like, I mean, the time is too tight.","I have a similar perspective with you. So, like the class, like registration for class. So for my undergrad school, we have like three weeks for like changing, switching, and adding and dropping classes. But I think here we only have like two weeks for adding classes and like one, the third week is like, I mean, dropping classes. So which I think is a little bit like, I mean, the time is too tight.",75
853,MPP2,Moderator,True,1:05:07,3907,"So longer, more flexible for add-drops.","So longer, more flexible for add-drops.",6
854,MPP2,Speaker 10,False,1:05:09,3909,"Yeah, yeah, yeah. Yeah, yeah. Okay, great.","Yeah, yeah, yeah. Yeah, yeah. Okay, great.",7
855,MPP2,Moderator,True,1:05:12,3912,"one more week. Okay, alright. Yuen Tsuk?","one more week. Okay, alright. Yuen Tsuk?",7
856,MPP2,Speaker 9,False,1:05:18,3918,"Can you give me some more time? Yes, absolutely.","Can you give me some more time? Yes, absolutely.",9
857,MPP2,Speaker 3,False,1:05:21,3921,"Yeah, sometimes I wonder if there should be less students maybe that would make registering for classes and class quality a lot better.","Yeah, sometimes I wonder if there should be less students maybe that would make registering for classes and class quality a lot better.",23
858,MPP2,Moderator,True,1:05:33,3933,Smaller overall student body? Yeah.,Smaller overall student body? Yeah.,5
859,MPP2,Speaker 8,False,1:05:38,3938,"I think we should expect more from our professors, and those who have bad student ratings. I'm not sure what is done now, but I don't know that they're necessarily being supported or forced to improve pedagogy readings like all the things that they've received comments on.","I think we should expect more from our professors, and those who have bad student ratings. I'm not sure what is done now, but I don't know that they're necessarily being supported or forced to improve pedagogy readings like all the things that they've received comments on.",47
860,MPP2,Speaker 11,False,1:05:59,3959,Can I take some more time?,Can I take some more time?,6
861,MPP2,Speaker 4,False,1:06:02,3962,"Okay, this is kind of...it interjects a lot of different ideas, but I think that there should be more career pathways within the program. Like, I think it should be very clear, like, if I want to be chief of staff, these are classes, I should take, like, finance, legislative writing, blah, blah, blah. Like, it should be very clear. And I don't think the core necessarily should be rigid to everyone. Like, it should be based off, like, what you want from the program. And I think that there should be a legislative writing class at HK, and it's insane that there isn't.","Okay, this is kind of...it interjects a lot of different ideas, but I think that there should be more career pathways within the program. Like, I think it should be very clear, like, if I want to be chief of staff, these are classes, I should take, like, finance, legislative writing, blah, blah, blah. Like, it should be very clear. And I don't think the core necessarily should be rigid to everyone. Like, it should be based off, like, what you want from the program. And I think that there should be a legislative writing class at HK, and it's insane that there isn't.",104
862,MPP2,Moderator,True,1:06:33,3993,Legislative writing?,Legislative writing?,2
863,MPP2,Speaker 4,False,1:06:34,3994,"Yeah. Like, I know I want to do that.","Yeah. Like, I know I want to do that.",9
864,MPP2,Moderator,True,1:06:37,3997,Okay.,Okay.,1
865,MPP2,Speaker 4,False,1:06:37,3997,"And I'm just like, it's insane to me that I can't do that with each kid.","And I'm just like, it's insane to me that I can't do that with each kid.",16
866,MPP2,Moderator,True,1:06:40,4000,We're going to tuck those two ideas together. And capture both of them and connect them. Eli.,We're going to tuck those two ideas together. And capture both of them and connect them. Eli.,17
867,MPP2,Speaker 5,False,1:06:48,4008,"Those are two really good big ideas. I have like two small ideas, I feel like.","Those are two really good big ideas. I have like two small ideas, I feel like.",16
868,MPP2,Moderator,True,1:06:51,4011,"Fine, good. All right.","Fine, good. All right.",4
869,MPP2,Speaker 5,False,1:06:52,4012,More intentional and like standardized syllabi. Like I think that. Okay. Yeah.,More intentional and like standardized syllabi. Like I think that. Okay. Yeah.,12
870,MPP2,Moderator,True,1:06:57,4017,I don't think that's a small idea.,I don't think that's a small idea.,7
871,MPP2,Speaker 5,False,1:06:59,4019,And then I think shopping sessions would be great to have them with former students. Oh. Yeah.,And then I think shopping sessions would be great to have them with former students. Oh. Yeah.,17
872,MPP2,Moderator,True,1:07:05,4025,"Yeah. Okay. It's sort of, that would help self-drive the word of mouth a little bit or something. Yeah, okay. Uichi.","Yeah. Okay. It's sort of, that would help self-drive the word of mouth a little bit or something. Yeah, okay. Uichi.",21
873,MPP2,Speaker 7,False,1:07:14,4034,"So mine is, yeah, so we can start, like, in a categorization of class. Like, this is econ-based or this is, you know, there are some categories, like, you know, STEM or not. Or it's kind of, like, IGA or BGP something. But I think we need more information on that, you know, before entering the class. like, yeah, it's kind of eco and practical, theoretical, something, and discussion-based. And also, yeah, another idea is-- it's kind of a small idea, but bidding term is quite too early, I guess. Yeah, because even if we haven't joined a class, we have to bid in a class, so we cannot get an idea.","So mine is, yeah, so we can start, like, in a categorization of class. Like, this is econ-based or this is, you know, there are some categories, like, you know, STEM or not. Or it's kind of, like, IGA or BGP something. But I think we need more information on that, you know, before entering the class. like, yeah, it's kind of eco and practical, theoretical, something, and discussion-based. And also, yeah, another idea is-- it's kind of a small idea, but bidding term is quite too early, I guess. Yeah, because even if we haven't joined a class, we have to bid in a class, so we cannot get an idea.",112
874,MPP2,Speaker 11,False,1:07:53,4073,"OK, thank you. Yes, Triti. Yes. I wish there was a more transparent process on understanding where we are on participation. I think some classes do a great job of like emailing people saying you like it's okay if you don't raise your hands the next few classes which I really appreciate I think everyone deserves like time enough time to talk in class okay yeah so it would be nice to have a transparent","OK, thank you. Yes, Triti. Yes. I wish there was a more transparent process on understanding where we are on participation. I think some classes do a great job of like emailing people saying you like it's okay if you don't raise your hands the next few classes which I really appreciate I think everyone deserves like time enough time to talk in class okay yeah so it would be nice to have a transparent",75
875,MPP2,Speaker 9,False,1:08:19,4099,system of tracking them okay all right thank you one more um I really I really can't think of the one but I think there should be better if there's like a workshop between the,system of tracking them okay all right thank you one more um I really I really can't think of the one but I think there should be better if there's like a workshop between the,35
876,MPP2,Moderator,True,1:08:31,4111,professors as well so that they can share their experiences because I think it's,professors as well so that they can share their experiences because I think it's,14
877,MPP2,Speaker 9,False,1:08:39,4119,at the end of the day it's all about professors leadership that makes that class good,at the end of the day it's all about professors leadership that makes that class good,16
878,MPP2,Moderator,True,1:08:43,4123,"effect. So I think they can share some real attention there. Okay great now everybody I went before you leave we're going to do just two things one if you haven't already written what is the one thing on the white card that we should have asked that we didn't ask you or anything else that is left unsaid that you wish you could have contributed or thought of. And then we also want to do a second thing where you have two check marks with green stickies. You have one small pink check mark with an underneath, hiding underneath and you I invite you on the orange side, put those stickies, you can use two on one idea you can use one on one idea and one on another idea and if you actually want to downsize the intensity of something you can use the X mark if you think oh no to some idea and we're just going to use that as a way of collectively gauging intensity among those ideas","effect. So I think they can share some real attention there. Okay great now everybody I went before you leave we're going to do just two things one if you haven't already written what is the one thing on the white card that we should have asked that we didn't ask you or anything else that is left unsaid that you wish you could have contributed or thought of. And then we also want to do a second thing where you have two check marks with green stickies. You have one small pink check mark with an underneath, hiding underneath and you I invite you on the orange side, put those stickies, you can use two on one idea you can use one on one idea and one on another idea and if you actually want to downsize the intensity of something you can use the X mark if you think oh no to some idea and we're just going to use that as a way of collectively gauging intensity among those ideas",173
879,MPP2,Speaker 3,False,1:09:46,4186,"Can I qualify? I think like I don't mean like a smaller student body but like classes that reflect the amount of students that are here, like amount of classes and like so enough that like we don't feel like we might not get the classes that we really want. So if we're gonna have more students, maybe more classes or yeah.","Can I qualify? I think like I don't mean like a smaller student body but like classes that reflect the amount of students that are here, like amount of classes and like so enough that like we don't feel like we might not get the classes that we really want. So if we're gonna have more students, maybe more classes or yeah.",62
880,MPP2,Moderator,True,1:10:10,4210,"Okay, you know what, if you can recruit others to put their check marks on that. But, okay.","Okay, you know what, if you can recruit others to put their check marks on that. But, okay.",18
881,MPP2,Speaker 4,False,1:10:18,4218,"I also think mine is not that there's more career-focused courses, but that you can stack the core to build a path to the career you want, like get the skill set you want. Yeah.","I also think mine is not that there's more career-focused courses, but that you can stack the core to build a path to the career you want, like get the skill set you want. Yeah.",35
882,MPP2,Moderator,True,1:10:30,4230,Okay. Okay.,Okay. Okay.,2
883,MPP2,Speaker 4,False,1:10:31,4231,"Based on your, and also policy interests.","Based on your, and also policy interests.",7
884,MPP2,Moderator,True,1:10:33,4233,"That's good. We will be using kind of some of the spoken words to enhance, you know, the summary on the whiteboard. So everybody, make sure you write one thing that we didn't ask that we should ask, And then please do your intensity check marks, and then we'll be clearing out of the room, and you can use, you know, your voucher for maybe one whole bunch. Thank you. Thank you. Thank you. Oh, thank you. Wonderful. Also, yes, I'm collecting the purple sheets with those. Fabulous. Yeah, thanks. Thank you.","That's good. We will be using kind of some of the spoken words to enhance, you know, the summary on the whiteboard. So everybody, make sure you write one thing that we didn't ask that we should ask, And then please do your intensity check marks, and then we'll be clearing out of the room, and you can use, you know, your voucher for maybe one whole bunch. Thank you. Thank you. Thank you. Oh, thank you. Wonderful. Also, yes, I'm collecting the purple sheets with those. Fabulous. Yeah, thanks. Thank you.",92
