turn_id,program,speaker,is_moderator,timestamp,timestamp_seconds,text,text_clean,word_count,umap_x,umap_y,cluster
1,MPP1,Speaker 6,False,15:40,940,"#NAME? I'm [NAME], I'm from [NAME] and southern [NAME].","I'm , I'm from and southern .",7,15.47532,1.0757866,3
2,MPP1,Speaker 5,False,15:44,944,"My name's [NAME], I'm from [NAME], [NAME]. I'm [NAME], I'm from [NAME], [NAME] [NAME].","My name's , I'm from , . I'm , I'm from , .",13,15.608322,1.118785,3
3,MPP1,Speaker 7,False,15:50,950,"[NAME], I'm from [NAME] in [NAME]. I'm [NAME], I'm from [NAME], [NAME].",", I'm from in . I'm , I'm from , .",11,15.524517,1.0674282,3
4,MPP1,Speaker 9,False,15:55,955,"I'm [NAME], I'm from [NAME] [NAME]. I'm [NAME], I'm from [NAME].","I'm , I'm from . I'm , I'm from .",10,15.40475,1.0846316,3
5,MPP1,Speaker 4,False,16:00,960,"I'm [NAME]-Yol, I'm from [NAME].","I'm -Yol, I'm from .",5,15.48651,1.0644966,3
8,MPP1,Speaker 9,False,17:22,1042,Okay. Competitive. And it depends on professor.,Okay. Competitive. And it depends on professor.,7,21.480976,1.7093626,2
9,MPP1,Speaker 10,False,17:29,1049,"Oh, okay. I mean, just in classroom?","Oh, okay. I mean, just in classroom?",7,20.60731,0.83643097,2
14,MPP1,Speaker 10,False,17:53,1073,"Yeah, too much student voice. you know, they take, you know, participation and some students just say, you know, too many things that's not so relevant to the class.","Yeah, too much student voice. you know, they take, you know, participation and some students just say, you know, too many things that's not so relevant to the class.",29,20.213032,0.9193065,13
15,MPP1,Speaker 11,False,18:04,1084,"Okay, great. [NAME]? Moderately demanding.","Okay, great. ? Moderately demanding.",5,20.330074,2.472678,-1
17,MPP1,Speaker 7,False,18:17,1097,"I would say it depends on the kind of course, but to some extent, at least in the core, it gives a bit like the vibes of high school. I would say. I mean, so I mean, maybe also because I was so far educated in a different system, but it's more of like being in a high school class sometimes than an academic class.","I would say it depends on the kind of course, but to some extent, at least in the core, it gives a bit like the vibes of high school. I would say. I mean, so I mean, maybe also because I was so far educated in a different system, but it's more of like being in a high school class sometimes than an academic class.",65,20.826544,2.6441486,12
19,MPP1,Speaker 7,False,18:44,1124,"For example, I mean, grading participation.","For example, I mean, grading participation.",6,20.123827,1.7670857,-1
21,MPP1,Speaker 8,False,18:52,1132,[NAME]? I'd say like accommodating to the point of low expectations. [NAME]. [NAME] right.,? I'd say like accommodating to the point of low expectations. . right.,13,21.580761,1.5552517,-1
23,MPP1,Speaker 5,False,19:27,1167,"Mine was kind of the opposite of that. I was going to say intense. Okay. And also, like, variable, because I think it does depend on the class.","Mine was kind of the opposite of that. I was going to say intense. Okay. And also, like, variable, because I think it does depend on the class.",28,19.642935,2.5619595,-1
25,MPP1,Speaker 6,False,19:39,1179,"I would say not much pushback. So I think one of the things with participation is I noticed that there's not much disagreement with what students are saying, even if something might be factually incorrect or questionable.","I would say not much pushback. So I think one of the things with participation is I noticed that there's not much disagreement with what students are saying, even if something might be factually incorrect or questionable.",37,20.008747,1.1625904,13
27,MPP1,Speaker 6,False,19:59,1199,"Instructor pushback, maybe. People aren't being challenged in the sense of their ideas being challenged.","Instructor pushback, maybe. People aren't being challenged in the sense of their ideas being challenged.",15,20.447102,1.465347,-1
29,MPP1,Speaker 12,False,20:07,1207,"I think I roughly agree with what was saying. I think when it comes to professionalism, I think SEND is pretty high. Very high, I would say, in a positive way. When it comes to rigor, I would say it's extremely underwhelming. I think I echo [NAME] and [NAME]'s point in terms of almost each of my classes I find even, and there is a variation, but overall I find rigor to be pretty low.","I think I roughly agree with what was saying. I think when it comes to professionalism, I think SEND is pretty high. Very high, I would say, in a positive way. When it comes to rigor, I would say it's extremely underwhelming. I think I echo and 's point in terms of almost each of my classes I find even, and there is a variation, but overall I find rigor to be pretty low.",74,20.62685,2.6249418,12
31,MPP1,Speaker 11,False,21:52,1312,"I think a couple of things. First, addressing people by their names. That I think is just a high bar for definition a lot of times, at least in my personal work experience, like my professional experience in the past. In intense environments, people are bound not to call you by your name.","I think a couple of things. First, addressing people by their names. That I think is just a high bar for definition a lot of times, at least in my personal work experience, like my professional experience in the past. In intense environments, people are bound not to call you by your name.",53,19.762749,0.0746094,1
33,MPP1,Speaker 11,False,22:16,1336,"No, so I think my professional experience was that in an intense environment, you are it's fine to not call people by the names whereas at HKS people are very proactive and professors are very proactive in trying to call you by your name and address you by a correct name because we have an international diaspora of students professors may not be able to speak or pronounce name correctly they try and there's an endeavor behind it so i think that is um that Yeah, but I think that's why.","No, so I think my professional experience was that in an intense environment, you are it's fine to not call people by the names whereas at HKS people are very proactive and professors are very proactive in trying to call you by your name and address you by a correct name because we have an international diaspora of students professors may not be able to speak or pronounce name correctly they try and there's an endeavor behind it so i think that is um that Yeah, but I think that's why.",91,19.581306,0.39664888,6
35,MPP1,Speaker 7,False,22:59,1379,"I would say one good difference is compared to my other programs so far. You learn much more from your fellow classmates. I would say a negative thing is the amount of homework that is, I mean, in one way, not very vigorous, but just time consuming, honestly. I mean, just to be quite clear, I mean, it's so funny, of course, just my point of view, but I think in most cases it's not rigorous, it just takes a lot of time. And I mean, I was raised to find systems where you don't do, basically where homework is assigned to a high school, not to a new university. It's more like you go to an academic institution, you learn on a high level, and then you write an accent, not heading to assignments. Like [NAME] said, that is rather long but not really challenging for a week.","I would say one good difference is compared to my other programs so far. You learn much more from your fellow classmates. I would say a negative thing is the amount of homework that is, I mean, in one way, not very vigorous, but just time consuming, honestly. I mean, just to be quite clear, I mean, it's so funny, of course, just my point of view, but I think in most cases it's not rigorous, it just takes a lot of time. And I mean, I was raised to find systems where you don't do, basically where homework is assigned to a high school, not to a new university. It's more like you go to an academic institution, you learn on a high level, and then you write an accent, not heading to assignments. Like said, that is rather long but not really challenging for a week.",148,21.142992,2.9031498,12
37,MPP1,Speaker 8,False,23:54,1434,"I think, so this is, when I'm talking like over accommodation, lower expectations, I sort of mean that both academic and administrative, but like on the classroom side, I think the comparison is more stark on the administrative side, where in the past, in both college and grad programs, I've been in the past, it's been very much an expectation that the students will come prepared and access course material that they need, and if they can't find it in the first trial, figure it out, whereas here, I think we're very much spoon-fed everything we need, and then if there's even a tiny hiccup, someone will be there and fix it for you immediately, and there's tons of communication. And I think that puts a lot more work on the CAs and the teaching fellows and the professors instead of the students.","I think, so this is, when I'm talking like over accommodation, lower expectations, I sort of mean that both academic and administrative, but like on the classroom side, I think the comparison is more stark on the administrative side, where in the past, in both college and grad programs, I've been in the past, it's been very much an expectation that the students will come prepared and access course material that they need, and if they can't find it in the first trial, figure it out, whereas here, I think we're very much spoon-fed everything we need, and then if there's even a tiny hiccup, someone will be there and fix it for you immediately, and there's tons of communication. And I think that puts a lot more work on the CAs and the teaching fellows and the professors instead of the students.",143,21.385303,2.451328,6
39,MPP1,Speaker 8,False,24:52:00,89520,"I think that people, I have seen in classes where things are completely available and everyone is very responsive and everyone's questions get answered immediately, that that gets, I think, is interpreted as a very positive teaching experience where the professor is a very good teacher in class and it's not always a one-to-one relationship. Whereas when people have professors who are not quite as forthcoming about, yes, I'll provide you every single thing that you need, it's like, oh, well, that's a bad professor and that's just not true. A lot of those professors are very great. incredible instructors, they're just not giving you every single thing you need. You have to find some.","I think that people, I have seen in classes where things are completely available and everyone is very responsive and everyone's questions get answered immediately, that that gets, I think, is interpreted as a very positive teaching experience where the professor is a very good teacher in class and it's not always a one-to-one relationship. Whereas when people have professors who are not quite as forthcoming about, yes, I'll provide you every single thing that you need, it's like, oh, well, that's a bad professor and that's just not true. A lot of those professors are very great. incredible instructors, they're just not giving you every single thing you need. You have to find some.",115,22.094152,1.3562568,-1
40,MPP1,Speaker 2,False,25:38:00,92280,"Okay, thank you. Does someone else like to contribute?","Okay, thank you. Does someone else like to contribute?",9,17.380547,0.47784135,4
41,MPP1,Speaker 10,False,25:43:00,92580,It's kind of in the same context with over participation. Yes. I did my undergrad in [NAME] where people have very different values and culture. like in in classrooms there you know like students usually listen to what professor say and listen to others so they are like listening to others is more valued than like speaking up so like of course here in HKS you know speaking all right is more encouraged than listening to others but of course speaking up is very important and it's very valuable but I sometimes feel like I personally believe that you can learn sometimes you can learn better by listening to others than like sharing your own thoughts but here it I sometimes feel like it's that kind of opportunity is missing. [NAME] thank you. I think one,It's kind of in the same context with over participation. Yes. I did my undergrad in where people have very different values and culture. like in in classrooms there you know like students usually listen to what professor say and listen to others so they are like listening to others is more valued than like speaking up so like of course here in HKS you know speaking all right is more encouraged than listening to others but of course speaking up is very important and it's very valuable but I sometimes feel like I personally believe that you can learn sometimes you can learn better by listening to others than like sharing your own thoughts but here it I sometimes feel like it's that kind of opportunity is missing. thank you. I think one,134,20.142355,1.0411469,-1
42,MPP1,Speaker 5,False,26:40:00,96000,"comparison I would make is from my undergrad like I said more intense and I think it's like just the environment and kind of the own like self-pressure around who you're around and things like that but I find um within the classroom it's a lot more like it's engaging but it's like less interactive like it's often like one person making one comment at a time versus like small group discussions or others like pair and share sort of activities like I just find it here it's like less yeah less interactive um and like the pedagogical approach is kind of like very similar class to class. Okay, [NAME].","comparison I would make is from my undergrad like I said more intense and I think it's like just the environment and kind of the own like self-pressure around who you're around and things like that but I find um within the classroom it's a lot more like it's engaging but it's like less interactive like it's often like one person making one comment at a time versus like small group discussions or others like pair and share sort of activities like I just find it here it's like less yeah less interactive um and like the pedagogical approach is kind of like very similar class to class. Okay, .",110,20.775242,1.8907136,12
43,MPP1,Speaker 6,False,27:28:00,98880,"So I come from the UK system, and class sizes were a lot smaller at my previous institutions. I think that's not necessarily a bad thing. I think some professors are handling large class sizes really well here. And I did have some classes last semester. So for example, I was in the Z section of econ, which had small group discussions, and those were great. The one difference I noticed, even in those smaller class sizes here, is that there is a lot less pushback, which I mentioned in the beginning. So when, for example, as was mentioned, people are making comments, even if those comments might not be helpful, or if they're maybe even factually incorrect, there's very rarely pushback from professors sort of challenging that argument being made. And that I think in some cases is having a bad impact on learning because it means that other students in the classroom, you can learn from other students in the classroom, which is great, but if there's no pushback on things that might not be quite right, then that can also be detrimental to learning if others in the world.","So I come from the UK system, and class sizes were a lot smaller at my previous institutions. I think that's not necessarily a bad thing. I think some professors are handling large class sizes really well here. And I did have some classes last semester. So for example, I was in the Z section of econ, which had small group discussions, and those were great. The one difference I noticed, even in those smaller class sizes here, is that there is a lot less pushback, which I mentioned in the beginning. So when, for example, as was mentioned, people are making comments, even if those comments might not be helpful, or if they're maybe even factually incorrect, there's very rarely pushback from professors sort of challenging that argument being made. And that I think in some cases is having a bad impact on learning because it means that other students in the classroom, you can learn from other students in the classroom, which is great, but if there's no pushback on things that might not be quite right, then that can also be detrimental to learning if others in the world.",192,20.02085,0.7336737,13
45,MPP1,Speaker 12,False,28:33:00,102780,"Yeah, I think a positive comparison was, I think, the fact that, for example, no one really uses their phones. Everyone is paying attention. almost everyone comes prepared. In fact, there is the social pressure that if you don't prepare, you'll be found out, which I think is great. So I think those standards of professionalism is high, and that's great. I think, again, exactly to [NAME] [NAME]'s point, I think it's... I come from [NAME], and the [NAME] education system is certainly not that great. I found myself to be more challenged inside a classroom in my undergrad than I did here.","Yeah, I think a positive comparison was, I think, the fact that, for example, no one really uses their phones. Everyone is paying attention. almost everyone comes prepared. In fact, there is the social pressure that if you don't prepare, you'll be found out, which I think is great. So I think those standards of professionalism is high, and that's great. I think, again, exactly to 's point, I think it's... I come from , and the education system is certainly not that great. I found myself to be more challenged inside a classroom in my undergrad than I did here.",101,20.875818,2.4343386,12
47,MPP1,Speaker 12,False,29:16:00,105360,"Multiple factors of that. On two fronts, one is, as [NAME] said, I think, if we're, it's my strong opinion, but if we're the best institution in the world, and if basic faction and accuracy is allowed to stand in a classroom, you're robbing that person of the opportunity to learn, you're robbing the entire class to learn as well. And I think if we don't uphold each other to a certain level of intellectual rigor standard, the classroom becomes a poorer place intellectually. And I think in an attempt to be respectful or in an attempt to be accommodative, I think that can go a little too far where we're losing the rigor of a classroom and that standard. And then I think that also translates to what [NAME] said in terms of the assignments and the evaluations. they tend to be a lot of what is your opinion, would you reflect, which can really, which doesn't seem rigorous, rather than actually going in depth and being challenged and actually diving deeply into policy topics.","Multiple factors of that. On two fronts, one is, as said, I think, if we're, it's my strong opinion, but if we're the best institution in the world, and if basic faction and accuracy is allowed to stand in a classroom, you're robbing that person of the opportunity to learn, you're robbing the entire class to learn as well. And I think if we don't uphold each other to a certain level of intellectual rigor standard, the classroom becomes a poorer place intellectually. And I think in an attempt to be respectful or in an attempt to be accommodative, I think that can go a little too far where we're losing the rigor of a classroom and that standard. And then I think that also translates to what said in terms of the assignments and the evaluations. they tend to be a lot of what is your opinion, would you reflect, which can really, which doesn't seem rigorous, rather than actually going in depth and being challenged and actually diving deeply into policy topics.",174,21.261742,2.1365118,-1
49,MPP1,Speaker 9,False,30:28:00,109680,"Please, you're free first. My reference point is I graduated [NAME] to Missouri-Russia, So, like, a little bit of, like, conflicting from the [NAME] and Lisa's option because my reference point is in business school condition. But I see, like, for me, like, the best learning experience only, like, individually is to be encouraged. Because, like, in the grades, I will be challenged. So I never, like, learned to be challenged on my previous settings. So I see in this class, for me it was challenging because in my oldest school from the first day, they say like everyone is psychologically safe, there is no stupid answer and there is like no stupid question. So we were like, at least for me it was really like free. But in the class, yeah, in here I am much more receptive towards my stupid comments. like so for me like it has a different perspective.","Please, you're free first. My reference point is I graduated to Missouri-Russia, So, like, a little bit of, like, conflicting from the and Lisa's option because my reference point is in business school condition. But I see, like, for me, like, the best learning experience only, like, individually is to be encouraged. Because, like, in the grades, I will be challenged. So I never, like, learned to be challenged on my previous settings. So I see in this class, for me it was challenging because in my oldest school from the first day, they say like everyone is psychologically safe, there is no stupid answer and there is like no stupid question. So we were like, at least for me it was really like free. But in the class, yeah, in here I am much more receptive towards my stupid comments. like so for me like it has a different perspective.",151,20.448418,0.30826667,-1
51,MPP1,Speaker 4,False,31:43:00,114180,"Related to [NAME] or [NAME] mentioned, I feel, I'm feeling a peer pressure in this school, that you need to agree with the liberal values. Yeah, taking classes like racism, you need to agree with the DEI. DEI values or black history or what happened to black people like systemic racism against them. And I think just people just assuming that. Don't talk about it. Don't talk about the reason or rationale behind the DEI values, but they're just assuming it. So it's not easy for me to go against it. When I was in college, I graduated college in [NAME]. Even in a [NAME] history class, there's left-wing students and right-wing students, they fight each other against the interpretation of [NAME] modern history. But in here, there's, I feel, a high level of pressure.","Related to or mentioned, I feel, I'm feeling a peer pressure in this school, that you need to agree with the liberal values. Yeah, taking classes like racism, you need to agree with the DEI. DEI values or black history or what happened to black people like systemic racism against them. And I think just people just assuming that. Don't talk about it. Don't talk about the reason or rationale behind the DEI values, but they're just assuming it. So it's not easy for me to go against it. When I was in college, I graduated college in . Even in a history class, there's left-wing students and right-wing students, they fight each other against the interpretation of modern history. But in here, there's, I feel, a high level of pressure.",131,20.939135,1.7719239,12
53,MPP1,Speaker 5,False,33:38:00,121080,Thank you. Can you pass me a pen?,Thank you. Can you pass me a pen?,8,17.338879,0.5199683,4
55,MPP1,Speaker 4,False,34:03:00,122580,Thank you. Bonjour. Merci. C'est bon. Je vais vous mettre. Merci.,Thank you. Bonjour. Merci. C'est bon. Je vais vous mettre. Merci.,11,16.711056,0.46185675,4
56,MPP1,Speaker 6,False,35:29:00,127740,Could you clarify what you mean with the first question?,Could you clarify what you mean with the first question?,10,17.959417,0.90128404,4
58,MPP1,Speaker 8,False,36:34:00,131640,what you're seeing here yeah I would have liked to see at the beginning of this but that teammate brings this up in the beginning and everyone in the team agrees on a fair division of labor that can accommodate that teammate instead of making like a post evaluation on what everyone contributed because I think expectations were violated and that that would make me feel worse than if expectations were set in the beginning we'll do what what would you write on,what you're seeing here yeah I would have liked to see at the beginning of this but that teammate brings this up in the beginning and everyone in the team agrees on a fair division of labor that can accommodate that teammate instead of making like a post evaluation on what everyone contributed because I think expectations were violated and that that would make me feel worse than if expectations were set in the beginning we'll do what what would you write on,83,21.833761,0.554442,8
60,MPP1,Speaker 11,False,37:22:00,134520,"I think I'd prefer to be honest. I would have been significantly affected by the sudden disruption that my peer has provided all of us with. And I don't see the need to hold back. However, I'd also speak to the classist and maybe the professor to make them aware of the situation that we were put in. I'd say how our situation was jeopardized by one team member. So that is taken into consideration.","I think I'd prefer to be honest. I would have been significantly affected by the sudden disruption that my peer has provided all of us with. And I don't see the need to hold back. However, I'd also speak to the classist and maybe the professor to make them aware of the situation that we were put in. I'd say how our situation was jeopardized by one team member. So that is taken into consideration.",75,21.623585,0.28752205,8
61,MPP1,Speaker 12,False,38:03:00,136980,"Yeah, I'd probably take a slightly different approach than [NAME] was. I think, so if you look at this case, it seems like he missed meetings, he was unprepared, but at the same time, he participated in discussions, he left detailed comments, and he volunteered to present. So even if in hindsight it's people drafted it, he gave feedback, and he presented, that is still a division of work that might not be equal, but it's within the realm of possible or slash fair. I also agree with [NAME], I think setting expectations initially is better, but I like the flexibility. I think there are a lot of leadership classes here which talk about how instead of taking the viewpoint of one person did this to the other four, a part of the leadership skill we're learning in the real world is that in teams there will be people who will slack, there will be people who will have challenging situations like a family situation, like a job interview. And it's a skill to learn within, which is how do you get everyone to participate, knowing different people's constraints. So I don't mind the situation, and I wouldn't like, for example, external impositions. I like that this is flexible. Personally, I'm not a fan of the peer evaluation. I think that there are different reasons why someone might like or dislike someone that can have nothing to do with their real participation","Yeah, I'd probably take a slightly different approach than was. I think, so if you look at this case, it seems like he missed meetings, he was unprepared, but at the same time, he participated in discussions, he left detailed comments, and he volunteered to present. So even if in hindsight it's people drafted it, he gave feedback, and he presented, that is still a division of work that might not be equal, but it's within the realm of possible or slash fair. I also agree with , I think setting expectations initially is better, but I like the flexibility. I think there are a lot of leadership classes here which talk about how instead of taking the viewpoint of one person did this to the other four, a part of the leadership skill we're learning in the real world is that in teams there will be people who will slack, there will be people who will have challenging situations like a family situation, like a job interview. And it's a skill to learn within, which is how do you get everyone to participate, knowing different people's constraints. So I don't mind the situation, and I wouldn't like, for example, external impositions. I like that this is flexible. Personally, I'm not a fan of the peer evaluation. I think that there are different reasons why someone might like or dislike someone that can have nothing to do with their real participation",241,21.59248,0.37359753,8
62,MPP1,Speaker 5,False,39:31:00,142260,"of grade. But yeah. Let's, yeah, please. I was going to say, I really like peer evaluations. So I come from the opposite perspective. I think this situation would really frustrate me, and I did experience this last semester, so it was really frustrating. But I think the peer evaluation would positively affect my learning, because I think it gives you a chance to be honest, just like we're not the ones at the end of the day like deciding the grades I think just giving all the information is really helpful I think one other thing I thought of that would affect my learning I think that frustration and like for better or worse I think sometimes it can like make me think less of the class or even like of the learning just having that frustration and I think what could be different I think it says at the start like four students are assigned and And I think if you got to choose your own teammates, then maybe you mitigate some of these risks because it's like more social contract, I suppose, with people that you know or trust.","of grade. But yeah. Let's, yeah, please. I was going to say, I really like peer evaluations. So I come from the opposite perspective. I think this situation would really frustrate me, and I did experience this last semester, so it was really frustrating. But I think the peer evaluation would positively affect my learning, because I think it gives you a chance to be honest, just like we're not the ones at the end of the day like deciding the grades I think just giving all the information is really helpful I think one other thing I thought of that would affect my learning I think that frustration and like for better or worse I think sometimes it can like make me think less of the class or even like of the learning just having that frustration and I think what could be different I think it says at the start like four students are assigned and And I think if you got to choose your own teammates, then maybe you mitigate some of these risks because it's like more social contract, I suppose, with people that you know or trust.",192,21.812832,1.9816886,-1
64,MPP1,Speaker 13,False,40:52:00,147120,"Yeah, well, so having been late to this meeting because of a work conflict, I feel like this is very meta. I've been on both ends of this, and I think everyone's...","Yeah, well, so having been late to this meeting because of a work conflict, I feel like this is very meta. I've been on both ends of this, and I think everyone's...",32,18.991701,0.2066046,-1
65,MPP1,Speaker 2,False,40:59:00,147540,We will evaluate you. Please do.,We will evaluate you. Please do.,6,22.463932,2.0598364,10
66,MPP1,Speaker 13,False,41:01:00,147660,"I think everyone's been on both ends of this at some point, right? Like, something happens, people have families, people have friends, people have lives that go on outside of school, and when every class has a group project, that means that I have to find a common time to meet with potentially 20 different people","I think everyone's been on both ends of this at some point, right? Like, something happens, people have families, people have friends, people have lives that go on outside of school, and when every class has a group project, that means that I have to find a common time to meet with potentially 20 different people",56,20.962574,0.9496224,-1
67,MPP1,Speaker 2,False,41:17:00,148620,over the course of one week and balance that with my schedule.,over the course of one week and balance that with my schedule.,12,21.325363,3.6926556,-1
68,MPP1,Speaker 13,False,41:20:00,148800,"They have to do the same. And so it ends up being that we're free for 15 minutes walking past one another in the cafeteria on a [NAME]. That doesn't work. And so I think from a professor's standpoint, giving people the option to work individually on something is strong. Because I understand the importance of group work. But why is it that a high-stakes project depends on three other people? That's not an assessment of my learning. That's an assessment of how well I can balance everything going on in my life, which is heterogeneous among my peers. And that's not fair to me or my peers. So I would prefer that, at least with this scenario, that there's some sort of individual assignment that someone can do in place of group work. Because I think this is pretty common.","They have to do the same. And so it ends up being that we're free for 15 minutes walking past one another in the cafeteria on a . That doesn't work. And so I think from a professor's standpoint, giving people the option to work individually on something is strong. Because I understand the importance of group work. But why is it that a high-stakes project depends on three other people? That's not an assessment of my learning. That's an assessment of how well I can balance everything going on in my life, which is heterogeneous among my peers. And that's not fair to me or my peers. So I would prefer that, at least with this scenario, that there's some sort of individual assignment that someone can do in place of group work. Because I think this is pretty common.",141,21.556509,0.6616563,-1
69,MPP1,Speaker 6,False,42:03:00,151380,"I would agree with that. I think there's a tendency that a lot of core classes use group work. And especially when it happens at the same time, this is when challenges like this one get worse. Because you're just exorbitantly having more commitments and need to align with others.","I would agree with that. I think there's a tendency that a lot of core classes use group work. And especially when it happens at the same time, this is when challenges like this one get worse. Because you're just exorbitantly having more commitments and need to align with others.",50,21.154797,0.95662636,-1
71,MPP1,Speaker 5,False,42:30:00,153000,"it i think generally that it seems that there's an absence of like just assignments and workloads across all classes whether it be a group or anything it's kind of everyone is kind of operating in their own sphere and there's like, I don't know, it's kind of like prisoner's dilemma, like race to the bottom of like just assigning more and like group work and all that.","it i think generally that it seems that there's an absence of like just assignments and workloads across all classes whether it be a group or anything it's kind of everyone is kind of operating in their own sphere and there's like, I don't know, it's kind of like prisoner's dilemma, like race to the bottom of like just assigning more and like group work and all that.",68,20.969946,1.0528216,-1
72,MPP1,Speaker 6,False,42:52:00,154320,"I want to mention one positive exception, which again, the Z section in econ last semester, the professor tried very hard to, for example, have fewer problem sets in the beginning of the semester when people were in negotiations and had a lot of group work. So I think there's very few examples where data is taken into account, but it should definitely be done more.","I want to mention one positive exception, which again, the Z section in econ last semester, the professor tried very hard to, for example, have fewer problem sets in the beginning of the semester when people were in negotiations and had a lot of group work. So I think there's very few examples where data is taken into account, but it should definitely be done more.",66,21.825972,2.5190258,-1
74,MPP1,Speaker 2,False,44:33:00,160380,The cheat pen's breaking. A little bit. Sorry. Oh. They have the big guns. This one works all the way to do. All right.,The cheat pen's breaking. A little bit. Sorry. Oh. They have the big guns. This one works all the way to do. All right.,24,17.45304,0.85296446,4
77,MPP1,Speaker 9,False,46:30:00,167400,"So it happened on several cases in the classroom, negotiation and PTT, and student admit she didn't read it. But as long as like professor, okay we are moving on, but professor controlling her facial expression and non-verbal cue, and I understand you in this case, but you have more days, and so as long as she or he doesn't show that kind of super disappointment, and can be much more partial, I think it's okay for these cases. And also, I want professors to not hold that person, like, gudge on the next things, something like that. And I experienced, for example, PDD, all those students, a student admit, like, she didn't read the thing. Later, like, classes, the professor was trying to ask more questions and make that student more active. So it shows me the kindness. So my way of learning is as long as it's in a kind and inclusive environment, I'm OK with my own learning. So that was my perspective. Thank you.","So it happened on several cases in the classroom, negotiation and PTT, and student admit she didn't read it. But as long as like professor, okay we are moving on, but professor controlling her facial expression and non-verbal cue, and I understand you in this case, but you have more days, and so as long as she or he doesn't show that kind of super disappointment, and can be much more partial, I think it's okay for these cases. And also, I want professors to not hold that person, like, gudge on the next things, something like that. And I experienced, for example, PDD, all those students, a student admit, like, she didn't read the thing. Later, like, classes, the professor was trying to ask more questions and make that student more active. So it shows me the kindness. So my way of learning is as long as it's in a kind and inclusive environment, I'm OK with my own learning. So that was my perspective. Thank you.",168,21.284239,0.022384007,8
78,MPP1,Speaker 2,False,47:42:00,171720,Who else would you like to share from another perspective?,Who else would you like to share from another perspective?,10,16.511713,0.7555544,4
79,MPP1,Speaker 8,False,47:45:00,171900,"I felt that I would probably be a little bit more on edge in this class than other classes. But I think that was probably the professor's intent. And I would definitely also be keeping an eye out to see if the professor was treating everyone the same way. If anyone got a pass on this type of behavior, that would make me look at it much more negatively. Whereas if a professor is treating everyone the exact same way, and if expectations were set clearly on the syllabus and on the first day of classes, I don't think I'd personally have a problem with it. because the student could have communicated with the professor earlier to let them know if there was a special situation or something.","I felt that I would probably be a little bit more on edge in this class than other classes. But I think that was probably the professor's intent. And I would definitely also be keeping an eye out to see if the professor was treating everyone the same way. If anyone got a pass on this type of behavior, that would make me look at it much more negatively. Whereas if a professor is treating everyone the exact same way, and if expectations were set clearly on the syllabus and on the first day of classes, I don't think I'd personally have a problem with it. because the student could have communicated with the professor earlier to let them know if there was a special situation or something.",128,21.416094,0.1516589,8
80,MPP1,Speaker 10,False,48:32:00,174720,"Yeah, I also actually think this kind of strict disagreeing and coherent rules are very important for learning. So I think actually this kind of attitude of professor actually helped my learning because you know, a lot of course require a great workload, and all those assignments and readings were there for reasons, and students, they can be busy or sometimes they can be lazy, and professors are actually responsible for getting students to do the assignments and read the materials. So I think, you know, the professional scenario is actually encouraging students to get more involved in the class.","Yeah, I also actually think this kind of strict disagreeing and coherent rules are very important for learning. So I think actually this kind of attitude of professor actually helped my learning because you know, a lot of course require a great workload, and all those assignments and readings were there for reasons, and students, they can be busy or sometimes they can be lazy, and professors are actually responsible for getting students to do the assignments and read the materials. So I think, you know, the professional scenario is actually encouraging students to get more involved in the class.",100,21.921701,1.6280141,-1
81,MPP1,Speaker 5,False,49:30:00,178200,"I think for me, this would really negatively affect my learning. I think I would feel like secondhand embarrassment for the person. And I would think that could be me if I had something going on. I think to speak like this to a room full of adults is like not okay. I think like we're we're all adults, we're not kids. So I think, like, given the big class sizes, like the professor could just move on to the next person. I don't, yeah, I think for me this would, like, yeah, negatively affect how I view the class and how, yeah, I view the culture and how, like, psychologically safe I probably feel in the class.","I think for me, this would really negatively affect my learning. I think I would feel like secondhand embarrassment for the person. And I would think that could be me if I had something going on. I think to speak like this to a room full of adults is like not okay. I think like we're we're all adults, we're not kids. So I think, like, given the big class sizes, like the professor could just move on to the next person. I don't, yeah, I think for me this would, like, yeah, negatively affect how I view the class and how, yeah, I view the culture and how, like, psychologically safe I probably feel in the class.",118,20.863174,0.4179504,-1
83,MPP1,Speaker 11,False,50:08:00,180480,"Yeah. I think I agree with what [NAME] said, but I also feel that there is a certain merit to holding people to a certain academic standard. So maybe calling out the person by using the word that's disappointing may not be the right thing to do. [NAME] that moment the professor could move on to the next participant and I believe everyone in the class would still understand that it is important. [NAME] the person who did not come to pay for whatsoever reason, it could be callousness or a genuine reason, the professor could schedule a one-on-one chat later on or CA could relay that feedback that this is something we should be careful about or stuff like that. I genuinely feel that we should all be collectively holding ourselves to a better preparation for class and thereby a better academic standard. So I agree there's a trade-off. I think on the one","Yeah. I think I agree with what said, but I also feel that there is a certain merit to holding people to a certain academic standard. So maybe calling out the person by using the word that's disappointing may not be the right thing to do. that moment the professor could move on to the next participant and I believe everyone in the class would still understand that it is important. the person who did not come to pay for whatsoever reason, it could be callousness or a genuine reason, the professor could schedule a one-on-one chat later on or CA could relay that feedback that this is something we should be careful about or stuff like that. I genuinely feel that we should all be collectively holding ourselves to a better preparation for class and thereby a better academic standard. So I agree there's a trade-off. I think on the one",152,21.447865,0.031079186,8
84,MPP1,Speaker 6,False,51:05:00,183900,"hand, I don't want other people in the class to be late or underprepared because, for example, if the door keeps opening, I've had it in one class that's like incredibly disruptive because You just can't listen to the person speaking. But on the other hand, I don't want people to be intimidated. And so I think the way to have that trade-off is, or one way I've seen it done by [NAME] [NAME], is that he does call on you, but if you genuinely are having a bad day, he allows you to call on someone else or say, I don't want to answer today. And I think it's okay as long as students do that a few times throughout the semester, as long as it doesn't happen the entire time. And I think that's a sort of softer way of doing what I presume the professor is trying to do here, like sort of setting standards, but giving that extra flexibility if things are rough.","hand, I don't want other people in the class to be late or underprepared because, for example, if the door keeps opening, I've had it in one class that's like incredibly disruptive because You just can't listen to the person speaking. But on the other hand, I don't want people to be intimidated. And so I think the way to have that trade-off is, or one way I've seen it done by , is that he does call on you, but if you genuinely are having a bad day, he allows you to call on someone else or say, I don't want to answer today. And I think it's okay as long as students do that a few times throughout the semester, as long as it doesn't happen the entire time. And I think that's a sort of softer way of doing what I presume the professor is trying to do here, like sort of setting standards, but giving that extra flexibility if things are rough.",166,21.369287,-0.12888378,8
86,MPP1,Speaker 6,False,52:21:00,188460,"I don't know if it's a general solution. One solution I've seen from [NAME] [NAME] is in the first couple of classes, just whenever someone came in late, she would interrupt the session and say to the person, class begins at 9 a.m. and then continue with the lecture and I think that set a standard very early on that like coming to the classroom was important and she would then reiterate that and say your presence matters we need all of you in this room so please be here on time and since that first session a lot fewer people have come late.","I don't know if it's a general solution. One solution I've seen from is in the first couple of classes, just whenever someone came in late, she would interrupt the session and say to the person, class begins at 9 a.m. and then continue with the lecture and I think that set a standard very early on that like coming to the classroom was important and she would then reiterate that and say your presence matters we need all of you in this room so please be here on time and since that first session a lot fewer people have come late.",102,21.599014,0.12977856,8
87,MPP1,Speaker 12,False,52:57:00,190620,I think I'm one of those people who struggles with coming on time and if I were to analyze my own behavior.,I think I'm one of those people who struggles with coming on time and if I were to analyze my own behavior.,22,18.901247,0.12944321,-1
89,MPP1,Speaker 12,False,53:07:00,191220,"I think we also have a similar class in ethics where the professor set the norms that if someone comes late, then you stop the class and they are made to solve the ethical challenge for a minute. But he did say it's not meant to be to put you on the spot. It's useful, but it's also to sort of set that norm and expectation. and personally I've always been on time for that class","I think we also have a similar class in ethics where the professor set the norms that if someone comes late, then you stop the class and they are made to solve the ethical challenge for a minute. But he did say it's not meant to be to put you on the spot. It's useful, but it's also to sort of set that norm and expectation. and personally I've always been on time for that class",76,21.598879,-0.01571402,8
91,MPP1,Speaker 12,False,53:41:00,193260,"I'm a problem and I can tell you how it can work Okay But yeah even about this and I think about in general it's linked to your question and even about this case I think what's great is I think this situation has never happened I think professors are great about being gracious but at the same time enforcing norms. So I don't think professors like to publicly shame, like in this case. I think there's a way to ignore it in class, but you will often get an email checking in, hey, are you okay? Or is there anything we can do to support you? And then if it's not addressed, it always will come, you will get a low class participation rate. So there are consequences, but so far I think it's been dealt with, all of this has been dealt with really well.","I'm a problem and I can tell you how it can work Okay But yeah even about this and I think about in general it's linked to your question and even about this case I think what's great is I think this situation has never happened I think professors are great about being gracious but at the same time enforcing norms. So I don't think professors like to publicly shame, like in this case. I think there's a way to ignore it in class, but you will often get an email checking in, hey, are you okay? Or is there anything we can do to support you? And then if it's not addressed, it always will come, you will get a low class participation rate. So there are consequences, but so far I think it's been dealt with, all of this has been dealt with really well.",147,21.368229,0.0012315208,8
93,MPP1,Speaker 13,False,54:35:00,196500,"I like that [NAME] [NAME] does that. I think that that's like, because it's playful. It's not like it removes all of the like anger and attitude from it. Whereas like if I walked in late to a classroom and someone looked at me and was like class starts at 9am, I would be like, yeah, well, the bus also is supposed to get here on time. Like, you know, there's genuine reason. I think tone and attitude matter here a lot. And I'm like reading both of these and it's ambiguous. you can't tell what tone they're taking in, but I can imagine that, like, yeah, I mean, if the student was like, I don't have time for this, like, sorry, your reading is, you know, not as important to me, like, if I was a professor, I would have attitude, too, and that student would probably deserve it, so that's, I think tone and attitude is sort of, like, my focus on this, and because [NAME] [NAME] takes a very, like, playful, like, no one cares, come just, like, talk for a minute, really, is what the prompt for that is, like, I think it's pretty open, but I've also never been subjected to that, So I don't want to speak on behalf of those who have. Not everyone has outspoken.","I like that does that. I think that that's like, because it's playful. It's not like it removes all of the like anger and attitude from it. Whereas like if I walked in late to a classroom and someone looked at me and was like class starts at 9am, I would be like, yeah, well, the bus also is supposed to get here on time. Like, you know, there's genuine reason. I think tone and attitude matter here a lot. And I'm like reading both of these and it's ambiguous. you can't tell what tone they're taking in, but I can imagine that, like, yeah, I mean, if the student was like, I don't have time for this, like, sorry, your reading is, you know, not as important to me, like, if I was a professor, I would have attitude, too, and that student would probably deserve it, so that's, I think tone and attitude is sort of, like, my focus on this, and because takes a very, like, playful, like, no one cares, come just, like, talk for a minute, really, is what the prompt for that is, like, I think it's pretty open, but I've also never been subjected to that, So I don't want to speak on behalf of those who have. Not everyone has outspoken.",219,20.811,-0.26421002,5
95,MPP1,Speaker 7,False,56:36:00,203760,I would say get rid of some of the core courses.,I would say get rid of some of the core courses.,11,20.776518,4.524058,15
97,MPP1,Speaker 7,False,56:45:00,204300,"at least not making them in the top. I think some of them are useful, some are less useful.","at least not making them in the top. I think some of them are useful, some are less useful.",19,18.135155,1.7513987,-1
102,MPP1,Speaker 5,False,57:13:00,205980,"I would say just reduce the volume of, like, work. Not necessarily assignments, but just, like, the readings and stuff. I feel like I'm getting such a surface-level understanding of so much, and I'm not getting the time to go into depth on these, like, important policy issues. So it's just, like, volume of... Volume of reading?","I would say just reduce the volume of, like, work. Not necessarily assignments, but just, like, the readings and stuff. I feel like I'm getting such a surface-level understanding of so much, and I'm not getting the time to go into depth on these, like, important policy issues. So it's just, like, volume of... Volume of reading?",57,22.089163,3.6271422,11
104,MPP1,Speaker 5,False,57:39:00,207540,"It's probably more volume of reading, I think. They're kind of both interrelated a little.","It's probably more volume of reading, I think. They're kind of both interrelated a little.",15,19.001991,1.8980424,0
108,MPP1,Speaker 4,False,57:50:00,208200,"I think there should be a meeting for arranging volume of reading among professors. Okay. In last semester, one of my class gave me a reading of like 200 pages per week. It's like 200 pages for [NAME] and 200 pages for like [NAME]. It was like, whoa, it's madness. I'm an international student. I cannot follow the class. But if there were a meeting of professors that are allocating reading type. Coordination. Yeah, that's right. So coordination in the reading.","I think there should be a meeting for arranging volume of reading among professors. Okay. In last semester, one of my class gave me a reading of like 200 pages per week. It's like 200 pages for and 200 pages for like . It was like, whoa, it's madness. I'm an international student. I cannot follow the class. But if there were a meeting of professors that are allocating reading type. Coordination. Yeah, that's right. So coordination in the reading.",80,22.108658,3.6159072,11
110,MPP1,Speaker 6,False,58:46:00,211560,"So I would call this learning at the right level, and I think it has something to do, there's a PDD case about this, it has something to do with the exemption policy. So people come into the school with incredibly different levels of prior knowledge on the subjects in the court. [NAME] they studied something that has nothing to do with political science or economics or social science before or they already have degrees in those subjects and I don't think the current exemption policy is allowing enough flexibility for students to be entering courses at the right level. So to give an example of that, I exempted out of statistics for last semester and this semester, but the core is requiring me to take the second half of statistics still this semester. But at the same time, for the first half of the semester, I'm a course assistant for statistics because of my prior background. So I don't think there's enough flexibility to match what people have done. And I think there's models to adopt here where, for example, the business school is allowing people to just take a more difficult statistics course or a more difficult econ course instead and this school has so many great stats courses and econ courses that I'm sure it would be possible to just allow MPP ones to go into one of those harder courses instead in their first year if they can prove that they have the prior","So I would call this learning at the right level, and I think it has something to do, there's a PDD case about this, it has something to do with the exemption policy. So people come into the school with incredibly different levels of prior knowledge on the subjects in the court. they studied something that has nothing to do with political science or economics or social science before or they already have degrees in those subjects and I don't think the current exemption policy is allowing enough flexibility for students to be entering courses at the right level. So to give an example of that, I exempted out of statistics for last semester and this semester, but the core is requiring me to take the second half of statistics still this semester. But at the same time, for the first half of the semester, I'm a course assistant for statistics because of my prior background. So I don't think there's enough flexibility to match what people have done. And I think there's models to adopt here where, for example, the business school is allowing people to just take a more difficult statistics course or a more difficult econ course instead and this school has so many great stats courses and econ courses that I'm sure it would be possible to just allow MPP ones to go into one of those harder courses instead in their first year if they can prove that they have the prior",247,21.03222,4.4542766,15
112,MPP1,Speaker 6,False,1:00:27,3627,if people who are more advanced because of their prior courses are opting into more difficult courses then the core can adjust to also meet the needs more of students who are struggling. And I think that's the way to kind of make that benefit everyone. [NAME] one of the challenges is people's questions aren't being answered enough for example in stats or econ and they spend a lot of time in office hours because the course is too difficult for them. So just spread it out.,if people who are more advanced because of their prior courses are opting into more difficult courses then the core can adjust to also meet the needs more of students who are struggling. And I think that's the way to kind of make that benefit everyone. one of the challenges is people's questions aren't being answered enough for example in stats or econ and they spend a lot of time in office hours because the course is too difficult for them. So just spread it out.,86,20.98427,4.461164,15
114,MPP1,Speaker 9,False,1:00:58,3658,"I wanted to decrease the participation scores percentages because like from some [NAME] students, especially from [NAME] students, although they have amazing ideas, they just didn't get used to speaking up a lot. And then, although they do extremely great on other stuff, but their score is lower than mine, I always, like, shamelessly, mindlessly speak, which seems really unfair. And also, like, sometimes the participation score is, for some classes, 40%. And it makes me, like, just push myself, like, perform instead of, like, asking what is important for me. So that seems like, if it's, like, really, like, lower for me, it's beneficial.","I wanted to decrease the participation scores percentages because like from some students, especially from students, although they have amazing ideas, they just didn't get used to speaking up a lot. And then, although they do extremely great on other stuff, but their score is lower than mine, I always, like, shamelessly, mindlessly speak, which seems really unfair. And also, like, sometimes the participation score is, for some classes, 40%. And it makes me, like, just push myself, like, perform instead of, like, asking what is important for me. So that seems like, if it's, like, really, like, lower for me, it's beneficial.",103,20.14948,1.0567597,13
116,MPP1,Speaker 13,False,1:01:52,3712,yes I think it's also teachly from my understanding tracks how many times you participate which is sort of a ridiculous measure of like the quality of your contributions to the classroom so maybe I don't know having some other system but yeah 100% and also on the stat thing I totally agree I came in with a stat background too,yes I think it's also teachly from my understanding tracks how many times you participate which is sort of a ridiculous measure of like the quality of your contributions to the classroom so maybe I don't know having some other system but yeah 100% and also on the stat thing I totally agree I came in with a stat background too,61,20.212284,1.9723475,14
118,MPP1,Speaker 11,False,1:02:22,3742,"Be a global school and not be very [NAME] in the coursework. I've been a part of multiple classrooms where I find myself pretty much questioning why am I here in the name of a global school where I'm being taught a very [NAME] focused case or coursework. [NAME], be more global. [NAME], okay. [NAME] good, thank you. [NAME] hasn't","Be a global school and not be very in the coursework. I've been a part of multiple classrooms where I find myself pretty much questioning why am I here in the name of a global school where I'm being taught a very focused case or coursework. , be more global. , okay. good, thank you. hasn't",56,20.82421,2.971711,6
120,MPP1,Speaker 8,False,1:02:58,3778,I agree with a lot of them. I'll try to offer a new one. I think we need to reduce class sizes. The size of the race and racism classes makes me feel like the program doesn't actually care about race and racism. So why is it required if I'm in a class of 120 people?,I agree with a lot of them. I'll try to offer a new one. I think we need to reduce class sizes. The size of the race and racism classes makes me feel like the program doesn't actually care about race and racism. So why is it required if I'm in a class of 120 people?,56,20.13685,1.8376366,14
122,MPP1,Speaker 8,False,1:03:37,3817,"No, like last semester I was in one of the 70. I think a lot of us were in the same class. And that even, like, I think it's an intersection of class size and a huge participation grade. Uh-huh. Really like the intersection of those two really make it not worthwhile.","No, like last semester I was in one of the 70. I think a lot of us were in the same class. And that even, like, I think it's an intersection of class size and a huge participation grade. Uh-huh. Really like the intersection of those two really make it not worthwhile.",52,20.084013,2.100881,14
124,MPP1,Speaker 12,False,1:03:52,3832,"Okay. And, [NAME]? Yeah. Yeah, I agree with everything. [NAME] a slightly different idea. And I know there's a lot of work being done, but there's so much work to be done on diversity of opinions in classrooms.","Okay. And, ? Yeah. Yeah, I agree with everything. a slightly different idea. And I know there's a lot of work being done, but there's so much work to be done on diversity of opinions in classrooms.",37,19.669607,1.4151082,-1
126,MPP1,Speaker 12,False,1:04:10,3850,Classrooms are not safe in my words. [NAME] from it.,Classrooms are not safe in my words. from it.,9,20.727081,0.6282439,-1
128,MPP1,Speaker 12,False,1:04:14,3854,"I will come out of classrooms and there'll be at least 30 to 40% roughly where people are like, What was being discussed in the classroom was ridiculous. There's no way I could even say that in class. Or give my opinion in class. And these are not even, let's say, I mean, we don't know HKS as a liberal school. These are not even right-wing perspectives. These are like center-left perspectives. Where you just don't feel comfortable. And I think a lot of that expectation setting has to be done explicitly by the professor. The onus is on the professor to set the norms on day one. and to elicit diverse viewpoints. And I've been in a couple of classrooms which you learn really well. But most fail miserably.","I will come out of classrooms and there'll be at least 30 to 40% roughly where people are like, What was being discussed in the classroom was ridiculous. There's no way I could even say that in class. Or give my opinion in class. And these are not even, let's say, I mean, we don't know HKS as a liberal school. These are not even right-wing perspectives. These are like center-left perspectives. Where you just don't feel comfortable. And I think a lot of that expectation setting has to be done explicitly by the professor. The onus is on the professor to set the norms on day one. and to elicit diverse viewpoints. And I've been in a couple of classrooms which you learn really well. But most fail miserably.",130,21.13269,1.7905283,12
130,MPP1,Speaker 13,False,1:05:13,3913,"One thing that we haven't talked about yet, and I don't know if other people experience this, but exclusivity seems to kind of like run through HKS's blood. Like, classes are exclusive. The bid point system makes it so that, like, unless you're a dual degree student, you can't take, like, these celebrity faculty your first year. The courses you have to apply to, I think a lot of it is discouraging for students who just, like, are happy they got in and want to experience as much as they can. Because, like, you can't get into certain courses or in study groups, like, all sorts of things. I think, like, yeah, a lot of that. I mean, I like smaller class sizes, but I think that also there's a balance between how exclusive can you make certain things.","One thing that we haven't talked about yet, and I don't know if other people experience this, but exclusivity seems to kind of like run through HKS's blood. Like, classes are exclusive. The bid point system makes it so that, like, unless you're a dual degree student, you can't take, like, these celebrity faculty your first year. The courses you have to apply to, I think a lot of it is discouraging for students who just, like, are happy they got in and want to experience as much as they can. Because, like, you can't get into certain courses or in study groups, like, all sorts of things. I think, like, yeah, a lot of that. I mean, I like smaller class sizes, but I think that also there's a balance between how exclusive can you make certain things.",139,20.40034,3.6371663,-1
132,MPP1,Speaker 13,False,1:06:03,3963,"Yeah, I think courses is sort of my main point.","Yeah, I think courses is sort of my main point.",10,20.729116,3.9841335,15
134,MPP1,Speaker 5,False,1:07:04,4024,Will we have a chance to explain anything?,Will we have a chance to explain anything?,8,17.975296,1.7445503,-1
136,MPP1,Speaker 5,False,1:07:08,4028,"Yeah. Yeah, because... No, okay. But you know what?","Yeah. Yeah, because... No, okay. But you know what?",9,16.842787,1.3021171,4
138,MPP1,Speaker 2,False,1:07:50,4070,"That is exactly what that is. Somebody will thank you again. I'm sorry, but there's a clear time.","That is exactly what that is. Somebody will thank you again. I'm sorry, but there's a clear time.",18,17.13133,0.41144723,4
139,MPP1,Speaker 12,False,1:07:56,4076,"I'm sorry, I'm sorry. I just, I'm sorry.","I'm sorry, I'm sorry. I just, I'm sorry.",8,16.518976,1.2651504,4
141,MPP1,Speaker 2,False,1:09:11,4151,Can you repeat what we're supposed to put on the index again?,Can you repeat what we're supposed to put on the index again?,12,17.679224,2.3114064,0
144,MCMPA,Speaker 6,False,16:30,990,"Julia? A description of the way I've experienced courses would be engaging, invested, sometimes almost like a performance, but in a good way. Okay. All","Julia? A description of the way I've experienced courses would be engaging, invested, sometimes almost like a performance, but in a good way. Okay. All",25,20.88884,3.457497,-1
146,MCMPA,Speaker 8,False,16:58,1018,"I mean, I think the professors are quite engaging as well. I think that oftentimes there's one or two people who take up student-wise the entirety of the class. In like 75 plus percent of my classes I've taken.","I mean, I think the professors are quite engaging as well. I think that oftentimes there's one or two people who take up student-wise the entirety of the class. In like 75 plus percent of my classes I've taken.",39,21.196384,1.8623002,2
150,MCMPA,Speaker 8,False,17:29,1049,I was just reiterating the engaging piece.,I was just reiterating the engaging piece.,7,18.832293,1.9876997,0
151,MCMPA,Speaker 6,False,17:31,1051,"Okay. The professors dominant or the students? Students. Specific students, yeah.","Okay. The professors dominant or the students? Students. Specific students, yeah.",11,21.354856,1.606367,2
152,MCMPA,Speaker 7,False,17:36,1056,"Okay. I would say they're different from each other, both in terms of the type of engagement, sometimes also the quality.","Okay. I would say they're different from each other, both in terms of the type of engagement, sometimes also the quality.",21,18.842472,1.7488704,0
154,MCMPA,Speaker 7,False,18:06,1086,"Yeah, not uniform. Not uniform.","Yeah, not uniform. Not uniform.",5,21.193974,2.0375519,2
156,MCMPA,Speaker 7,False,18:11,1091,"Yeah, and there is a very positive aspect of that, but there is also some negative aspects of that.","Yeah, and there is a very positive aspect of that, but there is also some negative aspects of that.",19,18.708982,2.2813194,0
158,MCMPA,Speaker 4,False,18:25,1105,Okay. So I may have a bias because I took very quant-heavy subjects in the first term. So for me it was overwhelming but very engaging as well. So and this semester seems lighter because I'm not taking quant-heavy subjects. It's a biased answer because of the subjects.,Okay. So I may have a bias because I took very quant-heavy subjects in the first term. So for me it was overwhelming but very engaging as well. So and this semester seems lighter because I'm not taking quant-heavy subjects. It's a biased answer because of the subjects.,48,21.228043,3.2360234,12
160,MCMPA,Speaker 4,False,19:11,1151,"I just felt the scope and the quality and the rigor is required for quant subjects. Hence, the time period of four months may not be sufficient because of the vastness of the scope. And especially because it's about practice in quant subjects, so that's something that kind of took away practical experience away from me. Also, I felt that the time given for quant between the final exams and when we finish off with our classes, that should be a little bit more for quant because that gives you time for prepping while you are also submitting and doing other"",""things, finishing off with the other things, which are non-quant heavy.","I just felt the scope and the quality and the rigor is required for quant subjects. Hence, the time period of four months may not be sufficient because of the vastness of the scope. And especially because it's about practice in quant subjects, so that's something that kind of took away practical experience away from me. Also, I felt that the time given for quant between the final exams and when we finish off with our classes, that should be a little bit more for quant because that gives you time for prepping while you are also submitting and doing other"",""things, finishing off with the other things, which are non-quant heavy.",111,21.516262,3.6471286,-1
162,MCMPA,Speaker 5,False,20:22,1222,"I would say generally very supportive. Pedagogy is truly unlike anything like other classes that I've been in in the past in my previous institutions and so it's kind of exploratory, experiential, there seems to be a lot of focus on that. And then I think varying degrees of accessibility depending on. Okay.","I would say generally very supportive. Pedagogy is truly unlike anything like other classes that I've been in in the past in my previous institutions and so it's kind of exploratory, experiential, there seems to be a lot of focus on that. And then I think varying degrees of accessibility depending on. Okay.",53,20.946932,2.4375076,12
164,MCMPA,Speaker 4,False,22:01,1321,"I think so the way of teaching is very different from what we have in [NAME]. So it's kind of more liberal and as you said democratic in terms of how the class is conducted. And I think the openness of thoughts is welcomed. what kind of encourages one person, one to kind of come out of his or her shell to expand the learning and the perspectives. So I think that I really appreciate that part of it. And it's not only just for me, because I also have my son with me here and he goes to [NAME] school. So I can see that actually starts at a very low level, I mean, in school and that kind of perculates upwards, not perculates downwards, but upwards. So I think I am appreciative of that system.","I think so the way of teaching is very different from what we have in . So it's kind of more liberal and as you said democratic in terms of how the class is conducted. And I think the openness of thoughts is welcomed. what kind of encourages one person, one to kind of come out of his or her shell to expand the learning and the perspectives. So I think that I really appreciate that part of it. And it's not only just for me, because I also have my son with me here and he goes to school. So I can see that actually starts at a very low level, I mean, in school and that kind of perculates upwards, not perculates downwards, but upwards. So I think I am appreciative of that system.",136,20.918858,2.1374543,12
166,MCMPA,Speaker 5,False,23:10,1390,"Yeah, 100%. I love it. I'm somebody who learns better when I'm going through and experiencing things as opposed to just being lectured at or just being taught at. And so I find, with a few exceptions, most of the courses that I was in last semester has some kind of incorporation of activity or, like, tactile or whatever. So I can name off [NAME], [NAME], and also [NAME] O'[NAME], amazing, amazing professors, who, and especially [NAME], who really tried, and [NAME], actually, all of them are great. But they really, I think, took the pedagogy of what it means to learn and reflected on it. And you can see it in the way that they teach their classes. And it really is why it's engaging. It's why I feel like I'm genuinely learning something every class. Yeah. And I'd say there are a few profs who still do the old school lecture at you and whatever. But I think that's just the nature of them.","Yeah, 100%. I love it. I'm somebody who learns better when I'm going through and experiencing things as opposed to just being lectured at or just being taught at. And so I find, with a few exceptions, most of the courses that I was in last semester has some kind of incorporation of activity or, like, tactile or whatever. So I can name off , , and also O', amazing, amazing professors, who, and especially , who really tried, and , actually, all of them are great. But they really, I think, took the pedagogy of what it means to learn and reflected on it. And you can see it in the way that they teach their classes. And it really is why it's engaging. It's why I feel like I'm genuinely learning something every class. Yeah. And I'd say there are a few profs who still do the old school lecture at you and whatever. But I think that's just the nature of them.",165,20.722649,2.2237146,12
168,MCMPA,Speaker 6,False,24:15:00,87300,"Yeah. So when I was referring to performative and I said in a good way, what I mean is that people aren't standing behind their knowledge or behind a PowerPoint or what you know and so it's a point I 100% agree and like any other I've been countless institutions and I've been saying this and starting here that there's the highest level of professionalism that I've seen in that in that way I feel like the people that I've been learning from are involved in the experience and they're invested in they're almost learning as they go also or they're so they're experts in their given fields but yet it's not presented in a way where they're standing on high or you know so I and I think the knowledge is kind of it's permeating the classroom rather than it being something that's you know said and sitting in the air and people aren't quite clear about what it is that they're learning and then they move on so I 100% agree I think it's been excellent. So I think MCFPAs have a very special","Yeah. So when I was referring to performative and I said in a good way, what I mean is that people aren't standing behind their knowledge or behind a PowerPoint or what you know and so it's a point I 100% agree and like any other I've been countless institutions and I've been saying this and starting here that there's the highest level of professionalism that I've seen in that in that way I feel like the people that I've been learning from are involved in the experience and they're invested in they're almost learning as they go also or they're so they're experts in their given fields but yet it's not presented in a way where they're standing on high or you know so I and I think the knowledge is kind of it's permeating the classroom rather than it being something that's you know said and sitting in the air and people aren't quite clear about what it is that they're learning and then they move on so I 100% agree I think it's been excellent. So I think MCFPAs have a very special",186,20.634508,2.3358936,12
170,MCMPA,Speaker 7,False,25:24:00,91440,"i i generally agree and and and share your perspective in that sense but i also feel that sometimes um i'm trying to to find like a more like that sometimes uh class discussions are like simulacra of discussion rather than actual discussion. Sometimes it's because there are, and maybe also it's a cultural thing, maybe not maybe, I think it's a cultural thing, setting too many rules to the extent for discussion, to the extent that it's clear what you're not allowed to say and what you're allowed to say. or I just found myself sometimes in the class subjects are so interesting, but I mean, probably, you know, there are a lot of, you know, reasons for that, and I don't put the blame, all the blame on the professors or the institution or the students. It's like a mix. But sometimes we like, there is a super interesting subject, But no one says anything, you know, substantial. And for me also, as an MCMP, and I know what kind of students I share the class with, with amazing experiences, I always found myself throughout this year having the most interesting discussions outside class, rather in class.","i i generally agree and and and share your perspective in that sense but i also feel that sometimes um i'm trying to to find like a more like that sometimes uh class discussions are like simulacra of discussion rather than actual discussion. Sometimes it's because there are, and maybe also it's a cultural thing, maybe not maybe, I think it's a cultural thing, setting too many rules to the extent for discussion, to the extent that it's clear what you're not allowed to say and what you're allowed to say. or I just found myself sometimes in the class subjects are so interesting, but I mean, probably, you know, there are a lot of, you know, reasons for that, and I don't put the blame, all the blame on the professors or the institution or the students. It's like a mix. But sometimes we like, there is a super interesting subject, But no one says anything, you know, substantial. And for me also, as an MCMP, and I know what kind of students I share the class with, with amazing experiences, I always found myself throughout this year having the most interesting discussions outside class, rather in class.",199,19.959366,0.6749015,13
171,MCMPA,Speaker 8,False,26:50:00,96600,"And to that point, yeah. Or sorry, were you done?","And to that point, yeah. Or sorry, were you done?",10,16.51772,0.9592247,4
173,MCMPA,Speaker 8,False,26:54:00,96840,"Like tons of experience. And I don't know if nobody knows anybody's experience or like never, like certainly, I mean, I don't think I've, maybe I have one class where they asked everyone's background or something like that. But I mean, there's people in the room with 20, 30 years experience. I mean, of course, I appreciate the professors that worked with 11 different presidents and walking through their examples are awesome. That's amazing. But like, we're on a subject, somebody's raising their hand. Again, it's kind of like the same person who raises their hand every single class. And they're talking about their little specific niche. When we read 150 pages on this totally different topic, and we're not talking about that topic or engaging with people who actually have experience in that topic. It's just the same people over and over again regurgitating the same things.","Like tons of experience. And I don't know if nobody knows anybody's experience or like never, like certainly, I mean, I don't think I've, maybe I have one class where they asked everyone's background or something like that. But I mean, there's people in the room with 20, 30 years experience. I mean, of course, I appreciate the professors that worked with 11 different presidents and walking through their examples are awesome. That's amazing. But like, we're on a subject, somebody's raising their hand. Again, it's kind of like the same person who raises their hand every single class. And they're talking about their little specific niche. When we read 150 pages on this totally different topic, and we're not talking about that topic or engaging with people who actually have experience in that topic. It's just the same people over and over again regurgitating the same things.",148,20.451134,2.2445133,12
177,MCMPA,Speaker 8,False,28:10:00,101400,"Well, yeah, I mean, yeah. But I don't think the professors are necessarily trying to shut down a student from speaking either. So allowing it to continue to go kind of takes away from it. I don't know. I guess the biggest thing is if we're reading 150 pages on a subject, I'd at least like to address the subject in that classroom. And there have been some professors I've taken that we don't even touch on the subject because we kind of go down these different pathways, I think, kind of to your point, [NAME].","Well, yeah, I mean, yeah. But I don't think the professors are necessarily trying to shut down a student from speaking either. So allowing it to continue to go kind of takes away from it. I don't know. I guess the biggest thing is if we're reading 150 pages on a subject, I'd at least like to address the subject in that classroom. And there have been some professors I've taken that we don't even touch on the subject because we kind of go down these different pathways, I think, kind of to your point, .",96,20.466223,1.0236101,13
181,MCMPA,Speaker 7,False,29:14:00,105240,"I think that the spoken rules always sound super reasonable and illegitimate. But behind those external rules, there are also, how can I say that, implied rules that everyone understands what they are, but no one mentions them.","I think that the spoken rules always sound super reasonable and illegitimate. But behind those external rules, there are also, how can I say that, implied rules that everyone understands what they are, but no one mentions them.",38,19.8944,-0.28879404,1
183,MCMPA,Speaker 7,False,29:34:00,106440,"And I do have to say that I think maybe when the class, that was my experience, when the class is smaller, so it becomes easier. Also, I can bring like another angle. I'm not, you know, [NAME] is not my first language. So for people like me, these kind of environments are more, I don't know if convenient is the right word, but we feel more safe in those kind of environments. Because there is sometimes, I think that there are many, many occasions where people that [NAME] is their first language, it's much more easier for them to control the situation than us. I also take this on me, but I truly, except from, you know, what I just said of, you know, like, that I think that in smaller groups it works better. I don't have a specific suggestion. I didn't ask for that, but, like, I will try to think or listen to others here. But yeah, it's something that bothers me because I know what kind of people we have here and how amazing they are. And like, sometimes I don't just, I don't feel it, you know, in class and for structural reasons.","And I do have to say that I think maybe when the class, that was my experience, when the class is smaller, so it becomes easier. Also, I can bring like another angle. I'm not, you know, is not my first language. So for people like me, these kind of environments are more, I don't know if convenient is the right word, but we feel more safe in those kind of environments. Because there is sometimes, I think that there are many, many occasions where people that is their first language, it's much more easier for them to control the situation than us. I also take this on me, but I truly, except from, you know, what I just said of, you know, like, that I think that in smaller groups it works better. I don't have a specific suggestion. I didn't ask for that, but, like, I will try to think or listen to others here. But yeah, it's something that bothers me because I know what kind of people we have here and how amazing they are. And like, sometimes I don't just, I don't feel it, you know, in class and for structural reasons.",197,20.53253,0.18283646,-1
185,MCMPA,Speaker 5,False,31:20:00,112800,"I actually have a point, and I'd be curious to hear your thoughts, because, like, and this isn't in my personal experience, but based on some friends who I've talked to last semester, the concept of cold calling, it seems to be prevalent in"",""some classes, not as much in others. or the way that you mark participation is by the way that you cold call or respond to cold calls. And I think that's what leads to some people just sort of like, vomiting what it is that they want to say. I personally think cold calling is like an outdated and like a lazy pedagogical tool because I think it only tests the surface of the things that you've actually interacted with. It doesn't allow the full transformational learning to happen. But I am very curious and like your responses either to cold calling or like if there's other things structurally that are causing some of these things or tangents in class. It could be anyone.","I actually have a point, and I'd be curious to hear your thoughts, because, like, and this isn't in my personal experience, but based on some friends who I've talked to last semester, the concept of cold calling, it seems to be prevalent in"",""some classes, not as much in others. or the way that you mark participation is by the way that you cold call or respond to cold calls. And I think that's what leads to some people just sort of like, vomiting what it is that they want to say. I personally think cold calling is like an outdated and like a lazy pedagogical tool because I think it only tests the surface of the things that you've actually interacted with. It doesn't allow the full transformational learning to happen. But I am very curious and like your responses either to cold calling or like if there's other things structurally that are causing some of these things or tangents in class. It could be anyone.",167,20.743137,-0.6033288,5
187,MCMPA,Speaker 8,False,35:09:00,126540,"Yeah, this is super typical based on, I mean, I'm surprised they got a response. Like if the assignment was on week two, the fact that they got a grade back by week five is surprising to me.","Yeah, this is super typical based on, I mean, I'm surprised they got a response. Like if the assignment was on week two, the fact that they got a grade back by week five is surprising to me.",38,22.475418,2.3591137,9
189,MCMPA,Speaker 8,False,35:23:00,127380,"Yeah, and then we're expected to submit reviews of the professors before we even get our grades back at the end of the semester as well. I mean, again, this is just me, but I think that this is very typical. And I don't want to place the blame solely on students, but the fact is there's not 68 students that are emailing for detailed feedback. I never once emailed for detailed feedback, but I just never got my grades back. and then we're expected to submit these course critiques, and then if we don't submit them, we get punished by waiting an extra month to get our grades. I had two classes last semester that I didn't get a single grade back the entire semester. I got A's in both the classes, but how am I supposed to critique if I get no feedback? So I don't know. This just relates to kind of what I felt last semester.","Yeah, and then we're expected to submit reviews of the professors before we even get our grades back at the end of the semester as well. I mean, again, this is just me, but I think that this is very typical. And I don't want to place the blame solely on students, but the fact is there's not 68 students that are emailing for detailed feedback. I never once emailed for detailed feedback, but I just never got my grades back. and then we're expected to submit these course critiques, and then if we don't submit them, we get punished by waiting an extra month to get our grades. I had two classes last semester that I didn't get a single grade back the entire semester. I got A's in both the classes, but how am I supposed to critique if I get no feedback? So I don't know. This just relates to kind of what I felt last semester.",160,22.805063,2.7038736,9
190,MCMPA,Speaker 4,False,36:18:00,130680,"All right. I haven't experienced this. I have experienced the first part of it, but not the latter. But I agree with him because there were many students who have complained about this, and it's typical of a few people, professors.","All right. I haven't experienced this. I have experienced the first part of it, but not the latter. But I agree with him because there were many students who have complained about this, and it's typical of a few people, professors.",41,21.4283,1.3641689,2
192,MCMPA,Speaker 6,False,36:43:00,132180,"I've had a very different experience as far as maybe not the timeline, but knowing that the instructor or professor will be reading every assignment and not a TA or somebody else, to me, I feel like I'm willing to wait that period so I get that full feedback. And I think thus far I've gotten very detailed feedback. I don't remember anything being vague. There was one final where I know the professor had a number of classes and so many students, but he wanted to read every one where he read the TA's feedback before his own, And then I think he was kind of, that was anchoring whatever it was that he was thinking, and that way it wasn't as much of a fan. And then when I know that instructors just read my paper or whatever it is that I write, and maybe it takes time. And then I don't look at how I do the feedback based on what it is as far as their feedback or my grade. So that hasn't been an issue for me as far as completing their assessments.","I've had a very different experience as far as maybe not the timeline, but knowing that the instructor or professor will be reading every assignment and not a TA or somebody else, to me, I feel like I'm willing to wait that period so I get that full feedback. And I think thus far I've gotten very detailed feedback. I don't remember anything being vague. There was one final where I know the professor had a number of classes and so many students, but he wanted to read every one where he read the TA's feedback before his own, And then I think he was kind of, that was anchoring whatever it was that he was thinking, and that way it wasn't as much of a fan. And then when I know that instructors just read my paper or whatever it is that I write, and maybe it takes time. And then I don't look at how I do the feedback based on what it is as far as their feedback or my grade. So that hasn't been an issue for me as far as completing their assessments.",188,22.750502,2.7382467,9
193,MCMPA,Speaker 4,False,37:38:00,135480,"Sorry, I'm just watching in again. on the TA part, again, I'm sorry, I'm getting other voices from outside this cohort, but then yes, there have been, I mean, we've had discussions amongst ourselves wherein people have spoken about TA's kind of giving remarks which may not qualify, but a few of them are also very good but there's a hindsight to it as well and there the feedback would be more credible to a student if it is actually coming from the professor especially if it's negative feedback so I think that's the acceptability of that feedback coming from a TA becomes less and less important and less beneficial to a student if it's not coming from a professor.","Sorry, I'm just watching in again. on the TA part, again, I'm sorry, I'm getting other voices from outside this cohort, but then yes, there have been, I mean, we've had discussions amongst ourselves wherein people have spoken about TA's kind of giving remarks which may not qualify, but a few of them are also very good but there's a hindsight to it as well and there the feedback would be more credible to a student if it is actually coming from the professor especially if it's negative feedback so I think that's the acceptability of that feedback coming from a TA becomes less and less important and less beneficial to a student if it's not coming from a professor.",120,23.103134,2.6756473,9
194,MCMPA,Speaker 6,False,38:34:00,138840,"And the vantage point is different, because the two times that's happened, it was actually something where it wasn't as helpful. It almost seemed like they were looking at it. I don't know. I'm not clear about why that is, but I felt like whatever the professor says, I'm willing to kind of, not that they're coming from on high, but more that they have an understanding of the class, the cohort, my dynamic, and it just felt different.","And the vantage point is different, because the two times that's happened, it was actually something where it wasn't as helpful. It almost seemed like they were looking at it. I don't know. I'm not clear about why that is, but I felt like whatever the professor says, I'm willing to kind of, not that they're coming from on high, but more that they have an understanding of the class, the cohort, my dynamic, and it just felt different.",79,21.220934,1.3413143,2
196,MCMPA,Speaker 5,False,39:09:00,140940,"How does HKS assess professors? Like, what are the incentives, I think, and what are the performance mechanisms? Because I can see instances where there are amazing professors, but probably there's competing priorities if I want to give, like, a benefit of the doubt. And there are sometimes probably professors who don't give feedback at all. And I don't know what classes you've had, but I've had friends who would tell me similar things. And so I don't know if it's either or, or if they're somehow tied together, you know, in terms of what's actually valued when you are a professor.","How does HKS assess professors? Like, what are the incentives, I think, and what are the performance mechanisms? Because I can see instances where there are amazing professors, but probably there's competing priorities if I want to give, like, a benefit of the doubt. And there are sometimes probably professors who don't give feedback at all. And I don't know what classes you've had, but I've had friends who would tell me similar things. And so I don't know if it's either or, or if they're somehow tied together, you know, in terms of what's actually valued when you are a professor.",102,21.60354,2.4888754,6
198,MCMPA,Speaker 4,False,39:57:00,143820,"I think just specific. In my case, it's been very specific to a few, not to everyone.","I think just specific. In my case, it's been very specific to a few, not to everyone.",17,18.773247,1.4024558,-1
199,MCMPA,Speaker 6,False,40:05:00,144300,I've never had anything where a professor responds that they can't offer something I'm asking for thus far.,I've never had anything where a professor responds that they can't offer something I'm asking for thus far.,18,22.157454,1.3220202,-1
200,MCMPA,Speaker 8,False,40:11:00,144660,"Yeah, my personal experience is that I always get great feedback when I get the feedback. It's just when I don't get the feedback, it's impossible for me to say, like, this is how I feel about the professor's course if I'm not getting feedback at all during the semester. So I think it's probably a mix of the two. It's probably certain professors that aren't, you know, not this exact scenario. And then maybe there's some sort of cultural thing. I'm not sure.","Yeah, my personal experience is that I always get great feedback when I get the feedback. It's just when I don't get the feedback, it's impossible for me to say, like, this is how I feel about the professor's course if I'm not getting feedback at all during the semester. So I think it's probably a mix of the two. It's probably certain professors that aren't, you know, not this exact scenario. And then maybe there's some sort of cultural thing. I'm not sure.",84,23.034105,2.639709,9
202,MCMPA,Speaker 9,False,40:42:00,146520,"I would differ from this because last semester we had a class with a very busy professor. Both [NAME] and I, we attended, but they were very considerate and kind. And if we had a point to ask, we could always ask them before the class or after the class. And they always made sure that they stayed back for even 10 minutes after class. So my experience with my professors here has been deeply inspiring. And I believe that when they were in class, no matter whatever priorities they had, they treated me, their students, as their top priority. And this is exceptional in the sense that in my previous college where I studied, although there were only two students in the class, tutorial, I was at [NAME], [NAME]. But the challenge in the tutorial system is when you engage with the students from other cultures and other ideas and schools of thoughts, you tend to learn more from them. And I totally agree with [NAME]'s point that you learn more outside the classroom than inside the classroom. So here, because we have big cohort, the experiences are so diverse and so rich. We always learn from each other. So to me, I would rate HKS as the best college I've ever attended. Much better than [NAME]. Of course, like I love [NAME] deeply. Yeah, but to rate it like I would rate HHS above and that is solely because of two reasons, my peers. No matter how busy they are, anyone, even if they have a job and TA ship, something else, I haven't seen a single peer, if I would pull them just listen to me for two minutes, they'd be like, yeah. Or like if I'm hurrying up like it happened with me and [NAME] that we never got an opportunity for a coffee chat, But if we are walking in the corridor, it's always a hug. With her, yeah.","I would differ from this because last semester we had a class with a very busy professor. Both and I, we attended, but they were very considerate and kind. And if we had a point to ask, we could always ask them before the class or after the class. And they always made sure that they stayed back for even 10 minutes after class. So my experience with my professors here has been deeply inspiring. And I believe that when they were in class, no matter whatever priorities they had, they treated me, their students, as their top priority. And this is exceptional in the sense that in my previous college where I studied, although there were only two students in the class, tutorial, I was at , . But the challenge in the tutorial system is when you engage with the students from other cultures and other ideas and schools of thoughts, you tend to learn more from them. And I totally agree with 's point that you learn more outside the classroom than inside the classroom. So here, because we have big cohort, the experiences are so diverse and so rich. We always learn from each other. So to me, I would rate HKS as the best college I've ever attended. Much better than . Of course, like I love deeply. Yeah, but to rate it like I would rate HHS above and that is solely because of two reasons, my peers. No matter how busy they are, anyone, even if they have a job and TA ship, something else, I haven't seen a single peer, if I would pull them just listen to me for two minutes, they'd be like, yeah. Or like if I'm hurrying up like it happened with me and that we never got an opportunity for a coffee chat, But if we are walking in the corridor, it's always a hug. With her, yeah.",321,21.11054,2.677634,6
203,MCMPA,Speaker 6,False,42:47:00,154020,"It's deeply enriching. And there's not this competitive thing going on. I don't know how that's made here. I don't know what's that. I'm still trying to figure it out. But any other place I've been, even if it's not designed to be competitive, it comes in in different places. And I find this to be extremely collaborative.","It's deeply enriching. And there's not this competitive thing going on. I don't know how that's made here. I don't know what's that. I'm still trying to figure it out. But any other place I've been, even if it's not designed to be competitive, it comes in in different places. And I find this to be extremely collaborative.",58,20.547071,1.6258552,-1
204,MCMPA,Speaker 9,False,43:04:00,155040,"And one more thing, which I find very refreshing. We are very encouraging of women, of diversity. So like [NAME] also knows that if women are running here for any representative, we are extremely happy in encouraging each other. So she won the election.","And one more thing, which I find very refreshing. We are very encouraging of women, of diversity. So like also knows that if women are running here for any representative, we are extremely happy in encouraging each other. So she won the election.",43,19.162638,1.5169247,0
208,MCMPA,Speaker 4,False,45:05:00,162300,"I mean, I would go for the first. Because when we're talking about understanding the other person's interest and not the position, the situations and what really happened. And if there is, I mean, it's been clearly stated that they had like three deadlines. So I think there is an event to excuse. So a cold call or there should be a negative on that. Or this kind of comment should not be there. It could have been a genuine case. And especially if it's towards the end of the term or the midterm or stuff like that.","I mean, I would go for the first. Because when we're talking about understanding the other person's interest and not the position, the situations and what really happened. And if there is, I mean, it's been clearly stated that they had like three deadlines. So I think there is an event to excuse. So a cold call or there should be a negative on that. Or this kind of comment should not be there. It could have been a genuine case. And especially if it's towards the end of the term or the midterm or stuff like that.",98,21.222496,-0.21816057,-1
212,MCMPA,Speaker 7,False,46:23:00,166980,"Okay, for discussing cold calls, so my take on this is a week ago, I dropped a class because of cold calling, The class that I was really, I was, I really waited for this class because, you know, the, the, both like the, the subject and the professor, like, both are like super interesting and, and compliment my experience. And, and I also want to hear, I wanted to hear from, from the professor and his experience and, and his views. And the concept, what I found out is that the concept of the class is only cold calling. the professor barely says anything, just cold calls. And basically, like, for the whole, you know, session, I only hear, like, students, part of them are either, like, super ready and talk about their, you know, experience, which is, as I said, it's amazing, but when it's, like, the whole class, it's, like, also, I think, like, a bit, you know, like, I don't know, it's not what I came for. And the other half is like people that are just, you know, mumbling or like feel like that they are like, you know, it's like an exam without, you know, us being told that it's an exam. And I don't hear anything from the professor itself. I just hear like, you know, like people, you know, targeted or like, you know, having to, you know, come to the, like, and stand in front of the class and do this. And I'll also connect this to what I said earlier. I understood that in this kind of setting, me, as someone whose [NAME] is not his first language, I just, I have no way to actually excel. Because maybe if it was in [NAME], so I could, you know, improvise or do something, you know, that will make me, you know, come out better. But I cannot do this, you know, this kind of, you know, environment. And it's also like tech-oriented class and I'm not a tech guy. So it's like, it's too much. So I think that cold calls are effective in the right context. If it's like part of a discussion and you want to add someone, you know, to the discussion based on a paper that he or she wrote. So, yeah, that's like essential. But if it's just for, you know, targeting someone, like, I don't know, like we're in like primary school and did you do your homework? I mean, I don't see the added value in that.","Okay, for discussing cold calls, so my take on this is a week ago, I dropped a class because of cold calling, The class that I was really, I was, I really waited for this class because, you know, the, the, both like the, the subject and the professor, like, both are like super interesting and, and compliment my experience. And, and I also want to hear, I wanted to hear from, from the professor and his experience and, and his views. And the concept, what I found out is that the concept of the class is only cold calling. the professor barely says anything, just cold calls. And basically, like, for the whole, you know, session, I only hear, like, students, part of them are either, like, super ready and talk about their, you know, experience, which is, as I said, it's amazing, but when it's, like, the whole class, it's, like, also, I think, like, a bit, you know, like, I don't know, it's not what I came for. And the other half is like people that are just, you know, mumbling or like feel like that they are like, you know, it's like an exam without, you know, us being told that it's an exam. And I don't hear anything from the professor itself. I just hear like, you know, like people, you know, targeted or like, you know, having to, you know, come to the, like, and stand in front of the class and do this. And I'll also connect this to what I said earlier. I understood that in this kind of setting, me, as someone whose is not his first language, I just, I have no way to actually excel. Because maybe if it was in , so I could, you know, improvise or do something, you know, that will make me, you know, come out better. But I cannot do this, you know, this kind of, you know, environment. And it's also like tech-oriented class and I'm not a tech guy. So it's like, it's too much. So I think that cold calls are effective in the right context. If it's like part of a discussion and you want to add someone, you know, to the discussion based on a paper that he or she wrote. So, yeah, that's like essential. But if it's just for, you know, targeting someone, like, I don't know, like we're in like primary school and did you do your homework? I mean, I don't see the added value in that.",423,20.783966,-0.5882645,5
214,MCMPA,Speaker 7,False,49:05:00,176700,"Other classes here? Yeah, there were cold calls but they were less they were like as a part of like I don't know as I said part of like it wasn't like you know like I don't know how to say","Other classes here? Yeah, there were cold calls but they were less they were like as a part of like I don't know as I said part of like it wasn't like you know like I don't know how to say",41,20.642107,-0.53605187,5
216,MCMPA,Speaker 7,False,49:19:00,177540,"Yeah, it wasn't like just you know cold calling for the sake of cold calling I mean, like, as I said, I didn't come to the class, you know, to see people, you know, moving, you know, like that for this whole, it's a lot of tension. And I don't know, eventually we came here, you know, to, to, to learn, to be in a, like, this is not the kind of like, I don't know, the environment I want to be part of in this stage of my life, you know, so.","Yeah, it wasn't like just you know cold calling for the sake of cold calling I mean, like, as I said, I didn't come to the class, you know, to see people, you know, moving, you know, like that for this whole, it's a lot of tension. And I don't know, eventually we came here, you know, to, to, to learn, to be in a, like, this is not the kind of like, I don't know, the environment I want to be part of in this stage of my life, you know, so.",93,20.772243,-0.7083339,5
218,MCMPA,Speaker 6,False,50:01:00,180060,"where uh last semester where the professor was warm culling excuse me I'm even thinking about no she was warm culling and uh you know there were and it was on reading and it'd be in the beginning of the class and it seemed to have like it created a little bit of tension I think at the outset and I kind of became playful with it like oh I wonder you know um but I think to shame I don't think this was her intention but I think what you're describing sounds like it's for shaming and trying to get other people to not want to be in that position so they'll be motivated to do the reading I don't think that's a necessarily productive way of doing things um but uh yeah as far as my own this idea of warm calling I could sit with and I think in the end when I was cold called it was based on my experience or something that I think in this case that she thought I could offer not where it was like oh did you do the reading and trying to embarrass somebody or me whether or not I did or whatever, that wasn't the intention.","where uh last semester where the professor was warm culling excuse me I'm even thinking about no she was warm culling and uh you know there were and it was on reading and it'd be in the beginning of the class and it seemed to have like it created a little bit of tension I think at the outset and I kind of became playful with it like oh I wonder you know um but I think to shame I don't think this was her intention but I think what you're describing sounds like it's for shaming and trying to get other people to not want to be in that position so they'll be motivated to do the reading I don't think that's a necessarily productive way of doing things um but uh yeah as far as my own this idea of warm calling I could sit with and I think in the end when I was cold called it was based on my experience or something that I think in this case that she thought I could offer not where it was like oh did you do the reading and trying to embarrass somebody or me whether or not I did or whatever, that wasn't the intention.",208,20.931204,-0.43282437,5
219,MCMPA,Speaker 9,False,50:58:00,183480,"I have a very different view of this. I feel that when professors ask questions, that in a way may be helpful in preparing for a normal work life. For example, if this is a workday scenario and a top official is questioning me, junior official, so the way they work is they have reports which we are supposed to consume before coming to the meeting. For example, say if it's a meeting with the governor's office, all of us are supposed to have consumed this much of literature with data. So they walk in and they quickly question, yes, okay, this person, what do you think? then what do you think okay what is your opinion how should we proceed for example if you are saying a disaster response force and you are heading it they come they question to prepare for that scenario before coming to the meeting some summary some form which would sound coherent and related to the principle this gets ingrained so the way I look at cold calls is the same that whether or not I have consumed the entire reports that I was supposed to consume in my authority. I should know something. And cold calling happened with me in a court of law. When I was not supposed to speak, my lawyer was supposed to speak, I represented the district. And then the [NAME] said,","I have a very different view of this. I feel that when professors ask questions, that in a way may be helpful in preparing for a normal work life. For example, if this is a workday scenario and a top official is questioning me, junior official, so the way they work is they have reports which we are supposed to consume before coming to the meeting. For example, say if it's a meeting with the governor's office, all of us are supposed to have consumed this much of literature with data. So they walk in and they quickly question, yes, okay, this person, what do you think? then what do you think okay what is your opinion how should we proceed for example if you are saying a disaster response force and you are heading it they come they question to prepare for that scenario before coming to the meeting some summary some form which would sound coherent and related to the principle this gets ingrained so the way I look at cold calls is the same that whether or not I have consumed the entire reports that I was supposed to consume in my authority. I should know something. And cold calling happened with me in a court of law. When I was not supposed to speak, my lawyer was supposed to speak, I represented the district. And then the said,",232,20.948694,-0.44025093,5
221,MCMPA,Speaker 7,False,52:42:00,189720,"By the way, I'm not against cold calling. I just think that, you know, sometimes if it's like the whole essence of the classes. So, like, I don't know, maybe, you know, the syllabus should mention that, you know, every class is a simulation. And I like simulations. Like, I had the whole J-term doing [NAME]'s course. And it's like every day is a whole simulation. But I came prepared for this. I mean, I know that this is, you know, this is part of it. I mean, so if the whole class is cold calling, basically it's a simulation. And then it requires different kind of preparation. And also in real life, you know what you're like, if you're like working somewhere, like I also had, you know, I have this experience. Like I was prepared for, you know, I know what, you know, what is the context, as I said. So, anyway.","By the way, I'm not against cold calling. I just think that, you know, sometimes if it's like the whole essence of the classes. So, like, I don't know, maybe, you know, the syllabus should mention that, you know, every class is a simulation. And I like simulations. Like, I had the whole J-term doing 's course. And it's like every day is a whole simulation. But I came prepared for this. I mean, I know that this is, you know, this is part of it. I mean, so if the whole class is cold calling, basically it's a simulation. And then it requires different kind of preparation. And also in real life, you know what you're like, if you're like working somewhere, like I also had, you know, I have this experience. Like I was prepared for, you know, I know what, you know, what is the context, as I said. So, anyway.",154,20.747372,-0.6655055,5
223,MCMPA,Speaker 8,False,53:48:00,193680,"Putting the syllabus that they're using the [NAME] method, I think, would be helpful on the front end, because then that also impacts the bidding that we do. If folks don't want to be in a class like that, I mean, unless you want to expose them to that component, And then let's have a course that is literally you have to take a [NAME] method course. And that's fine. Then it's part of our curriculum and we'll do it and we'll be uncomfortable. I think it goes without saying, but the comment definitely hinders. It's just useless comment. And kind of by the student as well. I mean, I don't know what would have been sufficed by the student. And the professor's response obviously isn't helpful. But my expectation is, me personally, if we're at [NAME], I hope everyone did their reading and knows what's going on in class and can add to the class as well. But also agree with [NAME]'s point that the professor shouldn't be pushing that onto the student to teach the class in little baby segments. It should be the professor teaching and then asking for some feedback on the scenario. Hopefully based on somebody's experience.","Putting the syllabus that they're using the method, I think, would be helpful on the front end, because then that also impacts the bidding that we do. If folks don't want to be in a class like that, I mean, unless you want to expose them to that component, And then let's have a course that is literally you have to take a method course. And that's fine. Then it's part of our curriculum and we'll do it and we'll be uncomfortable. I think it goes without saying, but the comment definitely hinders. It's just useless comment. And kind of by the student as well. I mean, I don't know what would have been sufficed by the student. And the professor's response obviously isn't helpful. But my expectation is, me personally, if we're at , I hope everyone did their reading and knows what's going on in class and can add to the class as well. But also agree with 's point that the professor shouldn't be pushing that onto the student to teach the class in little baby segments. It should be the professor teaching and then asking for some feedback on the scenario. Hopefully based on somebody's experience.",200,21.230183,0.26939407,-1
225,MCMPA,Speaker 6,False,56:18:00,202680,"If you're ready. What first comes to mind is the idea, And I don't think this is something that's an easy thing to change whatsoever, but the idea of having more block learning versus two hour and whatever, what is it, hour and a half? Houses a week. That would be really, and I base that off of my J-term experience.","If you're ready. What first comes to mind is the idea, And I don't think this is something that's an easy thing to change whatsoever, but the idea of having more block learning versus two hour and whatever, what is it, hour and a half? Houses a week. That would be really, and I base that off of my J-term experience.",61,21.378061,4.033651,-1
227,MCMPA,Speaker 3,False,56:46:00,204360,I think it was a brilliant idea.,I think it was a brilliant idea.,7,18.211176,2.6722004,0
229,MCMPA,Speaker 7,False,57:04:00,205440,"But maybe it can also be in the form of like spring one, spring two. It also allows us to experience more. Yeah.","But maybe it can also be in the form of like spring one, spring two. It also allows us to experience more. Yeah.",23,18.631416,2.499651,0
231,MCMPA,Speaker 8,False,57:32:00,207120,"Yeah. For me, it's refining the subjects. I'm guessing we keep a lot of the subjects the same semester by semester. Maybe I'm wrong on that. But refining the semester or the coursework and also the three buckets that we have to complete. items in, I think two things, this is like long-winded, but two things that I think are totally missing from the program. We should be forced to do something policy-related and we should be forced, or maybe this one's optional, but about running for public office, I just, I think we have these three buckets we have to complete courses in and there's probably some other ones that could fit in there and also some courses that, you know, there's like nine people registered for.","Yeah. For me, it's refining the subjects. I'm guessing we keep a lot of the subjects the same semester by semester. Maybe I'm wrong on that. But refining the semester or the coursework and also the three buckets that we have to complete. items in, I think two things, this is like long-winded, but two things that I think are totally missing from the program. We should be forced to do something policy-related and we should be forced, or maybe this one's optional, but about running for public office, I just, I think we have these three buckets we have to complete courses in and there's probably some other ones that could fit in there and also some courses that, you know, there's like nine people registered for.",128,21.103226,4.044854,-1
235,MCMPA,Speaker 8,False,58:27:00,210420,"And even like it could be tightening up the course, like the course offerings even. There's just, there's a lot of course offerings and some of them I'm, I don't know, maybe they're just there every semester. I don't know.","And even like it could be tightening up the course, like the course offerings even. There's just, there's a lot of course offerings and some of them I'm, I don't know, maybe they're just there every semester. I don't know.",40,21.286798,3.9664364,-1
237,MCMPA,Speaker 8,False,59:02:00,212520,"I just, I don't know that there's enough that, there's almost too much optionality, I think.","I just, I don't know that there's enough that, there's almost too much optionality, I think.",16,17.75034,1.6859957,4
239,MCMPA,Speaker 7,False,59:20:00,213600,"I found the skill-based courses very effective, and I find it a bit problematic when I have to bid, like, all my points for, like, a writing class. I didn't take any writing class because I just cannot, you know, bid, you know, 900, you know, sorry, like, yeah, 900 points for this thing that I don't think that it should go for bidding at all. So every, like, skills-based, you know, class, I think, you know, should be, as [NAME] suggested, yeah, more, like, mandatory and, like, also more options. I feel like that, yeah, I think for structural reasons, I am not, you know, leaving this school with the, like, the complete toolkit in terms of policy that I was hoping to have here. and I think it's only for structural reasons. Also for me, part of that was because, and I don't know if it's relevant for you, I mean the DRM track, and so it basically means that half of the credits that I have, half of the program credits, I have to take DRM designated courses, but the courses that are offered as part of the DRM track, they're supposed to be STEM-oriented. I think 80% of them, none of us understands what is their connection to DRM or STEM and it's like something, it became like I don't know who's in charge of that but it became like something like in a opinion we all share, we don't understand what is the logic behind this and why there are certain courses that are there and certain courses that are not there so I think there should be, as you said, maybe less freedom and more buckets that are skill-based and have the option of attend those classes without beating on you, if it's a skill-based class. I know it came out a bit messy.","I found the skill-based courses very effective, and I find it a bit problematic when I have to bid, like, all my points for, like, a writing class. I didn't take any writing class because I just cannot, you know, bid, you know, 900, you know, sorry, like, yeah, 900 points for this thing that I don't think that it should go for bidding at all. So every, like, skills-based, you know, class, I think, you know, should be, as suggested, yeah, more, like, mandatory and, like, also more options. I feel like that, yeah, I think for structural reasons, I am not, you know, leaving this school with the, like, the complete toolkit in terms of policy that I was hoping to have here. and I think it's only for structural reasons. Also for me, part of that was because, and I don't know if it's relevant for you, I mean the DRM track, and so it basically means that half of the credits that I have, half of the program credits, I have to take DRM designated courses, but the courses that are offered as part of the DRM track, they're supposed to be STEM-oriented. I think 80% of them, none of us understands what is their connection to DRM or STEM and it's like something, it became like I don't know who's in charge of that but it became like something like in a opinion we all share, we don't understand what is the logic behind this and why there are certain courses that are there and certain courses that are not there so I think there should be, as you said, maybe less freedom and more buckets that are skill-based and have the option of attend those classes without beating on you, if it's a skill-based class. I know it came out a bit messy.",309,20.399134,4.115348,15
241,MCMPA,Speaker 9,False,1:02:26,3746,"Go ahead. Because there are a lot of readings, it would be very helpful if before we are starting a course, we can get our course packets. That happens in HLS. That happens in HBS. ATS should do it. A lot of reading on the computer screen is, I mean, it's okay, we have to adapt, but having a bundle beforehand, even before the semester starts, they should be ready in a store. So students can look at the readings physically, understand that, okay, this is what I'm supposed to do. And when you have a physical copy sitting on your table, chances are you'll read it.","Go ahead. Because there are a lot of readings, it would be very helpful if before we are starting a course, we can get our course packets. That happens in HLS. That happens in HBS. ATS should do it. A lot of reading on the computer screen is, I mean, it's okay, we have to adapt, but having a bundle beforehand, even before the semester starts, they should be ready in a store. So students can look at the readings physically, understand that, okay, this is what I'm supposed to do. And when you have a physical copy sitting on your table, chances are you'll read it.",107,21.880991,3.8185263,11
243,MCMPA,Speaker 9,False,1:03:10,3790,"No, I mean, it's a one that we have adapted, but last semester I had a course in HLS with a proper packet. It helped me. Physical.","No, I mean, it's a one that we have adapted, but last semester I had a course in HLS with a proper packet. It helped me. Physical.",27,20.569067,3.6784213,11
245,MCMPA,Speaker 9,False,1:03:21,3801,"So you have it as optional. What would help more is to have all the readings beforehand. Like the entire semester course, entire packet ready. I look at the reading, I decide if I want this course.","So you have it as optional. What would help more is to have all the readings beforehand. Like the entire semester course, entire packet ready. I look at the reading, I decide if I want this course.",37,21.910894,3.8038816,11
246,MCMPA,Speaker 5,False,1:03:36,3816,"I think that would also help professors put a limit on some of their readings. Because there are some professors where it's like 400 pages of readings for one class, and you're like, okay, well, what actually am I extracting from this, right? Like, it's the, yeah.","I think that would also help professors put a limit on some of their readings. Because there are some professors where it's like 400 pages of readings for one class, and you're like, okay, well, what actually am I extracting from this, right? Like, it's the, yeah.",47,22.228025,3.4839406,11
248,MCMPA,Speaker 8,False,1:03:53,3833,I'm down to read it. I just want to talk about it in the class. Yeah.,I'm down to read it. I just want to talk about it in the class. Yeah.,16,20.539587,0.98320514,-1
249,MCMPA,Speaker 9,False,1:03:58,3838,"Okay, so I'm saying that the entire reading, whatever you expect. The whole module, of course, like. Yes, even if it's divided into small chunks, but you keep it ready in the photocopy store. So we go there, we just check out, okay, this is my reading, okay.","Okay, so I'm saying that the entire reading, whatever you expect. The whole module, of course, like. Yes, even if it's divided into small chunks, but you keep it ready in the photocopy store. So we go there, we just check out, okay, this is my reading, okay.",48,22.065695,3.8034322,11
251,MCMPA,Speaker 9,False,1:04:13,3853,"I want this course, I don't want this course. Okay. You want to keep 1,000 pages per week, keep it. But let me take a look at it.","I want this course, I don't want this course. Okay. You want to keep 1,000 pages per week, keep it. But let me take a look at it.",28,21.402922,3.988516,-1
253,MCMPA,Speaker 9,False,1:04:28,3868,"And less junk, please. Sorry.","And less junk, please. Sorry.",5,16.944117,0.8052628,4
255,MCMPA,Speaker 9,False,1:04:32,3872,Lots of junk to eat here.,Lots of junk to eat here.,6,16.745564,0.897957,-1
257,MCMPA,Speaker 4,False,1:04:46,3886,"I want to add, and then I'll talk about my head. I think at least the cases should be given in print. Yeah. Because, you know, you have to look at exhibits. Yeah. And only the cases, wherever necessary, so that way you're not using a lot of paper as well. We don't need the hard copies of the presentations, but the cases would be useful. My idea is that one thing that I feel is lacking, at least for me, and maybe for many people, would be the practical experience of what I've learned in the class. So I feel that a lot of TA-ship and RA-ships are actually restricted to people who've come gore from that field and they are not offered to people who are pivoting, especially mid-careers. A lot of it goes to the MPPs because they know that they're going to be extending. So I feel, I mean, I've asked multiple people, multiple faculty as well as center people, but then I'm pivoting to climate. So it's been very difficult for me to understand what goes what's the rigor behind making that report I can read a report I can do analysis I've been doing that for all my life I've been a consultant but I want to learn something if it's about climate risk we've spoken about something very interesting but I want to see what's at the back because it was the professor's work I want to see those excel sheets and I've asked this to multiple people I'm not I'm not asking for a pay also I said okay I don't want it on one entry basis I just want to kind of shadow people with whom I can learn how they did that excel and because there are certain","I want to add, and then I'll talk about my head. I think at least the cases should be given in print. Yeah. Because, you know, you have to look at exhibits. Yeah. And only the cases, wherever necessary, so that way you're not using a lot of paper as well. We don't need the hard copies of the presentations, but the cases would be useful. My idea is that one thing that I feel is lacking, at least for me, and maybe for many people, would be the practical experience of what I've learned in the class. So I feel that a lot of TA-ship and RA-ships are actually restricted to people who've come gore from that field and they are not offered to people who are pivoting, especially mid-careers. A lot of it goes to the MPPs because they know that they're going to be extending. So I feel, I mean, I've asked multiple people, multiple faculty as well as center people, but then I'm pivoting to climate. So it's been very difficult for me to understand what goes what's the rigor behind making that report I can read a report I can do analysis I've been doing that for all my life I've been a consultant but I want to learn something if it's about climate risk we've spoken about something very interesting but I want to see what's at the back because it was the professor's work I want to see those excel sheets and I've asked this to multiple people I'm not I'm not asking for a pay also I said okay I don't want it on one entry basis I just want to kind of shadow people with whom I can learn how they did that excel and because there are certain",298,20.569742,4.990662,16
259,MCMPA,Speaker 4,False,1:06:41,4001,"post-degree time frame? No, I'm supposed to be job ready at the end in [NAME]. I'm not going to do another course or I don't want another three months after me to or go to work life and say I'm going to experience, I'm going to put everything what I've learned into experience and this is how I'm going to learn from my juniors about an excel sheet which I should have already known. But my prior experience did not give me that information.","post-degree time frame? No, I'm supposed to be job ready at the end in . I'm not going to do another course or I don't want another three months after me to or go to work life and say I'm going to experience, I'm going to put everything what I've learned into experience and this is how I'm going to learn from my juniors about an excel sheet which I should have already known. But my prior experience did not give me that information.",84,21.748367,4.065599,-1
261,MCMPA,Speaker 4,False,1:07:26,4046,"So I think one of the courses that's offered by [NAME], like on the [NAME] Field [NAME], there should be more of those. I mean, we've just had one or two, I guess. So, I mean, we've got very good research. Yeah, exactly. You've got very good, it's all there. It's just that we need to create that field. Yeah.","So I think one of the courses that's offered by , like on the Field , there should be more of those. I mean, we've just had one or two, I guess. So, I mean, we've got very good research. Yeah, exactly. You've got very good, it's all there. It's just that we need to create that field. Yeah.",59,20.930492,4.212826,15
263,MCMPA,Speaker 5,False,1:08:35,4115,"All good. I can be quick. I think accessibility towards students should be a core performance for teachers. I think it's unacceptable that there are some professors who are saying like, oh, I only have time for like one office hour, like one 10 minute office hour for my students and it's only the students and not accessible to the rest of anybody. Whereas there are other professors who have the exact same number of students and are very, very open about sharing their time. And I think that to me is a matter of prioritization of value.","All good. I can be quick. I think accessibility towards students should be a core performance for teachers. I think it's unacceptable that there are some professors who are saying like, oh, I only have time for like one office hour, like one 10 minute office hour for my students and it's only the students and not accessible to the rest of anybody. Whereas there are other professors who have the exact same number of students and are very, very open about sharing their time. And I think that to me is a matter of prioritization of value.",98,22.085312,1.0635549,7
265,MCMPA,Speaker 4,False,1:10:24,4224,"There's nothing to put on this, right?","There's nothing to put on this, right?",7,17.640104,1.4175195,4
267,MCMPA,Speaker 3,False,1:10:35,4235,"No, no, no, go. Sure, go, go. I need to. It's only two. Ah!","No, no, no, go. Sure, go, go. I need to. It's only two. Ah!",14,17.024664,1.3847102,4
268,MCMPA,Speaker 7,False,1:10:46,4246,I think those are kind of connected to each other.,I think those are kind of connected to each other.,10,18.409658,1.9089613,0
269,MCMPA,Speaker 4,False,1:10:54,4254,The cross needs to be in this.,The cross needs to be in this.,7,18.053522,1.5170069,-1
273,MCMPA,Speaker 7,False,1:11:09,4269,So I don't know why I think so.,So I don't know why I think so.,8,18.358728,2.1859593,0
275,MCMPA,Speaker 4,False,1:11:28,4288,"And does it have to be, like, content-based and academics?","And does it have to be, like, content-based and academics?",10,20.857687,3.830269,15
277,MCMPA,Speaker 4,False,1:11:48,4308,"One, two, one. One, I did.","One, two, one. One, I did.",6,16.88975,1.5199087,4
282,MCMPA,Speaker 3,False,1:12:27,4347,"Oh, that's [NAME]. OK. OK.","Oh, that's . OK. OK.",5,16.752266,1.1521972,4
283,MCMPA,Speaker 5,False,1:12:28,4348,"So that's [NAME], and then [NAME] is student life. Debbie is the different degree program, student affairs.","So that's , and then is student life. Debbie is the different degree program, student affairs.",16,20.72117,3.5225303,-1
285,MCMPA,Speaker 4,False,1:12:46,4366,"What do you call those? Like the MIT, they get their rings, where they have [NAME] skyline and the MIT written on the other side. Class rings? They got class rings.","What do you call those? Like the MIT, they get their rings, where they have skyline and the MIT written on the other side. Class rings? They got class rings.",30,20.039507,3.2670147,-1
286,MCMPA,Speaker 3,False,1:12:57,4377,"Yeah, yeah, yeah. Yeah, somebody has made a request of my cell phone page. Go for it.","Yeah, yeah, yeah. Yeah, somebody has made a request of my cell phone page. Go for it.",17,19.71781,-0.2677785,1
289,MCMPA,Speaker 5,False,1:13:46,4426,Is it sort of the similar cycle every year? This is unique.,Is it sort of the similar cycle every year? This is unique.,12,18.82899,2.7777238,-1
291,MCMPA,Speaker 5,False,1:14:19,4459,"Yeah, yeah, yeah. Got it. I mean, especially if the dean, then I feel like, in terms of anything, AI readiness for labs or clinics like that. Thank you.","Yeah, yeah, yeah. Got it. I mean, especially if the dean, then I feel like, in terms of anything, AI readiness for labs or clinics like that. Thank you.",29,20.36704,3.7355187,-1
293,MCMPA,Speaker 7,False,1:14:43,4483,"In parts of [NAME], in [NAME].","In parts of , in .",6,15.719584,1.1667783,3
295,MCMPA,Speaker 8,False,1:14:49,4489,In the panhandle this year and last year there was.,In the panhandle this year and last year there was.,10,18.961174,2.8360062,-1
297,MCMPA,Speaker 5,False,1:14:59,4499,"I was like, this is fine. No snow.","I was like, this is fine. No snow.",8,16.804285,1.7241906,4
298,MCMPA,Speaker 4,False,1:15:04,4504,But I know something else which starts with smog. Oh. But there's no.,But I know something else which starts with smog. Oh. But there's no.,13,17.030828,1.9587996,4
301,MCMPA,Speaker 3,False,1:15:18,4518,Thank you so much. Thank you. You can take it. We'll take care of them.,Thank you so much. Thank you. You can take it. We'll take care of them.,15,16.941853,0.3881754,4
303,MCMPA,Speaker 7,False,1:15:35,4535,And what was your name again?,And what was your name again?,6,16.031675,0.89140964,3
305,MCMPA,Speaker 7,False,1:15:38,4538,"Maria, and you said you are?","Maria, and you said you are?",6,16.262978,0.87724274,4
308,MCMPA,Speaker 3,False,1:15:48,4548,Thank you so much for doing this.,Thank you so much for doing this.,7,16.911337,0.46466836,4
312,MCMPA,Speaker 3,False,1:15:55,4555,"Oh, that's a great idea. Thank you. You please can. All right.","Oh, that's a great idea. Thank you. You please can. All right.",12,16.996574,0.6330686,4
313,MCMPA,Speaker 6,False,1:15:59,4559,Thank you. Thank you. Thank you.,Thank you. Thank you. Thank you.,6,16.860634,0.4408206,4
314,MCMPA,Speaker 3,False,1:16:14,4574,Thank you. And I'll stop it.,Thank you. And I'll stop it.,6,16.856918,0.40546283,4
316,MPAID,Speaker 2,False,11:18,678,"Hi, everyone. I'm [NAME]. I've been doing MPAID second year and I'm from  Colombia.","Hi, everyone. I'm . I've been doing MPAID second year and I'm from Colombia.",14,14.954234,1.2519872,3
317,MPAID,Speaker 7,False,11:23,683,"Hello, I'm [NAME]. I'm from  Colombia, and I'm also in MPAID 1.","Hello, I'm . I'm from Colombia, and I'm also in MPAID 1.",12,14.974321,1.1972314,3
318,MPAID,Speaker 5,False,11:28,688,"Hello, everyone. My name is [NAME], MPAID2, and I'm from Indonesia.","Hello, everyone. My name is , MPAID2, and I'm from Indonesia.",11,15.034978,1.2658474,3
319,MPAID,Speaker 6,False,11:33,693,"Hello, everyone. My name is [NAME]. I'm MPAID1, and my hometown is  Indonesia.","Hello, everyone. My name is . I'm MPAID1, and my hometown is Indonesia.",13,15.065651,1.2388968,3
320,MPAID,Speaker 4,False,11:41,701,"Hi, everyone. I'm [NAME] from Pakistan, MPAID 2.","Hi, everyone. I'm from Pakistan, MPAID 2.",7,14.913658,1.1969277,3
321,MPAID,Speaker 8,False,11:46,706,"Hello, everyone. I'm [NAME] from MPAID 1. My hometown is I've been all my life in  India.","Hello, everyone. I'm from MPAID 1. My hometown is I've been all my life in India.",16,15.001486,1.237864,3
322,MPAID,Speaker 9,False,11:55,715,"Hi, everyone. I'm [NAME], MPAID 1, and I'm originally from Morocco.","Hi, everyone. I'm , MPAID 1, and I'm originally from Morocco.",11,14.928273,1.2261568,3
324,MPAID,Speaker 9,False,12:59,779,"Sure. Well, I think I just maybe want to start by acknowledging that I think it's a very well-designed program that I think that it oftentimes exceeded my expectations in terms of rigor and also coherence in between the different classes. Maybe we'll talk more about things to improve, but I think that's something that I think it's important to, at least for me personally, I think I've been really impressed by the rigor. maybe too much at times where the pace has been difficult to manage I would say but intellectually if like the at least the first year and like especially now with like a bit more perspective like being a second semester first year student I'm really able to like you know, put the, kind of like see the bigger picture and the coherence of the overall program. So I would say, yeah, I'm not concerned about the rigor, I think, yeah.","Sure. Well, I think I just maybe want to start by acknowledging that I think it's a very well-designed program that I think that it oftentimes exceeded my expectations in terms of rigor and also coherence in between the different classes. Maybe we'll talk more about things to improve, but I think that's something that I think it's important to, at least for me personally, I think I've been really impressed by the rigor. maybe too much at times where the pace has been difficult to manage I would say but intellectually if like the at least the first year and like especially now with like a bit more perspective like being a second semester first year student I'm really able to like you know, put the, kind of like see the bigger picture and the coherence of the overall program. So I would say, yeah, I'm not concerned about the rigor, I think, yeah.",155,21.413519,3.0742548,12
326,MPAID,Speaker 2,False,14:16,856,May I ask a question about you?,May I ask a question about you?,7,16.316149,0.83570045,4
328,MPAID,Speaker 2,False,14:23,863,"So we're talking about the classroom as in the professor and also the students, right?","So we're talking about the classroom as in the professor and also the students, right?",15,21.129772,1.3762418,2
330,MPAID,Speaker 2,False,15:06,906,"Like, for instance, another word could be lack of punctuality and things like that, right? Or not necessarily.","Like, for instance, another word could be lack of punctuality and things like that, right? Or not necessarily.",18,19.887108,1.4410477,-1
332,MPAID,Speaker 9,False,15:40,940,"I think maybe, correct me if I'm wrong, it's because you also mentioned the professionalism of the students and I guess how everyone like maybe behave in class.","I think maybe, correct me if I'm wrong, it's because you also mentioned the professionalism of the students and I guess how everyone like maybe behave in class.",28,20.740145,1.323591,2
333,MPAID,Speaker 2,False,15:49,949,"I'm thinking like how do people behave in class as well, right?","I'm thinking like how do people behave in class as well, right?",12,20.736116,1.0665103,2
335,MPAID,Speaker 2,False,16:43,1003,"I mean, I agree that the syllabus, the curriculum is rigorous. I would say in terms of like behavior in the classroom, lack of punctuality is something that I've seen. And use of technology in class sometimes it's allowed, sometimes it's not, but like not following the rules.","I mean, I agree that the syllabus, the curriculum is rigorous. I would say in terms of like behavior in the classroom, lack of punctuality is something that I've seen. And use of technology in class sometimes it's allowed, sometimes it's not, but like not following the rules.",48,21.197165,1.9734727,-1
338,MPAID,Speaker 2,False,17:31,1051,"Concerning. It wouldn't categorize as bad or good, but it's just like some things that we're observing.","Concerning. It wouldn't categorize as bad or good, but it's just like some things that we're observing.",17,18.818954,2.202193,0
340,MPAID,Speaker 7,False,17:46,1066,"Okay, I'm just going to answer, as I thought the question was at the beginning, like thinking overall about the program. Yeah. So I think it has been, as Joseph said, very rigorous, very academically difficult, especially at the beginning, since most of us are not used to studying at this level since a couple of years. But I think the program has done a great job handling that and the learning curve. They try to help us a lot with that. So I think it's a bit of a shock at the beginning, but then you get used to the academic rigorosity that the program has. And also, yeah, the professionalism. And they put a lot of thought into what we learn is interconnected between classes. So that's a rather new experience for me, which I didn't get back in my home country, that you only took a class and it focused only in the syllabus of that class. But here, I think all the teachers try to connect what you learn in one class into another one and try to make everything practical as you go through your entire degree. So I think that's very, very nice.","Okay, I'm just going to answer, as I thought the question was at the beginning, like thinking overall about the program. Yeah. So I think it has been, as Joseph said, very rigorous, very academically difficult, especially at the beginning, since most of us are not used to studying at this level since a couple of years. But I think the program has done a great job handling that and the learning curve. They try to help us a lot with that. So I think it's a bit of a shock at the beginning, but then you get used to the academic rigorosity that the program has. And also, yeah, the professionalism. And they put a lot of thought into what we learn is interconnected between classes. So that's a rather new experience for me, which I didn't get back in my home country, that you only took a class and it focused only in the syllabus of that class. But here, I think all the teachers try to connect what you learn in one class into another one and try to make everything practical as you go through your entire degree. So I think that's very, very nice.",199,21.164062,2.8141506,12
342,MPAID,Speaker 5,False,18:55,1135,"For me, it's very similar to what the [NAME] have said. it's very like academic, like intellectually challenging academically. But I think one input from me is like I wish that like the core courses on the first year could have been more spreading out to the second year. Because like sometimes like I feel that like we as an MPAID we don't really have like opportunities to take like courses outside the core courses on the first year which is like a shame because like when I, I'm in the second year now, I feel like a lot of courses in HK are really good. That's not economics. For example, this semester I take a lot of courses on communication, on media, it's as important as economics itself because I work for the Ministry of [NAME] and those kind of courses really helped me in building my career later on.","For me, it's very similar to what the have said. it's very like academic, like intellectually challenging academically. But I think one input from me is like I wish that like the core courses on the first year could have been more spreading out to the second year. Because like sometimes like I feel that like we as an MPAID we don't really have like opportunities to take like courses outside the core courses on the first year which is like a shame because like when I, I'm in the second year now, I feel like a lot of courses in HK are really good. That's not economics. For example, this semester I take a lot of courses on communication, on media, it's as important as economics itself because I work for the Ministry of and those kind of courses really helped me in building my career later on.",149,20.711176,4.323834,15
344,MPAID,Speaker 5,False,20:01,1201,"Yeah, yeah. Okay. So, like, the first year was, like, full-pature. Yeah. The second year was, like, very flexible. But I think, yeah, maybe the program itself could, like, yeah, like, yeah, spreading out.","Yeah, yeah. Okay. So, like, the first year was, like, full-pature. Yeah. The second year was, like, very flexible. But I think, yeah, maybe the program itself could, like, yeah, like, yeah, spreading out.",34,21.107672,3.5934205,-1
346,MPAID,Speaker 6,False,20:23,1223,"Yeah. Echoing what everyone else has said, definitely very rigorous. And yeah, it's definitely very hard. Like for me, it's very, very hard. I've been out of school for a few years, and it's really, it was really difficult for me to catch up. What was I going to say? I think also I would also highlight the coherence of it. This part, at many points, I would be discussing things about something I learned in class, and I don't even remember which class. which is this is a very, again, new experience for me. Like, I've never experienced that before. I think that exemplifies how well integrated these courses are. And I think that's a really good sign. I would say, in addition to the actual academic syllabus and academic rigor, the professors are excellent. They are, for the most part, for the most part of the semester, For most of the professors, they are very well prepared. They know what they're, they teach really well. They manage the class really well, which is important. Manage the discussion well. And I think that adds into a very positive experience in the classroom.","Yeah. Echoing what everyone else has said, definitely very rigorous. And yeah, it's definitely very hard. Like for me, it's very, very hard. I've been out of school for a few years, and it's really, it was really difficult for me to catch up. What was I going to say? I think also I would also highlight the coherence of it. This part, at many points, I would be discussing things about something I learned in class, and I don't even remember which class. which is this is a very, again, new experience for me. Like, I've never experienced that before. I think that exemplifies how well integrated these courses are. And I think that's a really good sign. I would say, in addition to the actual academic syllabus and academic rigor, the professors are excellent. They are, for the most part, for the most part of the semester, For most of the professors, they are very well prepared. They know what they're, they teach really well. They manage the class really well, which is important. Manage the discussion well. And I think that adds into a very positive experience in the classroom.",193,21.33106,3.0831707,12
348,MPAID,Speaker 4,False,21:47,1307,"So yeah, I would also echo what some others have said already, but definitely very structured, very analytical. I agree the first semester should be a little less intense and with sort of more flexibility built into the first year overall. I would say the teaching quality is a bit variable.","So yeah, I would also echo what some others have said already, but definitely very structured, very analytical. I agree the first semester should be a little less intense and with sort of more flexibility built into the first year overall. I would say the teaching quality is a bit variable.",51,21.28352,3.230414,12
350,MPAID,Speaker 8,False,22:15,1335,"Sure. So, yeah, I think a lot of it has been said by my friends already. But, yeah, coming to first, the rigor, I do think the course is very rigorous, like in a good way. So for me also, I did not do economics as an undergrad. I did have econ background, but given that it was very rigorous. But also, I think it's extremely interesting the way we are learning. And as some of my friends mentioned that the way everything is interconnected, how the courses are so well designed that what we are learning is parallelly used in other courses. For instance, we're learning game theory now, and we can see it's been used in our politics and in our developed many concourses as well. So I love that it's been organized in a way where we can use our learnings, like even econometrics from one course to the other courses. And coming to the professors, they are very professional in their conduct and the way they have planned and prepared the curriculum, the way they have planned the teaching methodology. I think that is very well designed. So I really admire that. And going to the students' professionalism also, I think if I just talk about their conduct in class, I think that's very professional. Because I love the diversity we have, especially in MPAID specifically, with most of the batch being international. And there could be opportunities that we come from very widely different cultures and everything. But when we are expressing our thoughts in class or when we are giving our point of view, I think that's very professional. And it's also fantastic that you're talking about, say, one country as an example, and we have someone from that country or that region right there who can give a first-hand perspective, which I think is really valuable that we have the lived experiences of people. One thing which I think I would like, I don't know if it comes in the classroom question or overall, I would definitely love a little bit more of a debate and discussion culture.","Sure. So, yeah, I think a lot of it has been said by my friends already. But, yeah, coming to first, the rigor, I do think the course is very rigorous, like in a good way. So for me also, I did not do economics as an undergrad. I did have econ background, but given that it was very rigorous. But also, I think it's extremely interesting the way we are learning. And as some of my friends mentioned that the way everything is interconnected, how the courses are so well designed that what we are learning is parallelly used in other courses. For instance, we're learning game theory now, and we can see it's been used in our politics and in our developed many concourses as well. So I love that it's been organized in a way where we can use our learnings, like even econometrics from one course to the other courses. And coming to the professors, they are very professional in their conduct and the way they have planned and prepared the curriculum, the way they have planned the teaching methodology. I think that is very well designed. So I really admire that. And going to the students' professionalism also, I think if I just talk about their conduct in class, I think that's very professional. Because I love the diversity we have, especially in MPAID specifically, with most of the batch being international. And there could be opportunities that we come from very widely different cultures and everything. But when we are expressing our thoughts in class or when we are giving our point of view, I think that's very professional. And it's also fantastic that you're talking about, say, one country as an example, and we have someone from that country or that region right there who can give a first-hand perspective, which I think is really valuable that we have the lived experiences of people. One thing which I think I would like, I don't know if it comes in the classroom question or overall, I would definitely love a little bit more of a debate and discussion culture.",355,20.830284,4.1819906,15
352,MPAID,Speaker 7,False,26:04:00,93840,"Yes, thank you very much. I have indeed had experience. I had a master's degree before coming here in Colombia. And one of the things that I think I can highlight most about this program is the motivation that the overall faculty has for you to work with your classmates. like to work in groups, like they encourage you to do most of the work in pairs, even if it is individual work, they encourage you to work as a group with a lot of people and I think that elsewhere, or at least what I've been before, is not to work with other people. I think that's like a key thing I have learned from here that's different from other other experiences that I've had before and also I would say that the teachers here or more ones more than others like encourage a lot of participation like dynamics in class to allow you to engage with the students not only like outside of the crowd but in the crowd room so I think That's one key element that I would have of the program. Again, not of every teacher, but most of them try to make participation a key element of the class. So those two things for you.","Yes, thank you very much. I have indeed had experience. I had a master's degree before coming here in Colombia. And one of the things that I think I can highlight most about this program is the motivation that the overall faculty has for you to work with your classmates. like to work in groups, like they encourage you to do most of the work in pairs, even if it is individual work, they encourage you to work as a group with a lot of people and I think that elsewhere, or at least what I've been before, is not to work with other people. I think that's like a key thing I have learned from here that's different from other other experiences that I've had before and also I would say that the teachers here or more ones more than others like encourage a lot of participation like dynamics in class to allow you to engage with the students not only like outside of the crowd but in the crowd room so I think That's one key element that I would have of the program. Again, not of every teacher, but most of them try to make participation a key element of the class. So those two things for you.",211,20.745502,2.2214046,12
354,MPAID,Speaker 6,False,27:34:00,99240,"I think, actually, I was really surprised of how large the classrooms are, like the size. It's much bigger than I expected. I went to a small liberal arts college here in the U.S. And it was, again, it's not an apple-to-apple comparison, but of course, like, it was bigger than I expected. I think all my classes, all undergrad, doesn't go beyond, like, 30.","I think, actually, I was really surprised of how large the classrooms are, like the size. It's much bigger than I expected. I went to a small liberal arts college here in the U.S. And it was, again, it's not an apple-to-apple comparison, but of course, like, it was bigger than I expected. I think all my classes, all undergrad, doesn't go beyond, like, 30.",65,20.537502,2.1000426,14
356,MPAID,Speaker 6,False,28:03:00,100980,"No, we have classes that are the whole, yeah, I guess 65, 70 people, that's the whole class. And more. And more, like...","No, we have classes that are the whole, yeah, I guess 65, 70 people, that's the whole class. And more. And more, like...",23,20.005354,1.9056628,14
358,MPAID,Speaker 6,False,28:11:00,101460,"Yeah, and now I'm in a classroom that has 100 people, 90 people. I think that's much bigger than I expected. And I think that relates to my second comparison is how, again, I'm comparing with my undergrad in a smaller arts college. It's really hard to build a professional relationship with the professors in that way. professors don't know necessarily your names. And it's, you know, the office hours, it's hard to get office hours. You kind of have to, you know, some professors obviously require sign up, and that sign up gets filled out very quickly, very easily. So I think that would be two points.","Yeah, and now I'm in a classroom that has 100 people, 90 people. I think that's much bigger than I expected. And I think that relates to my second comparison is how, again, I'm comparing with my undergrad in a smaller arts college. It's really hard to build a professional relationship with the professors in that way. professors don't know necessarily your names. And it's, you know, the office hours, it's hard to get office hours. You kind of have to, you know, some professors obviously require sign up, and that sign up gets filled out very quickly, very easily. So I think that would be two points.",108,20.857038,1.7420001,-1
360,MPAID,Speaker 6,False,29:07:00,104820,"I can compare to the 100 students in the class, but like even the smaller ones, like 60, 70 people, a class size, I've experienced challenges in finding office hours to professors.","I can compare to the 100 students in the class, but like even the smaller ones, like 60, 70 people, a class size, I've experienced challenges in finding office hours to professors.",32,22.056337,1.2163612,-1
362,MPAID,Speaker 10,False,29:27:00,106020,"and compared to my first master, which I did economics back in Korea, I was quite surprised by the support by the teaching team. So in my previous master's, if there is anyone who falls behind academically, all the blame goes to the student. Whereas here, if anyone falls behind, then the teacher team is there just to support these students. I think that's one positive that I found from this program. And another difference that I found was that here it values more relationship among the student and the relationship between the professor and the student. in my previous masters, they don't really care about who are in the class. The only people that they care about are the people who taught the whole class, but the rest of them seems to be just be there, but they don't really seem to care that much. So these are the positive side of HKS, and for the negatives, I think I somehow echo [NAME]. So I felt there's been less, how can I say, professional guidance from professors. What I mean by this is that now I'm also writing my second thesis, but compared to my previous one, it's very hard for us to find our own supervisors first, and it's very hard to make our own office hours with them because maybe professors have a lot of involvement with other students. And the nature of the program itself is less analytical compared to what I did before. Well, of course, my previous degree in my previous master's focused more on the mathematical side of economics. So I think this is something I think should have made some improvement, I guess.","and compared to my first master, which I did economics back in Korea, I was quite surprised by the support by the teaching team. So in my previous master's, if there is anyone who falls behind academically, all the blame goes to the student. Whereas here, if anyone falls behind, then the teacher team is there just to support these students. I think that's one positive that I found from this program. And another difference that I found was that here it values more relationship among the student and the relationship between the professor and the student. in my previous masters, they don't really care about who are in the class. The only people that they care about are the people who taught the whole class, but the rest of them seems to be just be there, but they don't really seem to care that much. So these are the positive side of HKS, and for the negatives, I think I somehow echo . So I felt there's been less, how can I say, professional guidance from professors. What I mean by this is that now I'm also writing my second thesis, but compared to my previous one, it's very hard for us to find our own supervisors first, and it's very hard to make our own office hours with them because maybe professors have a lot of involvement with other students. And the nature of the program itself is less analytical compared to what I did before. Well, of course, my previous degree in my previous master's focused more on the mathematical side of economics. So I think this is something I think should have made some improvement, I guess.",281,21.47036,2.6836185,6
364,MPAID,Speaker 8,False,31:15:00,112500,"So I have a master's for just as well. So I did my MBA from India. So again, it would be a bit of an unfair comparison because an MBA degree operates a bit differently. but one positive is that so class participation has been like a key component in my MBA classes as well and here in my HKS classes as well I do think the good thing is that I think the class participation here has a lot more substance because when there is a lot of weightage to participation which is in some of the MBA classes you have people just participating for the sake of it but here when I see my fellow classmates participating I think there's a lot of value to what anybody says. So I think that's where I find education better in this way.","So I have a master's for just as well. So I did my MBA from India. So again, it would be a bit of an unfair comparison because an MBA degree operates a bit differently. but one positive is that so class participation has been like a key component in my MBA classes as well and here in my HKS classes as well I do think the good thing is that I think the class participation here has a lot more substance because when there is a lot of weightage to participation which is in some of the MBA classes you have people just participating for the sake of it but here when I see my fellow classmates participating I think there's a lot of value to what anybody says. So I think that's where I find education better in this way.",142,20.673372,3.012108,6
366,MPAID,Speaker 8,False,32:14:00,116040,"of it here? Yes. So I would say it's also by the nature of the course maybe or but let me compare similar things. So for example, a lot of MBA courses are case-based and some of my education courses are also case-based. Some of them are more theoretical, but some are case-based. So I think about that was that while you have a case and you just say something, I mean in the beginning people will have good points, but ultimately you exhaust most of your points. And then we have people kind of repeating or just rehashing it in a different way just to get some marks here for it. I don't see that here in this classroom. I think maybe that's also just because the kind of topics that we have our cases on when people speak, I see that they also come, like they try to knit in their own maybe personal experiences into the case because the topics we read up are so much like from the grassroots or from the ground, a lot of like development related issues. So people bring in their own perspectives, their own like prior experiences, their readings, and also what they, what analysis they have of the reading. So I think in that way it's different, that I find the insights more valuable here. So that's a good thing. On the other hand, just like the same extension, like some of the classes where I mentioned are more theoretical. So that is something which I find that when it's a very long, just one-way communication, personally, I also find it difficult to just focus if it's just a one-way theory. And in those cases, I feel it would have been nicer to have the class a little more discussion-based. So it goes both ways. Like some classes where I find this lack because in my MBA classes, like almost every class was very highly engaging. Yes, there were these instances, of course, where the participation, I felt, was not great by some people. But I think it was really engaging, all the classes, given that it was not very theoretical of them. And we had these opportunities to even present in the class, do formal presentations, or even just do some papers, just some reading. So I think in those things, I find it a little less in education classrooms. So these were my pros and cons.","of it here? Yes. So I would say it's also by the nature of the course maybe or but let me compare similar things. So for example, a lot of MBA courses are case-based and some of my education courses are also case-based. Some of them are more theoretical, but some are case-based. So I think about that was that while you have a case and you just say something, I mean in the beginning people will have good points, but ultimately you exhaust most of your points. And then we have people kind of repeating or just rehashing it in a different way just to get some marks here for it. I don't see that here in this classroom. I think maybe that's also just because the kind of topics that we have our cases on when people speak, I see that they also come, like they try to knit in their own maybe personal experiences into the case because the topics we read up are so much like from the grassroots or from the ground, a lot of like development related issues. So people bring in their own perspectives, their own like prior experiences, their readings, and also what they, what analysis they have of the reading. So I think in that way it's different, that I find the insights more valuable here. So that's a good thing. On the other hand, just like the same extension, like some of the classes where I mentioned are more theoretical. So that is something which I find that when it's a very long, just one-way communication, personally, I also find it difficult to just focus if it's just a one-way theory. And in those cases, I feel it would have been nicer to have the class a little more discussion-based. So it goes both ways. Like some classes where I find this lack because in my MBA classes, like almost every class was very highly engaging. Yes, there were these instances, of course, where the participation, I felt, was not great by some people. But I think it was really engaging, all the classes, given that it was not very theoretical of them. And we had these opportunities to even present in the class, do formal presentations, or even just do some papers, just some reading. So I think in those things, I find it a little less in education classrooms. So these were my pros and cons.",408,20.952795,2.9201803,6
368,MPAID,Speaker 5,False,34:29:00,124140,"So contrary to what [NAME] had said, I did my undergrad in Indonesia, and the class size was 30 to 40 people per class. But the professor's engagement to the students were very low compared to here. So the class was just one-way teaching. So we don't really do discussion in class.","So contrary to what had said, I did my undergrad in Indonesia, and the class size was 30 to 40 people per class. But the professor's engagement to the students were very low compared to here. So the class was just one-way teaching. So we don't really do discussion in class.",51,20.189287,0.6615515,13
370,MPAID,Speaker 5,False,34:48:00,125280,"Yeah, so it kind of takes me some time to adjust to it. So the HKS way of teaching, a lot of discussion, a lot of participation. And then the office hour system, we don't have that. We didn't have that back then. So it's a new thing for me, and I find it very helpful as well. Because like, yeah, I do a lot of it. And then like, I also like.","Yeah, so it kind of takes me some time to adjust to it. So the HKS way of teaching, a lot of discussion, a lot of participation. And then the office hour system, we don't have that. We didn't have that back then. So it's a new thing for me, and I find it very helpful as well. Because like, yeah, I do a lot of it. And then like, I also like.",73,20.46,2.4009914,6
372,MPAID,Speaker 4,False,35:20:00,127200,"Okay. So for me, the biggest difference between the previous education and here was the role of the program office. So Carol and Sarah, they manage the workload calendar. And I mean, it's, yeah, I think maybe they don't get enough credit, but they really put a lot of thought into it and make sure that we don't have too many assignments due in one week. And that really helps a lot in the learning culture overall and in what we get out of the programs. It would be impossible, I think, if they weren't doing that planning and balancing of the load across the weeks and just having those activities and events to get us together and make sure all of us are on track, not only stepping in on something that's gone wrong, but sort of proactively managing our schedules.","Okay. So for me, the biggest difference between the previous education and here was the role of the program office. So Carol and Sarah, they manage the workload calendar. And I mean, it's, yeah, I think maybe they don't get enough credit, but they really put a lot of thought into it and make sure that we don't have too many assignments due in one week. And that really helps a lot in the learning culture overall and in what we get out of the programs. It would be impossible, I think, if they weren't doing that planning and balancing of the load across the weeks and just having those activities and events to get us together and make sure all of us are on track, not only stepping in on something that's gone wrong, but sort of proactively managing our schedules.",142,21.27557,3.8066046,-1
374,MPAID,Speaker 6,False,38:05:00,137100,Can I ask a question?,Can I ask a question?,5,17.777384,0.7486031,4
376,MPAID,Speaker 6,False,38:07:00,137220,"When you said what would affect your own learning, what do you mean, what's what?","When you said what would affect your own learning, what do you mean, what's what?",15,20.55627,1.5140535,-1
380,MPAID,Speaker 6,False,38:23:00,138180,How would it affect? Okay. Okay. Thank you.,How would it affect? Okay. Okay. Thank you.,8,16.94733,0.71125627,4
382,MPAID,Speaker 1,False,39:10:00,141000,"Thank you. Yes. Oh, gosh. Thank you.","Thank you. Yes. Oh, gosh. Thank you.",7,16.891792,0.5993346,4
384,MPAID,Speaker 1,False,39:18:00,141480,Yes. Thank you. Thank you.,Yes. Thank you. Thank you.,5,16.942284,0.53227043,4
386,MPAID,Speaker 9,False,39:51:00,143460,"So when I read this, I think I can empathize with the professor to feel like it is virtually impossible to give detailed feedback to 68 students in such a short period of time. So I do give the professor some grace. But I do think that if the student is really committed to understanding what they did wrong, or like is really motivated and really wants to have, to just understand the areas that they could improve, the professor should really welcome that with reciprocity and take the time to just sit down and maybe write a long email, just detailing, or like provide detailed feedback on that paper. Because not every student is going to reach out and ask for proper feedback. so that it could be a one-on-one discussion. But I don't agree with how this ended, which is that the students could just not go to office hours. I think the professor could have just been understanding and provided detailed feedback. But I don't expect the professor to give detailed feedback to everybody first.","So when I read this, I think I can empathize with the professor to feel like it is virtually impossible to give detailed feedback to 68 students in such a short period of time. So I do give the professor some grace. But I do think that if the student is really committed to understanding what they did wrong, or like is really motivated and really wants to have, to just understand the areas that they could improve, the professor should really welcome that with reciprocity and take the time to just sit down and maybe write a long email, just detailing, or like provide detailed feedback on that paper. Because not every student is going to reach out and ask for proper feedback. so that it could be a one-on-one discussion. But I don't agree with how this ended, which is that the students could just not go to office hours. I think the professor could have just been understanding and provided detailed feedback. But I don't expect the professor to give detailed feedback to everybody first.",178,22.991907,2.4510467,9
391,MPAID,Speaker 7,False,41:09:00,148140,"Yeah, something similar happened to me, but I think what helped in that moment, and I think would be great in this, is teachers who struggle with this should encourage their teaching team more, like rely a little bit more on their expertise and like at the moment of choosing who's going to be in their teaching team, like acknowledging that this is going to be a possible situation for them to handle, and like choose people with the skills to like, like have criteria that it's good enough that a CA can understand and like pass it to the other student because it's physically impossible, as you said, for a teacher to be in each of their students' process. So you have three CAs, one TF in almost every class. So rely on them and like let them build confidence with the students so they can like go to them if you don't have the time to develop.","Yeah, something similar happened to me, but I think what helped in that moment, and I think would be great in this, is teachers who struggle with this should encourage their teaching team more, like rely a little bit more on their expertise and like at the moment of choosing who's going to be in their teaching team, like acknowledging that this is going to be a possible situation for them to handle, and like choose people with the skills to like, like have criteria that it's good enough that a CA can understand and like pass it to the other student because it's physically impossible, as you said, for a teacher to be in each of their students' process. So you have three CAs, one TF in almost every class. So rely on them and like let them build confidence with the students so they can like go to them if you don't have the time to develop.",159,21.523504,2.6094656,6
393,MPAID,Speaker 4,False,42:18:00,152280,"Okay. So one suggestion for the professor would be to just share a detailed rubric and a model answer. I think that's worked well in the courses that we've had them. And the other thing, I think most of the grading is done by teaching fellows in TAs anyway, at least in the MPAID. I don't think professors are individually grading assignments, so this would be, but as long as they've designed the rubric and as long as they've chosen the teaching team well, then that works. The TAs are usually more flexible with office hours as well and can work with the student to find a way.","Okay. So one suggestion for the professor would be to just share a detailed rubric and a model answer. I think that's worked well in the courses that we've had them. And the other thing, I think most of the grading is done by teaching fellows in TAs anyway, at least in the MPAID. I don't think professors are individually grading assignments, so this would be, but as long as they've designed the rubric and as long as they've chosen the teaching team well, then that works. The TAs are usually more flexible with office hours as well and can work with the student to find a way.",108,22.467028,2.2446008,10
395,MPAID,Speaker 8,False,42:55:00,154500,"Yeah, so I had some similar things I was going to talk about in the rubric, because we have had both scenarios where, in one case, the professor personally gives a very detailed feedback, which I really admire, but the cost of it is time. Like, you don't get it soon enough. You get that as much time it would take him to create 70 papers, and the inverse of that is just no feedback, but the rubric is quite helpful. It's just underlining, okay, here you got, these are the 10 or 5 metrics, and you got this much for each of them. So that kind of helps.","Yeah, so I had some similar things I was going to talk about in the rubric, because we have had both scenarios where, in one case, the professor personally gives a very detailed feedback, which I really admire, but the cost of it is time. Like, you don't get it soon enough. You get that as much time it would take him to create 70 papers, and the inverse of that is just no feedback, but the rubric is quite helpful. It's just underlining, okay, here you got, these are the 10 or 5 metrics, and you got this much for each of them. So that kind of helps.",109,22.92427,2.5874307,9
397,MPAID,Speaker 8,False,43:28:00,156480,"And I also think that the office hours were suggested in week 5 or 6. If there were still time until the final assignment, the student could have also tried to get another one in a non-busy week or email the professor with the constraints. I think most professors are very understanding and responsive in these scenarios.","And I also think that the office hours were suggested in week 5 or 6. If there were still time until the final assignment, the student could have also tried to get another one in a non-busy week or email the professor with the constraints. I think most professors are very understanding and responsive in these scenarios.",57,22.408344,0.92632294,7
399,MPAID,Speaker 8,False,43:51:00,157860,So I think it can be from both ways.,So I think it can be from both ways.,9,18.508114,2.1446457,0
403,MPAID,Speaker 6,False,44:00:00,158400,"Just very quickly, I know. I would be quite angry, actually, if I were getting this type of response. I'm not the type of person, obviously, I'm not the type of person who does this, who go back to the professor, like, I'm not that dedicated of a student, obviously. But if I were to be that motivated and getting this type of answer, I would be not happy. I would be very disappointed. Especially if I, especially going here, which is supposedly much better than my previous any academic training that I've had. I think another thing that is not acceptable is, I think it, sorry, what I said disappointing wasn't necessarily that the professor giving the extra detail over email. What would disappoint me is that it would take about three, four weeks for a student to get an office hour. I think it makes sense. A professor might not have enough time to do all this over email. But a student shouldn't wait three, four weeks for a time to 15 minutes with a professor.","Just very quickly, I know. I would be quite angry, actually, if I were getting this type of response. I'm not the type of person, obviously, I'm not the type of person who does this, who go back to the professor, like, I'm not that dedicated of a student, obviously. But if I were to be that motivated and getting this type of answer, I would be not happy. I would be very disappointed. Especially if I, especially going here, which is supposedly much better than my previous any academic training that I've had. I think another thing that is not acceptable is, I think it, sorry, what I said disappointing wasn't necessarily that the professor giving the extra detail over email. What would disappoint me is that it would take about three, four weeks for a student to get an office hour. I think it makes sense. A professor might not have enough time to do all this over email. But a student shouldn't wait three, four weeks for a time to 15 minutes with a professor.",178,22.612215,1.1012235,7
405,MPAID,Speaker 6,False,45:08:00,162480,"- The delay was, I think it's unacceptable. I think I agree with a lot of what has been said that I think this could be done by empowering the TFs more and CAs more. And I think TF is right. I think for the most part I get a lot of feedback from the TFs and the CAs and that has been useful for me.","- The delay was, I think it's unacceptable. I think I agree with a lot of what has been said that I think this could be done by empowering the TFs more and CAs more. And I think TF is right. I think for the most part I get a lot of feedback from the TFs and the CAs and that has been useful for me.",66,22.497938,3.0127957,9
407,MPAID,Speaker 10,False,45:29:00,163740,"So I think the office hour for the professor in general, they are open for everyone. even the student who doesn't take the professor's class can still apply for office hour. So I think he can probably differentiate the office hour for those who attend his class and those who doesn't attend his class. Then the people who attend his class could meet him maybe sooner.","So I think the office hour for the professor in general, they are open for everyone. even the student who doesn't take the professor's class can still apply for office hour. So I think he can probably differentiate the office hour for those who attend his class and those who doesn't attend his class. Then the people who attend his class could meet him maybe sooner.",66,22.304838,0.97980547,7
409,MPAID,Speaker 2,False,46:13:00,166380,"I mean I have examples here and there of feedback that has not been given timely. Even for our last final from one of our classes, I don't want to say which one. I think we were waiting for that even until like January 10 probably or something. Like we didn't know if we passed or failed the course. Yeah, yeah, yeah. That's hard. It was more--","I mean I have examples here and there of feedback that has not been given timely. Even for our last final from one of our classes, I don't want to say which one. I think we were waiting for that even until like January 10 probably or something. Like we didn't know if we passed or failed the course. Yeah, yeah, yeah. That's hard. It was more--",67,22.550846,2.8782363,9
410,MPAID,Speaker 4,False,46:47:00,168420,"None of the components were created. So not just the final exam, but like throughout the semester.","None of the components were created. So not just the final exam, but like throughout the semester.",17,21.778336,3.7925563,11
411,MPAID,Speaker 2,False,46:53:00,168780,"I mean, it's a course where like personal opinion also matters. so it's very difficult to guess how the professor is also grading and what's the program for that. But yeah, I have tons of examples. Yeah. I want to bore you with. Okay. Yeah. Alright. Did anyone have any comment on","I mean, it's a course where like personal opinion also matters. so it's very difficult to guess how the professor is also grading and what's the program for that. But yeah, I have tons of examples. Yeah. I want to bore you with. Okay. Yeah. Alright. Did anyone have any comment on",52,22.294386,1.9409456,10
415,MPAID,Speaker 6,False,49:46:00,179160,"Sorry, just a clarifying question. What do you mean, like, what the professors do in terms of the grade or in terms of... Because I think the end action here is everyone giving peer evaluation score to everyone, right?","Sorry, just a clarifying question. What do you mean, like, what the professors do in terms of the grade or in terms of... Because I think the end action here is everyone giving peer evaluation score to everyone, right?",39,22.26849,2.0545318,10
417,MPAID,Speaker 10,False,50:10:00,180600,"Okay. So is that about how he would ask the student to write an evaluation, or is that mostly about how he would respond to the evaluation?","Okay. So is that about how he would ask the student to write an evaluation, or is that mostly about how he would respond to the evaluation?",27,22.415678,1.9368973,10
419,MPAID,Speaker 10,False,50:33:00,181980,"The reason why I was asking was because I think in most of the group works, the professor never asked us to make any of these peer evaluations, So that's one question that I had. Oh, interesting.","The reason why I was asking was because I think in most of the group works, the professor never asked us to make any of these peer evaluations, So that's one question that I had. Oh, interesting.",37,22.388454,1.9643251,10
421,MPAID,Speaker 10,False,51:20:00,184800,"So if I were the professor, I would probably ask the student to submit not just the final product, but also I'll ask every individuals in the same project to write the role taken by the member and how other members contributed to this project. Then the professor could make a comparison among these team members on how they actually did contribute to this project.","So if I were the professor, I would probably ask the student to submit not just the final product, but also I'll ask every individuals in the same project to write the role taken by the member and how other members contributed to this project. Then the professor could make a comparison among these team members on how they actually did contribute to this project.",65,21.781727,0.3937453,8
423,MPAID,Speaker 9,False,51:54:00,186840,"I also feel like in [NAME] and here, we're treated as adults and we're given a lot of autonomy to decide for ourselves. And in most projects, I've never been imposed a group. We get to choose our groups. And essentially, it's like a bet you make on another person, so you have to either trust them or if things don't work out the way you want, well, these situations happen in life all the time. So I think it's more of like we have the freedom to pick our groups and to work with whomever we want to work. So I don't think the professor has any responsibility here.","I also feel like in and here, we're treated as adults and we're given a lot of autonomy to decide for ourselves. And in most projects, I've never been imposed a group. We get to choose our groups. And essentially, it's like a bet you make on another person, so you have to either trust them or if things don't work out the way you want, well, these situations happen in life all the time. So I think it's more of like we have the freedom to pick our groups and to work with whomever we want to work. So I don't think the professor has any responsibility here.",109,21.67599,0.5377425,8
425,MPAID,Speaker 2,False,53:17:00,191820,"I agree with [NAME]. No, please. I agree with [NAME] because it's not the responsibility of the professor. We are, if you're feeling particularly bad in a situation with a group, you should report it. But this is part of learning how to work with teams and learn that this will happen in reality, that not everyone will show up for the meeting, that everyone will not necessarily have the same level of commitment, but you either like focus on the goal and like the outcome to get it done, or you change teams, or like you do something, but I think it relies a lot in your responsibility. In life, there will always be free riders, and for me, it's the responsibility of the person that is in the team to be able to do something about it. Okay, thank you.","I agree with . No, please. I agree with because it's not the responsibility of the professor. We are, if you're feeling particularly bad in a situation with a group, you should report it. But this is part of learning how to work with teams and learn that this will happen in reality, that not everyone will show up for the meeting, that everyone will not necessarily have the same level of commitment, but you either like focus on the goal and like the outcome to get it done, or you change teams, or like you do something, but I think it relies a lot in your responsibility. In life, there will always be free riders, and for me, it's the responsibility of the person that is in the team to be able to do something about it. Okay, thank you.",141,21.734562,0.26982453,8
427,MPAID,Speaker 8,False,54:23:00,195780,"Yes, so I completely agree with [NAME] and [NAME] and what they said. That was going to be my point as well, that I do think that it's the group's responsibility, and also I see in this situation, let's say some family situation, so there could be things that happen and you have to be empathetic with your group as well. There could be scenarios which arise. From what can the professor do? I think in some of the group projects of what we have had, what has been helpful is having like, if it's a big project like that we have to submit maybe end of the semester or end of something, it's good to have checkpoints. So you know that the team needs to work, not just the whole thing, and someone is working for the weekend and someone shows up at the end. But if you have these regular checkpoints, complete draft one, draft two, and so on, then that kind of helps in getting the group together and working through these checkpoints. So I think that can be a driving factor to just be on time and coordinated with your group.","Yes, so I completely agree with and and what they said. That was going to be my point as well, that I do think that it's the group's responsibility, and also I see in this situation, let's say some family situation, so there could be things that happen and you have to be empathetic with your group as well. There could be scenarios which arise. From what can the professor do? I think in some of the group projects of what we have had, what has been helpful is having like, if it's a big project like that we have to submit maybe end of the semester or end of something, it's good to have checkpoints. So you know that the team needs to work, not just the whole thing, and someone is working for the weekend and someone shows up at the end. But if you have these regular checkpoints, complete draft one, draft two, and so on, then that kind of helps in getting the group together and working through these checkpoints. So I think that can be a driving factor to just be on time and coordinated with your group.",193,21.720129,0.46099767,8
429,MPAID,Speaker 6,False,56:32:00,203520,"Sorry, and we each only get like two votes? Is that the idea?","Sorry, and we each only get like two votes? Is that the idea?",13,17.734966,2.4587467,0
435,MPAID,Speaker 6,False,56:46:00,204360,And we each only get two votes?,And we each only get two votes?,7,17.657179,2.413064,0
439,MPAID,Speaker 5,False,56:58:00,205080,"Actually, I already have something in mind. So I feel that the MPAID program, it's too focused on RCT-ish study cases, especially in DEF 101 and DEF 102, the class. I came from an international relations background, although I studied economics in undergrad, but I have international relations background professionally, and I don't see a lot of cases related to those like foreign relations, international affairs. And it's like a lot of cases also being discussed is all about our city and poverty, growth, something like that. And I find myself really hard to jump into the conversation in class because I don't really professional experience on that.","Actually, I already have something in mind. So I feel that the MPAID program, it's too focused on RCT-ish study cases, especially in DEF 101 and DEF 102, the class. I came from an international relations background, although I studied economics in undergrad, but I have international relations background professionally, and I don't see a lot of cases related to those like foreign relations, international affairs. And it's like a lot of cases also being discussed is all about our city and poverty, growth, something like that. And I find myself really hard to jump into the conversation in class because I don't really professional experience on that.",108,20.48992,5.0259314,16
441,MPAID,Speaker 5,False,57:52:00,208320,"curriculum. Yeah, so don't emphasize it too much.","curriculum. Yeah, so don't emphasize it too much.",8,20.752031,3.7922971,15
443,MPAID,Speaker 8,False,58:01:00,208860,"What I mentioned before, I really strongly feel about the debating culture in HKS as a whole, because I came here thinking that I came from an MBA that there was a lot of discussion and everything. I came to We're actually thinking that, hey, we are working in development. We are people from so many different countries. We have such different ideas. There could be a lot of good discussions. It doesn't have to be like, what do you say? It doesn't have to be malicious or anything. It's just like healthy discussion, healthy debates on so many topics in like current affairs or even development related like things. I think I attended this one session which just said that the heading was, does inequality matter? And that's such a good topic to just, even if you want a class to discuss about that, it doesn't always have to be, like, controversial. It need not be. It can just be, like, a lot of discussion, debating, just an open forum for people to come out and bring forth their ideas, think about things, discuss, listen to others. I think I would love that in a chance. Very good.","What I mentioned before, I really strongly feel about the debating culture in HKS as a whole, because I came here thinking that I came from an MBA that there was a lot of discussion and everything. I came to We're actually thinking that, hey, we are working in development. We are people from so many different countries. We have such different ideas. There could be a lot of good discussions. It doesn't have to be like, what do you say? It doesn't have to be malicious or anything. It's just like healthy discussion, healthy debates on so many topics in like current affairs or even development related like things. I think I attended this one session which just said that the heading was, does inequality matter? And that's such a good topic to just, even if you want a class to discuss about that, it doesn't always have to be, like, controversial. It need not be. It can just be, like, a lot of discussion, debating, just an open forum for people to come out and bring forth their ideas, think about things, discuss, listen to others. I think I would love that in a chance. Very good.",199,19.516676,0.8758431,-1
446,MPAID,Speaker 7,False,59:03:00,212580,"I would like the school to maybe rethink the way it approaches AI and how AI is approached in each class. I know there have been some efforts to get us to think about it and how it worked. And I know that it's each teacher's own authority to give the rules of their own class. But I think there's a thing that is happening. All of us, even though most of us are using it. It would be good that the school acknowledges that and maybe helps us to navigate these new times which AI is everywhere and we are going to face it at our jobs and everything. So I think maybe it's a great thing to approach to it.","I would like the school to maybe rethink the way it approaches AI and how AI is approached in each class. I know there have been some efforts to get us to think about it and how it worked. And I know that it's each teacher's own authority to give the rules of their own class. But I think there's a thing that is happening. All of us, even though most of us are using it. It would be good that the school acknowledges that and maybe helps us to navigate these new times which AI is everywhere and we are going to face it at our jobs and everything. So I think maybe it's a great thing to approach to it.",122,20.072783,4.4099216,-1
448,MPAID,Speaker 7,False,59:59:00,215940,"What's missing from that? Maybe, I don't know if there should be one world policy about how every class should approach AI, because we have theory classes, we have hands-on classes, so each class has different uses for AI. But I think it's worth thinking about how can it help us learn, rather than how can we forbid students to use it. Yeah.","What's missing from that? Maybe, I don't know if there should be one world policy about how every class should approach AI, because we have theory classes, we have hands-on classes, so each class has different uses for AI. But I think it's worth thinking about how can it help us learn, rather than how can we forbid students to use it. Yeah.",63,20.041237,4.36824,-1
450,MPAID,Speaker 2,False,1:00:25,3625,Can I follow up with [NAME]? Yes. Yes. So what proportion do you think it is about the debates that the class is not structured that way or there's a self-election of students that are not...,Can I follow up with ? Yes. Yes. So what proportion do you think it is about the debates that the class is not structured that way or there's a self-election of students that are not...,36,20.141483,0.95848787,13
452,MPAID,Speaker 2,False,1:01:01,3661,"- I agree that there is not enough debate, but as I'm saying, sometimes it's because there's self-selection, not necessarily because the class doesn't allow for it.","- I agree that there is not enough debate, but as I'm saying, sometimes it's because there's self-selection, not necessarily because the class doesn't allow for it.",27,20.05523,1.6227813,-1
453,MPAID,Speaker 10,False,1:01:14,3674,"- And also, I'd like to--","- And also, I'd like to--",6,16.78123,0.95822924,4
455,MPAID,Speaker 2,False,1:01:27,3687,"not necessarily. People don't want to talk. Like, even when there's opportunity to talk, we have philosophy class where we could debate about moral issues, justice, things like that. People didn't talk. So, like, I'm not sure how much of a problem is that some classes are not structured that way, and that the students are simply not doing it because they don't want to. Okay.","not necessarily. People don't want to talk. Like, even when there's opportunity to talk, we have philosophy class where we could debate about moral issues, justice, things like that. People didn't talk. So, like, I'm not sure how much of a problem is that some classes are not structured that way, and that the students are simply not doing it because they don't want to. Okay.",66,20.120354,0.8155129,13
456,MPAID,Speaker 8,False,1:01:52,3712,"Just to say something, I mean, Because I've not been in any electives yet as a first year student.","Just to say something, I mean, Because I've not been in any electives yet as a first year student.",19,20.928835,3.4566455,-1
457,MPAID,Speaker 2,False,1:01:58,3718,"These are purely lectures, the first year courses. Yeah, micro-ponomics. Micro-ponomics is not, you know.","These are purely lectures, the first year courses. Yeah, micro-ponomics. Micro-ponomics is not, you know.",15,20.70051,4.1036263,15
458,MPAID,Speaker 8,False,1:02:04,3724,"Yeah, so I mean, when I'm in those classes, I understand more whether the self-selection aspect is also true that people don't want to speak. But I was also referring to more, like, broader HKS. Like, how these, like, forums or opportunities in class and also outside of the class.","Yeah, so I mean, when I'm in those classes, I understand more whether the self-selection aspect is also true that people don't want to speak. But I was also referring to more, like, broader HKS. Like, how these, like, forums or opportunities in class and also outside of the class.",50,20.067007,2.6844003,6
460,MPAID,Speaker 9,False,1:02:26,3746,"Maybe make sure in instances where the exams were, there's a huge gap between the difficulty level of the exam and what we were taught in class. You take a final exam and you walk out as if you didn't understand anything in that class when in reality you did learn a lot, but the difficulty level was just so absurdly unrelated to the class. And I think that's not okay.","Maybe make sure in instances where the exams were, there's a huge gap between the difficulty level of the exam and what we were taught in class. You take a final exam and you walk out as if you didn't understand anything in that class when in reality you did learn a lot, but the difficulty level was just so absurdly unrelated to the class. And I think that's not okay.",71,21.673689,3.4153857,-1
462,MPAID,Speaker 10,False,1:03:00,3780,"I think there should be a clear connection between the career opportunity and the courses that we take. I think although we take the same program, people have different ideas about our career after graduation, but we don't have really that much information about how these courses relate to the skills that we actually need for the career that we want to pursue.","I think there should be a clear connection between the career opportunity and the courses that we take. I think although we take the same program, people have different ideas about our career after graduation, but we don't have really that much information about how these courses relate to the skills that we actually need for the career that we want to pursue.",63,20.812475,4.2612457,15
464,MPAID,Speaker 10,False,1:03:27,3807,"For instance, for people like me, I don't really need to know anything about RCTs.","For instance, for people like me, I don't really need to know anything about RCTs.",15,18.527906,1.1499444,-1
465,MPAID,Speaker 4,False,1:03:32,3812,"Okay. Adiyah. Yes, because like international development and development economics overall are in a very pivotal moment right now where they're changing, so I think it would be really helpful if the MPAID curriculum could actually question some of the frameworks and assumptions that we've taught because the field is going to change massively. So instead of just a sort of a content delivery as we've had, the frameworks and assumptions could be questioned. Question of frameworks and assumptions. Yeah.","Okay. Adiyah. Yes, because like international development and development economics overall are in a very pivotal moment right now where they're changing, so I think it would be really helpful if the MPAID curriculum could actually question some of the frameworks and assumptions that we've taught because the field is going to change massively. So instead of just a sort of a content delivery as we've had, the frameworks and assumptions could be questioned. Question of frameworks and assumptions. Yeah.",80,20.396317,5.3729935,16
468,MPAID,Speaker 2,False,1:04:07,3847,A communication. You said two-way street. And there's not enough of that.,A communication. You said two-way street. And there's not enough of that.,12,19.056137,0.5185575,-1
470,MPAID,Speaker 2,False,1:04:19,3859,"Communication from... You're saying, like, what would we say to the administration? And I have said this clearly before. I'm in the student government as well. Like, when we had, like, our visa issues, Harvard ban from the [NAME] from the U.S., there was not clear communication from HKS to us, particularly. and I understand there was a lot of uncertainty, and I understand all of that. Like better, improved communication.","Communication from... You're saying, like, what would we say to the administration? And I have said this clearly before. I'm in the student government as well. Like, when we had, like, our visa issues, Harvard ban from the from the U.S., there was not clear communication from HKS to us, particularly. and I understand there was a lot of uncertainty, and I understand all of that. Like better, improved communication.",70,19.509586,0.6220779,6
472,MPAID,Speaker 2,False,1:04:55,3895,"Not only communicating one way, but also listening.","Not only communicating one way, but also listening.",8,19.138016,0.54747134,-1
476,MPAID,Speaker 2,False,1:05:03,3903,"The first time that we're doing this, yeah. Okay, wonderful.","The first time that we're doing this, yeah. Okay, wonderful.",10,16.743792,1.0919448,4
477,MPAID,Speaker 6,False,1:05:09,3909,"I would say, I'm trying to find the correct words that doesn't really look so bad on me. I think what I first got in mind is like, it's really, it's too academically minded. Like, it's too research-based. Or it's a very, sometimes I feel so sad because I want to read all of these things that the professor has in the syllabus, but I just don't have enough time. And I felt like it's such a waste. Like, I would have loved to be able to sit down and read it well and then you know participate in discussion in class and being able to have you know thought about it and i think this is something that i get to do in undergrad and i wish and i hope coming here i hope i can do that even more here but i didn't get so i think i think that comes in the end it comes maybe to the workload that that maybe maybe that that really is the root cause or or or maybe maybe just more better incentive to be prepared for the class including readings but in the end of the day I felt I felt I felt like I'm wasting a lot of the things that I could have been learning by not reading a lot and that's yeah but you're not reading as much as I suppose to","I would say, I'm trying to find the correct words that doesn't really look so bad on me. I think what I first got in mind is like, it's really, it's too academically minded. Like, it's too research-based. Or it's a very, sometimes I feel so sad because I want to read all of these things that the professor has in the syllabus, but I just don't have enough time. And I felt like it's such a waste. Like, I would have loved to be able to sit down and read it well and then you know participate in discussion in class and being able to have you know thought about it and i think this is something that i get to do in undergrad and i wish and i hope coming here i hope i can do that even more here but i didn't get so i think i think that comes in the end it comes maybe to the workload that that maybe maybe that that really is the root cause or or or maybe maybe just more better incentive to be prepared for the class including readings but in the end of the day I felt I felt I felt like I'm wasting a lot of the things that I could have been learning by not reading a lot and that's yeah but you're not reading as much as I suppose to",235,20.772476,0.04084535,5
481,MPAID,Speaker 8,False,1:07:29,4049,Can you vote for our own thing or for others?,Can you vote for our own thing or for others?,10,17.68604,2.459328,0
486,MPAID,Speaker 10,False,1:09:21,4161,"Should we write questions, or should we write our comments? Should's question? Okay.","Should we write questions, or should we write our comments? Should's question? Okay.",13,18.087776,0.8396875,4
490,MPAID,Speaker 5,False,1:09:54,4194,"So we can spend it like a couple of times. Oh gosh, I don't know how to handle it.","So we can spend it like a couple of times. Oh gosh, I don't know how to handle it.",19,18.610363,2.9807642,-1
492,MPAID,Speaker 7,False,1:10:01,4201,Yes. You can always use it. Thank you for promoting space. It's very helpful.,Yes. You can always use it. Thank you for promoting space. It's very helpful.,14,17.966894,1.1606455,4
496,MIXED,Speaker 4,False,13:00,780,"Is there any, like, do we know the purpose of this?","Is there any, like, do we know the purpose of this?",11,18.195185,1.6024013,-1
498,MIXED,Speaker 6,False,13:32,812,"I guess maybe just to peel one more layer back to exactly [NAME]'s question is like, is the intention here for us to give kind of like very tactical quick wins that could be changed? Or and or like more structural things, like if you're kind of stepping back and doing like a strategy refresh, it sounds like in a kind of multi year period, like, I feel like some of the comments I can give are like, let's like reframe maybe But like, I think it's kind of like, you know, USAID has been dismantled. So I think the MPAID needs to structurally change. And that's not a tactical thing.","I guess maybe just to peel one more layer back to exactly 's question is like, is the intention here for us to give kind of like very tactical quick wins that could be changed? Or and or like more structural things, like if you're kind of stepping back and doing like a strategy refresh, it sounds like in a kind of multi year period, like, I feel like some of the comments I can give are like, let's like reframe maybe But like, I think it's kind of like, you know, USAID has been dismantled. So I think the MPAID needs to structurally change. And that's not a tactical thing.",111,19.88387,5.2928667,16
502,MIXED,Speaker 6,False,14:57,897,for sure no it's just to help guide like my own comments yeah and we have we have a few different,for sure no it's just to help guide like my own comments yeah and we have we have a few different,21,18.181238,1.3050475,-1
504,MIXED,Speaker 8,False,15:21,921,join a concurrent degree group?,join a concurrent degree group?,5,21.018816,1.159445,-1
506,MIXED,Speaker 8,False,15:24,924,"Cool. Yes. But there's presumably like an MPP and an MPA. Okay, cool.","Cool. Yes. But there's presumably like an MPP and an MPA. Okay, cool.",13,20.209105,5.675002,16
510,MIXED,Speaker 6,False,15:55,955,"No, thank you so much. I appreciate you being here. Yeah, no, I personally really appreciate this opportunity, so I'm happy to not have anonymized feedback and come to follow-up meetings if you need, since I'm not on payroll. So I can be blind.","No, thank you so much. I appreciate you being here. Yeah, no, I personally really appreciate this opportunity, so I'm happy to not have anonymized feedback and come to follow-up meetings if you need, since I'm not on payroll. So I can be blind.",44,17.383183,0.18507174,4
512,MIXED,Speaker 7,False,16:23,983,"Okay. My name's [NAME]. My hometown is [NAME], [NAME].","Okay. My name's . My hometown is , .",9,15.678567,1.1137077,3
513,MIXED,Speaker 6,False,16:27,987,"[NAME], [NAME] [NAME], [NAME]. [NAME], [NAME] [NAME], [NAME]. [NAME], [NAME], [NAME].",", , . , , . , , .",9,16.408358,1.2618736,4
515,MIXED,Speaker 6,False,16:46,1006,Not to be confused with [NAME]. All the others.,Not to be confused with . All the others.,9,17.762188,1.009146,-1
517,MIXED,Speaker 5,False,17:24,1044,Good. Good. I missed the first one.,Good. Good. I missed the first one.,7,17.27328,1.1371056,4
522,MIXED,Speaker 5,False,17:39,1059,"That's what it's like good on balance. Components that have been good in general, but I feel like that's kind of a blind word. I've had some good experiences, some incredible experiences, some like, wow, that was a great class experiences. And then someone that were just more meh, more like, okay. So good on balance.","That's what it's like good on balance. Components that have been good in general, but I feel like that's kind of a blind word. I've had some good experiences, some incredible experiences, some like, wow, that was a great class experiences. And then someone that were just more meh, more like, okay. So good on balance.",56,19.626225,2.7094152,-1
526,MIXED,Speaker 6,False,18:05,1085,"I would say good on balance, but I think to help, like, from my perspective, where there's kind of variance.","I would say good on balance, but I think to help, like, from my perspective, where there's kind of variance.",20,19.302496,2.338474,-1
528,MIXED,Speaker 6,False,18:14,1094,"But it could be also bad. So it's in the sense that, like, the experience across different classrooms and across different mixtures of programs and students, like, sometimes the, like, variance is negative. And so it's, like, when you go to an HBS class, like, it's pretty much the same thing in every room because there's a pedagogy, there's, like, a norms that are set. and like because every HKS professor can basically do what they want there's variance in the experience","But it could be also bad. So it's in the sense that, like, the experience across different classrooms and across different mixtures of programs and students, like, sometimes the, like, variance is negative. And so it's, like, when you go to an HBS class, like, it's pretty much the same thing in every room because there's a pedagogy, there's, like, a norms that are set. and like because every HKS professor can basically do what they want there's variance in the experience",82,19.97595,2.5444984,-1
530,MIXED,Speaker 6,False,18:54,1134,this group yeah but that's why it's like so I mean because I have electives and I'm choosing my classes,this group yeah but that's why it's like so I mean because I have electives and I'm choosing my classes,20,21.017935,1.1096947,-1
532,MIXED,Speaker 8,False,19:07,1147,"I really, I'll plus one [NAME] and plus one the good with variance. I would say diverse, parentheses good, and disunified, parentheses bad, which are two sides of the same coin.","I really, I'll plus one and plus one the good with variance. I would say diverse, parentheses good, and disunified, parentheses bad, which are two sides of the same coin.",30,19.009933,2.3590655,-1
534,MIXED,Speaker 7,False,19:37,1177,okay yes okay so plus one on the good on balance as an MPA I feel the disunified part because unless you're thoughtful and you don't get really much support in developing your course curriculum it doesn't necessarily feel like the courses you take sort of flow into one another or build in a meaningful way unless you're really thoughtful about it and then also disjointed maybe disjointed yeah um and then the last thing that i'll add is classes too large um and the class sizes are too,okay yes okay so plus one on the good on balance as an MPA I feel the disunified part because unless you're thoughtful and you don't get really much support in developing your course curriculum it doesn't necessarily feel like the courses you take sort of flow into one another or build in a meaningful way unless you're really thoughtful about it and then also disjointed maybe disjointed yeah um and then the last thing that i'll add is classes too large um and the class sizes are too,89,20.47362,5.2188697,16
536,MIXED,Speaker 4,False,20:17,1217,yeah i thought it was kind of like you we could do different words yeah and i was definitely thinking like there are classes that i've really liked but there's also ones that i've had like so much boredom in and like so i was just throwing yes the first word that came to mind and maybe i was thinking of a specific class but uh around like the there is balance but there isn't yeah there isn't like a unified or like very much like what he was saying like in hbs it feels like not that all the classes are like that or that i have enough of a sample but it feels like they're more of a methodology and here it really is professor dependent okay and student dependent too and because the students are all a mix of everything you don't actually know what you're gonna get yeah okay so It's hard to know. This uncertainty. Uncertainty. Yes. Yes. Like you never know what you're going to get.,yeah i thought it was kind of like you we could do different words yeah and i was definitely thinking like there are classes that i've really liked but there's also ones that i've had like so much boredom in and like so i was just throwing yes the first word that came to mind and maybe i was thinking of a specific class but uh around like the there is balance but there isn't yeah there isn't like a unified or like very much like what he was saying like in hbs it feels like not that all the classes are like that or that i have enough of a sample but it feels like they're more of a methodology and here it really is professor dependent okay and student dependent too and because the students are all a mix of everything you don't actually know what you're gonna get yeah okay so It's hard to know. This uncertainty. Uncertainty. Yes. Yes. Like you never know what you're going to get.,172,21.519209,3.0494692,-1
537,MIXED,Speaker 6,False,21:04,1264,"Which can be a good thing. And also it's part of the reason I'm doing a joint degree is like I wanted that kind of disjointed experience compared to HBS, which is too rigid.","Which can be a good thing. And also it's part of the reason I'm doing a joint degree is like I wanted that kind of disjointed experience compared to HBS, which is too rigid.",34,19.628918,3.4498885,-1
539,MIXED,Speaker 6,False,21:15,1275,But I do think that it's important to note the disjointedness because that can be bad.,But I do think that it's important to note the disjointedness because that can be bad.,16,18.782322,2.270628,0
541,MIXED,Speaker 5,False,22:17,1337,"Yeah, I'm happy to take this one. Like, classes should start on time. Teachers should be ready like five to ten minutes before. and people should walk in. The norm should be that everyone is on time. The norm is that people aren't on their laptops in the back. Like, and maybe I sound like super old school on this, but like, I think less than 25% of the people that are on their computers in a [NAME] [NAME] class are actually taking notes. The most of them are doing some other thing, and it's just incredibly unprofessional. And that like acknowledgement that that's okay by the professors, I think just creates a dynamic that you don't want in the classroom. When I show up, I show up prepared, and I'm here for like 75 minutes to try and get a little bit better. Like, if you're not there for that reason, like, don't come. And the last thing that I would say, too, is that, like, if things are done on time, they should end on time. And one of the last points, at HBS, it's expected that you read no more than 20 pages for that class. The cases normally are like 10 pages. And then you can kind of glaze over the annexes. But you're going to be held account for reading those pages. The [NAME] [NAME], most classes, you're going to get like 50 or 60 pages of reading for one class. And you're going to be held to account for none of it. That needs to flip drastically. Like assign reasonable readings or say like summarize these in your AI chat box that you're using. But then hold them accountable for what they're supposed to do. because then the people that are doing that work and showing up at class, and then they get worse grades than the kids that they know didn't read a single thing. That just erodes all of the structure of how the educational call to social compact should be. I'll get off my soapbox. Yeah, that was great.","Yeah, I'm happy to take this one. Like, classes should start on time. Teachers should be ready like five to ten minutes before. and people should walk in. The norm should be that everyone is on time. The norm is that people aren't on their laptops in the back. Like, and maybe I sound like super old school on this, but like, I think less than 25% of the people that are on their computers in a class are actually taking notes. The most of them are doing some other thing, and it's just incredibly unprofessional. And that like acknowledgement that that's okay by the professors, I think just creates a dynamic that you don't want in the classroom. When I show up, I show up prepared, and I'm here for like 75 minutes to try and get a little bit better. Like, if you're not there for that reason, like, don't come. And the last thing that I would say, too, is that, like, if things are done on time, they should end on time. And one of the last points, at HBS, it's expected that you read no more than 20 pages for that class. The cases normally are like 10 pages. And then you can kind of glaze over the annexes. But you're going to be held account for reading those pages. The , most classes, you're going to get like 50 or 60 pages of reading for one class. And you're going to be held to account for none of it. That needs to flip drastically. Like assign reasonable readings or say like summarize these in your AI chat box that you're using. But then hold them accountable for what they're supposed to do. because then the people that are doing that work and showing up at class, and then they get worse grades than the kids that they know didn't read a single thing. That just erodes all of the structure of how the educational call to social compact should be. I'll get off my soapbox. Yeah, that was great.",345,21.908762,0.82607454,8
542,MIXED,Speaker 8,False,24:07:00,86820,I feel like we can pack up. Yeah.,I feel like we can pack up. Yeah.,8,16.887741,1.7915218,4
544,MIXED,Speaker 5,False,24:21:00,87660,"Unfortunately, it might be a sizable, but it's a sizable minority that show up prepared and doing the right thing, and that's frustrating.","Unfortunately, it might be a sizable, but it's a sizable minority that show up prepared and doing the right thing, and that's frustrating.",23,20.107857,1.4487255,14
546,MIXED,Speaker 5,False,24:32:00,88320,How many classes do you feel like that describes your HBS?,How many classes do you feel like that describes your HBS?,11,19.845682,3.0356238,14
548,MIXED,Speaker 5,False,24:37:00,88620,"The HBS class we took here. Very little exception. The one I will shout, [NAME] [NAME]'s AI policy, class or cyber policy class the module in the fall he said he's like look I'm this I'm gonna run it if you don't come I'm not gonna knock you for participation but if you're here like we're going to get something out of it and if you're just taking this class to write a final paper you're gonna write a final paper and I'm telling you you're probably gonna get a B but if that's what you want to do like go for it and I just respected his realism and how he structured it but for every","The HBS class we took here. Very little exception. The one I will shout, 's AI policy, class or cyber policy class the module in the fall he said he's like look I'm this I'm gonna run it if you don't come I'm not gonna knock you for participation but if you're here like we're going to get something out of it and if you're just taking this class to write a final paper you're gonna write a final paper and I'm telling you you're probably gonna get a B but if that's what you want to do like go for it and I just respected his realism and how he structured it but for every",116,19.983011,4.3042884,-1
549,MIXED,Speaker 4,False,25:11:00,90660,other class I think that probably describes it I have a question what does HBS do but I'm in a But I don't actually know if it's like a social norm that people aren't using their laptops or their phones or they are,other class I think that probably describes it I have a question what does HBS do but I'm in a But I don't actually know if it's like a social norm that people aren't using their laptops or their phones or they are,43,19.918968,-0.08919303,1
550,MIXED,Speaker 1,False,25:24:00,91440,School policy. No technology in the classroom.,School policy. No technology in the classroom.,7,20.589363,0.41004372,-1
551,MIXED,Speaker 4,False,25:26:00,91560,"Yeah, but that's the same school policy here. And professors actually, I'm saying this is someone who will use my phone, despite a professor saying, """"Don't use your phone."""" [NAME], I'm just being very honest. But I don't do it at HBS because I feel like it's a social norm.","Yeah, but that's the same school policy here. And professors actually, I'm saying this is someone who will use my phone, despite a professor saying, """"Don't use your phone."""" , I'm just being very honest. But I don't do it at HBS because I feel like it's a social norm.",50,19.966927,-0.21265146,1
552,MIXED,Speaker 6,False,25:40:00,92400,"I mean, I use my phone at HBS, but like the standard rule is like no technology. and so it feels I don't think that that's the rule they say it but they don't enforce it so like it is enforced because like the scribe or if the professor sees it the professor will like","I mean, I use my phone at HBS, but like the standard rule is like no technology. and so it feels I don't think that that's the rule they say it but they don't enforce it so like it is enforced because like the scribe or if the professor sees it the professor will like",55,19.95133,-0.29864395,1
553,MIXED,Speaker 1,False,25:59:00,93540,make a comment kind of to this like calling out,make a comment kind of to this like calling out,10,20.47656,-0.4284121,5
554,MIXED,Speaker 6,False,26:01:00,93660,behavior but if you have half of your,behavior but if you have half of your,8,18.764069,0.3505567,-1
555,MIXED,Speaker 5,False,26:03:00,93780,"greatest participation and you have someone in the classroom who is annotating everything that's said all the time the scribe will annotate like hey [NAME] showed up later [NAME] on her phone and guess what even if you talked zero points that day and that can matter because you're trying, you're not getting in every class. Yeah. So that's like a hold on.","greatest participation and you have someone in the classroom who is annotating everything that's said all the time the scribe will annotate like hey showed up later on her phone and guess what even if you talked zero points that day and that can matter because you're trying, you're not getting in every class. Yeah. So that's like a hold on.",61,20.001234,0.9765615,13
556,MIXED,Speaker 6,False,26:19:00,94740,"Yeah, I think it's more of like the enforcement obviously is internalized by the culture and the social norms by the students at HBS, but like professors aren't afraid to enforce rules. And I feel like here they sometimes are afraid of the students, which is interesting.","Yeah, I think it's more of like the enforcement obviously is internalized by the culture and the social norms by the students at HBS, but like professors aren't afraid to enforce rules. And I feel like here they sometimes are afraid of the students, which is interesting.",47,19.877468,-0.066728696,1
557,MIXED,Speaker 4,False,26:38:00,95880,"It's more liberal, I mean.","It's more liberal, I mean.",5,19.492626,1.7318276,0
558,MIXED,Speaker 6,False,26:41:00,96060,But why should a professor be afraid of liberal students?,But why should a professor be afraid of liberal students?,10,21.43622,1.4106239,2
559,MIXED,Speaker 4,False,26:44:00,96240,"Well, I don't think it's like the culture.","Well, I don't think it's like the culture.",8,19.420345,1.654139,0
561,MIXED,Speaker 4,False,26:47:00,96420,"Yeah, I don't mean politics. I mean, like, the culture is more.","Yeah, I don't mean politics. I mean, like, the culture is more.",12,19.505795,1.7304915,0
562,MIXED,Speaker 6,False,26:49:00,96540,"Well, I was like, fair.","Well, I was like, fair.",5,16.482224,1.4451485,4
564,MIXED,Speaker 6,False,26:51:00,96660,"For sure. But I guess, like, to your point, if there's this rule that we shouldn't be on technology, like, is it a rule? Like, it's not a rule. You know what I mean?","For sure. But I guess, like, to your point, if there's this rule that we shouldn't be on technology, like, is it a rule? Like, it's not a rule. You know what I mean?",34,19.81935,-0.3898169,1
565,MIXED,Speaker 4,False,26:57:00,97020,"I feel like most of my process. The reason why I'm asking is because, ultimately, I guess it's like, what do we do with it? And I think [NAME] had something similar, where, like, if you would use your phone, like, you would get an email. And you would get an email by the TA or whatever. like it was like your classmate right being like you were on your phone today right and like says that you will get the ta at hbs oh i do uh stanford business school okay thank you so they will do something like that i know every class but they will call you out yeah so and they'll say like next time i will ask you to leave the class so then it really is like okay and i feel like yeah we shouldn't be children but ultimately i think we just are and that's just the nature of it that I myself see like I will get distracted on my phone or my laptop if I feel like there's just too many other people doing the same thing","I feel like most of my process. The reason why I'm asking is because, ultimately, I guess it's like, what do we do with it? And I think had something similar, where, like, if you would use your phone, like, you would get an email. And you would get an email by the TA or whatever. like it was like your classmate right being like you were on your phone today right and like says that you will get the ta at hbs oh i do uh stanford business school okay thank you so they will do something like that i know every class but they will call you out yeah so and they'll say like next time i will ask you to leave the class so then it really is like okay and i feel like yeah we shouldn't be children but ultimately i think we just are and that's just the nature of it that I myself see like I will get distracted on my phone or my laptop if I feel like there's just too many other people doing the same thing",185,20.330002,-0.20936438,5
566,MIXED,Speaker 8,False,27:48:00,100080,I'm taking a class with a notoriously frictional professor here who like calls people out whatever on all sorts of things you know whatever but they just yesterday people were clearly on their phone and they were like I know when you're on your phone I can see when you're on your phone but I don't think that anything happened of that like they didn't say [NAME] get off your phone like and maybe that'll happen later but there was sort of a dean just sort of whispered under his breath i feel like professors do enforce it and i kind of agree with the dean and that like professors all say no phones and they say it a lot but then i don't know what that enforcement mechanism is and i haven't seen it in practice,I'm taking a class with a notoriously frictional professor here who like calls people out whatever on all sorts of things you know whatever but they just yesterday people were clearly on their phone and they were like I know when you're on your phone I can see when you're on your phone but I don't think that anything happened of that like they didn't say get off your phone like and maybe that'll happen later but there was sort of a dean just sort of whispered under his breath i feel like professors do enforce it and i kind of agree with the dean and that like professors all say no phones and they say it a lot but then i don't know what that enforcement mechanism is and i haven't seen it in practice,136,20.101728,-0.26559186,1
567,MIXED,Speaker 4,False,28:28:00,102480,i think the difference is because i even see professors saying that when there's like three people on their laptop like remember like only if you have an accommodation and they're still on their laptop and they're like and i think there might be something around just for like brainstorming actually calling a person out either yeah this this school might be very like like what i call liberal and don't don't want to call like a person out in front of everyone but even sending them an email and having like not the professor focus in that but the ta like because there are ta's in,i think the difference is because i even see professors saying that when there's like three people on their laptop like remember like only if you have an accommodation and they're still on their laptop and they're like and i think there might be something around just for like brainstorming actually calling a person out either yeah this this school might be very like like what i call liberal and don't don't want to call like a person out in front of everyone but even sending them an email and having like not the professor focus in that but the ta like because there are ta's in,107,20.517021,1.3532144,-1
568,MIXED,Speaker 6,False,28:59:00,104340,"every class usually and they're taking attendance or taking participation in the same way the scribe is doing that at HBS. And so, yeah, I've also gotten emails, like your point about professors, like they'll be like, I saw you on technology or like, I'm not sure if you were, and it kind of scares you. But I think to add to this broader professionalism discussion, one thing that I think is really important that I see it as a actual problem here is like having students know like what's a valuable comment or question in class versus what is like actually not valuable or potentially detracting. No, I think it's like you shouldn't ask, like you shouldn't ask a question or make a comment to like take up space in a classroom. And I really think like MCMPAs do that. And it's like, we're not trying to like have a discussion about your experience in the middle of a lecture. So it's like time and place. And so I think like, because people feel like participation is a grade that they have to speak but if you don't actually have something to add or say or push the conversation correctly like I think there is a way to like make it clear what is like a better question versus not and I've seen professors here handle questions that are like oh like that is like not something we're going into right now but sometimes like professors just go with it and it's like or just like let them go on and on and like I've seen professors at HBS kind of like","every class usually and they're taking attendance or taking participation in the same way the scribe is doing that at HBS. And so, yeah, I've also gotten emails, like your point about professors, like they'll be like, I saw you on technology or like, I'm not sure if you were, and it kind of scares you. But I think to add to this broader professionalism discussion, one thing that I think is really important that I see it as a actual problem here is like having students know like what's a valuable comment or question in class versus what is like actually not valuable or potentially detracting. No, I think it's like you shouldn't ask, like you shouldn't ask a question or make a comment to like take up space in a classroom. And I really think like MCMPAs do that. And it's like, we're not trying to like have a discussion about your experience in the middle of a lecture. So it's like time and place. And so I think like, because people feel like participation is a grade that they have to speak but if you don't actually have something to add or say or push the conversation correctly like I think there is a way to like make it clear what is like a better question versus not and I've seen professors here handle questions that are like oh like that is like not something we're going into right now but sometimes like professors just go with it and it's like or just like let them go on and on and like I've seen professors at HBS kind of like",273,19.987625,0.79234964,13
570,MIXED,Speaker 7,False,30:44:00,110640,"in a way that brings the learning forward. It goes back to the classes being way too big because I've taken classes here that are 80 people, 90 people, and then you have a 40 to 50 percent participation grade and you can't, so people feel like they need to talk, but you can't have a conversation amongst a hundred people. Um, and you certainly can't have a generative one. You can only have the most one comments in that class and that doesn't, does generate a conversation. So I think if you're going to have classes that large, you can't have a sizable participation grade","in a way that brings the learning forward. It goes back to the classes being way too big because I've taken classes here that are 80 people, 90 people, and then you have a 40 to 50 percent participation grade and you can't, so people feel like they need to talk, but you can't have a conversation amongst a hundred people. Um, and you certainly can't have a generative one. You can only have the most one comments in that class and that doesn't, does generate a conversation. So I think if you're going to have classes that large, you can't have a sizable participation grade",106,20.112957,0.8614332,13
572,MIXED,Speaker 7,False,31:34:00,113640,"if you're having a class that large, that's a lecture. That's not a discussion-based class. Okay. And that's going back to my, you know, undergrad experience. I went to [NAME] [NAME]. My largest class size ever was like 20 people. That, you can have a conversation, but you can't try and force a conversation with 85 people. I've never seen a good conversation come from that at HKS. So if you're going to have, leave that to the smaller class sizes.","if you're having a class that large, that's a lecture. That's not a discussion-based class. Okay. And that's going back to my, you know, undergrad experience. I went to . My largest class size ever was like 20 people. That, you can have a conversation, but you can't try and force a conversation with 85 people. I've never seen a good conversation come from that at HKS. So if you're going to have, leave that to the smaller class sizes.",80,19.73862,0.6516394,13
573,MIXED,Speaker 1,False,32:01:00,115260,That's sort of my belief.,That's sort of my belief.,5,18.332754,2.2096744,0
574,MIXED,Speaker 6,False,32:03:00,115380,"I don't know. Or make the whole class for that day a discussion, like how it is at HBS, where everyone knows, like I have one comment, we know what we're talking about, because when it is an 80 or 90 person class with a 50 participation requirement or part of the grade but it's a lecture and so then people are like I have to get in because it's like well it's actually a lecture so they shouldn't have 50 participation or if it is a large discussion class the professor should facilitate a discussion and not take up space themselves because again like it comes back to this disjointed and what is the expectation because I think like students will be more professional if the norms and expectations are communicated up front by professors, even on a daily change, if the classroom structure is like today, the discussion versus a lecture. So just like be conscious of how you ask or make comments, given that.","I don't know. Or make the whole class for that day a discussion, like how it is at HBS, where everyone knows, like I have one comment, we know what we're talking about, because when it is an 80 or 90 person class with a 50 participation requirement or part of the grade but it's a lecture and so then people are like I have to get in because it's like well it's actually a lecture so they shouldn't have 50 participation or if it is a large discussion class the professor should facilitate a discussion and not take up space themselves because again like it comes back to this disjointed and what is the expectation because I think like students will be more professional if the norms and expectations are communicated up front by professors, even on a daily change, if the classroom structure is like today, the discussion versus a lecture. So just like be conscious of how you ask or make comments, given that.",167,20.013489,0.70340204,13
576,MIXED,Speaker 5,False,33:35:00,120900,"It's as simple. Like the first day, and this is like a very effective thing, and it sounds like super military, but it is. Like on the first day of class, if someone walks in late, the teacher should look at that person and say, this is your warning, this is your shopping class. If you're going to take this class, you're going to be on time. The next class, someone walks in, the first person who walks in late should look at them and say, get out. You're late. I'm making an example of you, but this is the norm that's going to follow. I expect you to be on time because I'm on time. Leave. And I guarantee you, it will not happen again. And that one person will not participate for one day. That's all it takes. It's just establishing that if you cross this line, there's going to be a repercussion. The problem is that most lines at the [NAME] [NAME], when you cross them, there's no repercussions. So no one respects the line.","It's as simple. Like the first day, and this is like a very effective thing, and it sounds like super military, but it is. Like on the first day of class, if someone walks in late, the teacher should look at that person and say, this is your warning, this is your shopping class. If you're going to take this class, you're going to be on time. The next class, someone walks in, the first person who walks in late should look at them and say, get out. You're late. I'm making an example of you, but this is the norm that's going to follow. I expect you to be on time because I'm on time. Leave. And I guarantee you, it will not happen again. And that one person will not participate for one day. That's all it takes. It's just establishing that if you cross this line, there's going to be a repercussion. The problem is that most lines at the , when you cross them, there's no repercussions. So no one respects the line.",177,21.60897,0.27359548,8
577,MIXED,Speaker 8,False,34:23:00,123780,"A version of that, which is less military, although I love it, I support it, is one of the classes I'm in this semester. I would say probably on the first day of class, it was on [NAME], whatever. second day of class um i would say probably 20 people came in late within the first 10 minutes it's like a 60 person class but like normally like hks everyone's coming in late all the time and for each person who came in late the professor said good morning welcome class starts at 9 a.m and then waited until they sat down and started yeah and that started here to do that yeah i was thinking about that yeah i was like i think and it basically everyone wanted to clearly curl up and","A version of that, which is less military, although I love it, I support it, is one of the classes I'm in this semester. I would say probably on the first day of class, it was on , whatever. second day of class um i would say probably 20 people came in late within the first 10 minutes it's like a 60 person class but like normally like hks everyone's coming in late all the time and for each person who came in late the professor said good morning welcome class starts at 9 a.m and then waited until they sat down and started yeah and that started here to do that yeah i was thinking about that yeah i was like i think and it basically everyone wanted to clearly curl up and",134,21.3829,0.69205725,8
578,MIXED,Speaker 6,False,35:02:00,126120,died and then it never happened again yeah and so i feel like [NAME] is like if some professors want to do that they can i just i think those professors here wouldn't want to do that but i've seen like danny roderick do that i've seen limor daphne do that and it's awkward and it's awkward and then people feel better about like or people feel like i should actually come on time but also it doesn't like punish people who's like their train got delayed which is like why they're walking in late sometimes but like i think when the line is established to [NAME]'s point like early you won't,died and then it never happened again yeah and so i feel like is like if some professors want to do that they can i just i think those professors here wouldn't want to do that but i've seen like danny roderick do that i've seen limor daphne do that and it's awkward and it's awkward and then people feel better about like or people feel like i should actually come on time but also it doesn't like punish people who's like their train got delayed which is like why they're walking in late sometimes but like i think when the line is established to 's point like early you won't,111,21.56655,0.027236326,8
579,MIXED,Speaker 8,False,35:34:00,128040,see 20 people coming in late you'll only see the like a rare occasion and now every class we have,see 20 people coming in late you'll only see the like a rare occasion and now every class we have,20,21.24094,0.6707407,-1
580,MIXED,Speaker 6,False,35:38:00,128280,"like one person and they always say i'm really sorry yeah and it's like whether you stop class and kind of look and say welcome please don't be late again or they don't feel comfortable and would rather like send an email it's like actually saying you've crossed the line please don't do it again is that there's no, like to [NAME]' point, like there's no, like there is no consequence today. So it kind of doesn't make the rules like relevant.","like one person and they always say i'm really sorry yeah and it's like whether you stop class and kind of look and say welcome please don't be late again or they don't feel comfortable and would rather like send an email it's like actually saying you've crossed the line please don't do it again is that there's no, like to ' point, like there's no, like there is no consequence today. So it kind of doesn't make the rules like relevant.",82,21.352577,-0.16985579,8
581,MIXED,Speaker 8,False,36:07:00,130020,"On, I'm happy to keep talking about this. The other thing, I feel like this is classroom management is sort of as a professionalism in class. The other part of professionalism in class, which I think [NAME] is the only person who's talked about so far is professors professionalism. And I think it's generally better than student professionalism because they're the professors. But it's not perfect. And the main thing is I think that building off of what you said about do I feel like I'm learning something and growing and improving and it's all building a degree together. I do feel like professors need to have some pedagogical review where they say, here's why I'm teaching this, and here's why I'm assigning these readings, and here's what the point of this class is. Because I've now taken a handful of classes that have been going for years and years and years. I mean, just with sort of HKS.","On, I'm happy to keep talking about this. The other thing, I feel like this is classroom management is sort of as a professionalism in class. The other part of professionalism in class, which I think is the only person who's talked about so far is professors professionalism. And I think it's generally better than student professionalism because they're the professors. But it's not perfect. And the main thing is I think that building off of what you said about do I feel like I'm learning something and growing and improving and it's all building a degree together. I do feel like professors need to have some pedagogical review where they say, here's why I'm teaching this, and here's why I'm assigning these readings, and here's what the point of this class is. Because I've now taken a handful of classes that have been going for years and years and years. I mean, just with sort of HKS.",158,21.21907,2.7327404,6
582,MIXED,Speaker 1,False,37:02:00,133320,Guys who are just around.,Guys who are just around.,5,20.281363,0.41698173,-1
583,MIXED,Speaker 6,False,37:03:00,133380,"This is touching on me being like the MPAID needs to be rethought, because some of these classes have not been restructured in 25 years.","This is touching on me being like the MPAID needs to be rethought, because some of these classes have not been restructured in 25 years.",25,20.285625,5.221672,16
585,MIXED,Speaker 8,False,37:32:00,135120,"Yeah, I would say both. I would say there's a smaller subset of classes that I think actually don't really make sense. And they've just been going for years. And either it's because of an MPAD thing or this guy's been teaching this for 50 years and everyone just sort of lets him teach it. Or the professor's not very good. Or the class should be a half semester instead of a full semester. Just sort of stuff. I think there's a broader issue. And this, I think, gets to sort of the classroom management. like why do people show up to HKS classes question, which is professors saying, here's why we're learning this and here's what we're building towards that oftentimes is not clear. Maybe the majority of time is not clear. And I've taken a lot of classes that I liked but are just sort of like classes that I've taken as opposed to like clear parts of an understanding I have of something that makes public administration.","Yeah, I would say both. I would say there's a smaller subset of classes that I think actually don't really make sense. And they've just been going for years. And either it's because of an MPAD thing or this guy's been teaching this for 50 years and everyone just sort of lets him teach it. Or the professor's not very good. Or the class should be a half semester instead of a full semester. Just sort of stuff. I think there's a broader issue. And this, I think, gets to sort of the classroom management. like why do people show up to HKS classes question, which is professors saying, here's why we're learning this and here's what we're building towards that oftentimes is not clear. Maybe the majority of time is not clear. And I've taken a lot of classes that I liked but are just sort of like classes that I've taken as opposed to like clear parts of an understanding I have of something that makes public administration.",170,21.098429,2.833788,6
587,MIXED,Speaker 6,False,38:35:00,138900,"A hundred percent. And I think that's key because a lot of times at HKS, like the TF or the CA or the review at the end for the final, it's like big picture. Like what have we done? And I'm like, wow, like if this had been given to me at the front end, it would have made everything come together more because it's, it's, it's literally sometimes the professor has been teaching it for so long and it's so set in their ways. and there isn't necessarily a forcing mechanism of pedagogical review by other professors. Because I think, I mean, at HBS, they have professors watch other professors teach. And it doesn't matter their tenure. Because, like, I think sometimes there can be good, like, critiques coming from, you know, professors and not in a way that's like, I'm stepping on your toes. But it's like they don't step back and see that it's confusing to everyone else, but the professor who's been teaching it for 25 years, because there is no kind of, here's the upfront intention. And I think part of the intentionality is also setting these norms and rules from the beginning and setting the petrographical style. I feel like at HBS, there's always professor, it's not every professor, but there will always be professors who write the agenda on the board at the start of class and like refer to it and it's just like i i have no idea what i'm walking into at most hks classes unless i know the professor themselves is like a very structured linear person how about","A hundred percent. And I think that's key because a lot of times at HKS, like the TF or the CA or the review at the end for the final, it's like big picture. Like what have we done? And I'm like, wow, like if this had been given to me at the front end, it would have made everything come together more because it's, it's, it's literally sometimes the professor has been teaching it for so long and it's so set in their ways. and there isn't necessarily a forcing mechanism of pedagogical review by other professors. Because I think, I mean, at HBS, they have professors watch other professors teach. And it doesn't matter their tenure. Because, like, I think sometimes there can be good, like, critiques coming from, you know, professors and not in a way that's like, I'm stepping on your toes. But it's like they don't step back and see that it's confusing to everyone else, but the professor who's been teaching it for 25 years, because there is no kind of, here's the upfront intention. And I think part of the intentionality is also setting these norms and rules from the beginning and setting the petrographical style. I feel like at HBS, there's always professor, it's not every professor, but there will always be professors who write the agenda on the board at the start of class and like refer to it and it's just like i i have no idea what i'm walking into at most hks classes unless i know the professor themselves is like a very structured linear person how about",270,22.255129,2.560779,9
589,MIXED,Speaker 4,False,40:09:00,144540,"know if this is precisely um what i i don't know if it's like as relevant but i'm thinking of our program more than like the programs all together i think it's hard to have intentionality when you don't have any core um and that's more for like mpas i think all of our courses are like this compared to you guys at least you have a core for a while and then yes you get some of these courses that are like maybe all over the place but i think for us it's really hard to design like we don't even have like that kind of like coaching or guidance to design a program that fits our needs um i think some of us might come with more like a clearer idea of like what they want to do in life and i'm gonna focus on i don't know this like this particular track and then i'm gonna find all these classes that align but from my experience most people might say in their essays that they know where they're going but most people actually don't know where they're going and they end up with like a hodgepodge of classes that don't really align in any way. And I think it's just, it's an education, but I don't know, me and [NAME] and [NAME] probably have had very different experiences, and we come out with the same degree not knowing any, to be honest, just not knowing what public administration even is, or like what are the foundations of it. Like what do we share in common? I have no idea.","know if this is precisely um what i i don't know if it's like as relevant but i'm thinking of our program more than like the programs all together i think it's hard to have intentionality when you don't have any core um and that's more for like mpas i think all of our courses are like this compared to you guys at least you have a core for a while and then yes you get some of these courses that are like maybe all over the place but i think for us it's really hard to design like we don't even have like that kind of like coaching or guidance to design a program that fits our needs um i think some of us might come with more like a clearer idea of like what they want to do in life and i'm gonna focus on i don't know this like this particular track and then i'm gonna find all these classes that align but from my experience most people might say in their essays that they know where they're going but most people actually don't know where they're going and they end up with like a hodgepodge of classes that don't really align in any way. And I think it's just, it's an education, but I don't know, me and and probably have had very different experiences, and we come out with the same degree not knowing any, to be honest, just not knowing what public administration even is, or like what are the foundations of it. Like what do we share in common? I have no idea.",270,20.378227,4.840999,16
590,MIXED,Speaker 8,False,41:37:00,149820,"Well, I actually don't think that any of the three of us have had a class together. No.","Well, I actually don't think that any of the three of us have had a class together. No.",18,19.816727,2.13847,14
591,MIXED,Speaker 4,False,41:40:00,150000,"That's my point. It's crazy. Like, our experiences have been very different. Well, it's not...","That's my point. It's crazy. Like, our experiences have been very different. Well, it's not...",15,18.850016,1.9063942,0
592,MIXED,Speaker 7,False,41:45:00,150300,"I don't actually know how the degree is teaching public administration. No, they're not. Because I think in every other school, the MPA has a specific curriculum, to some extent, that relates to public administration. But, I mean, part of the reason I chose the degree in the first place was because of the freedom it offered, and because I had a concurrent degree. But at the same time, I don't know if I can say I am a public administration professional.","I don't actually know how the degree is teaching public administration. No, they're not. Because I think in every other school, the MPA has a specific curriculum, to some extent, that relates to public administration. But, I mean, part of the reason I chose the degree in the first place was because of the freedom it offered, and because I had a concurrent degree. But at the same time, I don't know if I can say I am a public administration professional.",82,20.599743,5.3929987,16
593,MIXED,Speaker 8,False,42:09:00,151740,"Yeah, something we talked about with [NAME] [NAME] in last semester with some of the dual degree students was, and I'd be interested how you guys felt about this, [NAME] and [NAME], but was having either one semester class or one year long And then like, you know. What is it? Yeah, whatever. I'll do it. And so, and there's some, in that context, there was a discussion about that being a social issue, like, you know, seeing people in our cohort, like half of them we've never seen since orientation. But I think in this case, it also works towards a pedagogical one, which is like, if you're going to graduate with something, at least there's one class or one year long thing that you've done together.","Yeah, something we talked about with in last semester with some of the dual degree students was, and I'd be interested how you guys felt about this, and , but was having either one semester class or one year long And then like, you know. What is it? Yeah, whatever. I'll do it. And so, and there's some, in that context, there was a discussion about that being a social issue, like, you know, seeing people in our cohort, like half of them we've never seen since orientation. But I think in this case, it also works towards a pedagogical one, which is like, if you're going to graduate with something, at least there's one class or one year long thing that you've done together.",125,20.429634,2.9742353,-1
594,MIXED,Speaker 6,False,42:53:00,154380,"I don't know if you guys like that. I mean, like, I'm coming at this from talking about intentionality in a specific course or in a day of a classroom because like we have too much core. So it's kind of the opposite of the problem. So like I think that my degree feels very intentional. I know exactly like what I'm doing. I think any graduate of the MPAID has like a core toolkit that they're taking. And it feels very professionalized. So I think like there should definitely be at least a class for the MPA, not just for pedagogical intention, but for social cohesion.","I don't know if you guys like that. I mean, like, I'm coming at this from talking about intentionality in a specific course or in a day of a classroom because like we have too much core. So it's kind of the opposite of the problem. So like I think that my degree feels very intentional. I know exactly like what I'm doing. I think any graduate of the MPAID has like a core toolkit that they're taking. And it feels very professionalized. So I think like there should definitely be at least a class for the MPA, not just for pedagogical intention, but for social cohesion.",107,20.400982,5.3288746,16
595,MIXED,Speaker 1,False,43:28:00,156480,"I had no idea you guys had never taken it. No, like that's kind of, it's like, I get that the point is for flexibility.","I had no idea you guys had never taken it. No, like that's kind of, it's like, I get that the point is for flexibility.",25,19.308935,3.1696563,-1
596,MIXED,Speaker 6,False,43:35:00,156900,"So you don't want to over architect it. But at the same time, like if you have no, like what, like not even one core classic, I didn't even know that. But I think like the other thing that I think we can comment on that helps like tie our experience together is like we have this joint degree class that's like facilitated by HBS and HKS together for the MPPs and MPAIDs who are joint with HBS only. And that's like for all three years. And it's, I think it's just like a really great mechanism to bring together these dualies. And so like, it doesn't have to be an MPA core, but it could be again, like, how do you bring together your MBA with your flexible MPA? Like, I just, I feel like just having one thing to put it all together would fix exactly the problems you're having.","So you don't want to over architect it. But at the same time, like if you have no, like what, like not even one core classic, I didn't even know that. But I think like the other thing that I think we can comment on that helps like tie our experience together is like we have this joint degree class that's like facilitated by HBS and HKS together for the MPPs and MPAIDs who are joint with HBS only. And that's like for all three years. And it's, I think it's just like a really great mechanism to bring together these dualies. And so like, it doesn't have to be an MPA core, but it could be again, like, how do you bring together your MBA with your flexible MPA? Like, I just, I feel like just having one thing to put it all together would fix exactly the problems you're having.",152,20.283367,5.211633,16
598,MIXED,Speaker 5,False,44:31:00,160260,"Yeah, I'm going to comment on something tangential. Okay. I had an idea, so I wrote it down. We were talking about the core. I'll talk about the MPP core. Yes. And basically, I know everyone has a thought on the MPP core, but here's what I think it should be.","Yeah, I'm going to comment on something tangential. Okay. I had an idea, so I wrote it down. We were talking about the core. I'll talk about the MPP core. Yes. And basically, I know everyone has a thought on the MPP core, but here's what I think it should be.",51,20.117672,5.601375,16
600,MIXED,Speaker 5,False,44:46:00,161160,"So the first thing I'll say is I've spent a lot of time doing research here on AI, and the biggest thing is we were talking about the lecture-based formats of these classrooms. I would just implore the school to recognize that as AI gets better, expertise is free and fast. In the user's best format, lectures will not matter. And I think a lot of the things that [NAME] was saying was that a lot of the teachers here designed the course about what they want to talk about, not about what's best for the student to learn. And so this is all part of the same shift that I'm recommending. In terms of tying it all together, I think we need to stop thinking about, especially at the MPP core and probably for the MPAID, thinking about topics and start thinking about functions. That if we were to have an end-to-end workflow of something that a government does, like what are the skills that I need, I think that's what the RC core does pretty well. The MPAID core does that. Okay. Then let me just say that for the MPP core, here's what I would recommend that it needs to shift to. There needs to be a finance and budgeting class so that the people in my HKS classes actually know what the hell it means to take an equity stake versus just provide debt. Like, it's so crazy. There should be an operations class. There should be a leadership class. There should be negotiations. We already have that. We already have micro. The second semester, you need a strategy class, like an actual strategy class. I learned more about strategy in our business school joint degree capstone than I learned in any HKS class.","So the first thing I'll say is I've spent a lot of time doing research here on AI, and the biggest thing is we were talking about the lecture-based formats of these classrooms. I would just implore the school to recognize that as AI gets better, expertise is free and fast. In the user's best format, lectures will not matter. And I think a lot of the things that was saying was that a lot of the teachers here designed the course about what they want to talk about, not about what's best for the student to learn. And so this is all part of the same shift that I'm recommending. In terms of tying it all together, I think we need to stop thinking about, especially at the MPP core and probably for the MPAID, thinking about topics and start thinking about functions. That if we were to have an end-to-end workflow of something that a government does, like what are the skills that I need, I think that's what the RC core does pretty well. The MPAID core does that. Okay. Then let me just say that for the MPP core, here's what I would recommend that it needs to shift to. There needs to be a finance and budgeting class so that the people in my HKS classes actually know what the hell it means to take an equity stake versus just provide debt. Like, it's so crazy. There should be an operations class. There should be a leadership class. There should be negotiations. We already have that. We already have micro. The second semester, you need a strategy class, like an actual strategy class. I learned more about strategy in our business school joint degree capstone than I learned in any HKS class.",297,20.27769,5.064588,16
601,MIXED,Speaker 8,False,46:12:00,166320,"And by strategy, you mean policy strategy?","And by strategy, you mean policy strategy?",7,19.66168,4.952582,-1
602,MIXED,Speaker 5,False,46:14:00,166440,"No, I mean grand strategy. I mean, how to look at it from a strategy perspective, like, it's not like our strategy, but like, hey, can you identify like diagnosis situation and why something's not working? Guiding principles, whatever. Like, why is the [NAME] strategy working and the [NAME] strategy isn't? U.S. hasn't had a U.S. grand strategy in forever. I'm not saying it needs to be grand strategy, but you should understand the components of grand strategy. Yeah. Just strategy. or like I'm going to try and reform the city council. An AI class, ethics class should stay there, macro, and then you should specialize your IGA 100, your BGP development, whatever, that should be your 100. But to answer the original question, which I think was about intentionality, my general feedback mirrors [NAME]. Like I think that was a very helpful way to tie it all together. I think that the intentionality of the [NAME] [NAME] in general should be a utilitarian perspective where like from the beginning I can say I'm taking this class because I'm going to learn this I want to develop these skills and these are important","No, I mean grand strategy. I mean, how to look at it from a strategy perspective, like, it's not like our strategy, but like, hey, can you identify like diagnosis situation and why something's not working? Guiding principles, whatever. Like, why is the strategy working and the strategy isn't? U.S. hasn't had a U.S. grand strategy in forever. I'm not saying it needs to be grand strategy, but you should understand the components of grand strategy. Yeah. Just strategy. or like I'm going to try and reform the city council. An AI class, ethics class should stay there, macro, and then you should specialize your IGA 100, your BGP development, whatever, that should be your 100. But to answer the original question, which I think was about intentionality, my general feedback mirrors . Like I think that was a very helpful way to tie it all together. I think that the intentionality of the in general should be a utilitarian perspective where like from the beginning I can say I'm taking this class because I'm going to learn this I want to develop these skills and these are important",189,19.79723,5.006213,-1
603,MIXED,Speaker 6,False,47:18:00,170280,"skills in my tool set for wherever I'm going and if you're taking a core class it should be very clear what that skill is because it sounds like that's what's missing in the MPP because like at least for my core classes I know what I'm getting out of them even if I don't want to take them and like I know what I'm getting out of my electives, but I still have my core, which I think is more of your problem. So I think like...","skills in my tool set for wherever I'm going and if you're taking a core class it should be very clear what that skill is because it sounds like that's what's missing in the MPP because like at least for my core classes I know what I'm getting out of them even if I don't want to take them and like I know what I'm getting out of my electives, but I still have my core, which I think is more of your problem. So I think like...",88,20.534996,5.119952,16
605,MIXED,Speaker 6,False,48:07:00,173220,"I think it has to do with just how the MPAID administration runs the program. So, like, we have the math camp thing in [NAME] before school starts. Like, math camp itself, like, is horrible and stupid, and that's, like, that's literally a whole other meeting. But at least in that month on campus before school starts, like, there's a lot of programming of, like, what are all your classes? and like how do they all fit together and what is the like you know development economist toolkit that you're going to be building and like it just like and it's kind of reinforced periodically by administration like every semester when we have like a welcome to the start of the semester like yeah here's how it all fits together like it's not a class right like it's there's a size","I think it has to do with just how the MPAID administration runs the program. So, like, we have the math camp thing in before school starts. Like, math camp itself, like, is horrible and stupid, and that's, like, that's literally a whole other meeting. But at least in that month on campus before school starts, like, there's a lot of programming of, like, what are all your classes? and like how do they all fit together and what is the like you know development economist toolkit that you're going to be building and like it just like and it's kind of reinforced periodically by administration like every semester when we have like a welcome to the start of the semester like yeah here's how it all fits together like it's not a class right like it's there's a size",140,20.789055,4.853647,-1
607,MIXED,Speaker 5,False,48:58:00,176280,"is? No, I think that it's just trying to it's trying to solve the wrong problem and it's not solving that problem well even though it's the wrong problem. I don't need to know how to program an R code for anything I'm ever going to do ever in my life and I don't think any public servant does either but yet we're required to take econometrics and statistics but you can place out of it so it's like also if it's required, it's required again, I'm old school But then the second part is like, I think you should have a good sense of economic understanding if you're going to write policy. But I don't need to spend six weeks doing like graphing utility curves and supply and demand curves. I need to see examples. Again, I'm a big believer it should be like a case based thing. I think it's super helpful. But like if you're going, we should be talking about why the principles that would work for local budgetary concerns and policy like on [NAME] [NAME] wouldn't work when we're talking about development finance. Like, those differences are what we need to learn. We don't need to learn the underlying economics and calculus underneath it.","is? No, I think that it's just trying to it's trying to solve the wrong problem and it's not solving that problem well even though it's the wrong problem. I don't need to know how to program an R code for anything I'm ever going to do ever in my life and I don't think any public servant does either but yet we're required to take econometrics and statistics but you can place out of it so it's like also if it's required, it's required again, I'm old school But then the second part is like, I think you should have a good sense of economic understanding if you're going to write policy. But I don't need to spend six weeks doing like graphing utility curves and supply and demand curves. I need to see examples. Again, I'm a big believer it should be like a case based thing. I think it's super helpful. But like if you're going, we should be talking about why the principles that would work for local budgetary concerns and policy like on wouldn't work when we're talking about development finance. Like, those differences are what we need to learn. We don't need to learn the underlying economics and calculus underneath it.",207,20.622458,4.725508,15
608,MIXED,Speaker 8,False,50:03:00,180180,"And I think maybe what it sounds like you're saying to me is that it is a professional degree. And it's supposed to be a professional degree. And so it should apply in a profession. And, like, there's a broader question of, like, is being a business person a profession? There's actually a lot of debate about this. Is being a public servant a profession in the same way that being a journalist or a doctor or the military is a profession? but I think that there's a degree of my girlfriend was an MPP and graduated last year from the MPP and came in having done no policy work and with an [NAME] literature major and there were classes she took that including the sort of big intro to public finance and budgeting class that were really significant to her but were not in the core and I think that sometimes the core the scapegoat argument around the MPP core is we have a lot of people from diverse backgrounds, so we can't teach them all the same things. We have to do all this one-on-one stuff, but you can do one-on-one stuff that is part of a professional","And I think maybe what it sounds like you're saying to me is that it is a professional degree. And it's supposed to be a professional degree. And so it should apply in a profession. And, like, there's a broader question of, like, is being a business person a profession? There's actually a lot of debate about this. Is being a public servant a profession in the same way that being a journalist or a doctor or the military is a profession? but I think that there's a degree of my girlfriend was an MPP and graduated last year from the MPP and came in having done no policy work and with an literature major and there were classes she took that including the sort of big intro to public finance and budgeting class that were really significant to her but were not in the core and I think that sometimes the core the scapegoat argument around the MPP core is we have a lot of people from diverse backgrounds, so we can't teach them all the same things. We have to do all this one-on-one stuff, but you can do one-on-one stuff that is part of a professional",199,20.581703,5.2459583,16
609,MIXED,Speaker 6,False,51:02:00,183720,"degree. You can also have it be during the summer because at HBS, if you don't know what a balance sheet is, you're not sitting in accounting one-on-one day one learning that. Like there's an expectation that you do the 90 hour pre-accounting course because like we're going straight into bookkeeping, bookkeeping and networking. Like you, you can't like come in with nothing, even if you aren't someone who's taken an accounting class before coming to business school. So I think if it is a graduate professional degree and like there is a need, because like I do see why you're graphing, you know, supply and demand and like you're building the building blocks of economic intuition before you can apply it to finance. But like if there are people coming in with that background and you want to have more room for this, like why can't there be an online course?","degree. You can also have it be during the summer because at HBS, if you don't know what a balance sheet is, you're not sitting in accounting one-on-one day one learning that. Like there's an expectation that you do the 90 hour pre-accounting course because like we're going straight into bookkeeping, bookkeeping and networking. Like you, you can't like come in with nothing, even if you aren't someone who's taken an accounting class before coming to business school. So I think if it is a graduate professional degree and like there is a need, because like I do see why you're graphing, you know, supply and demand and like you're building the building blocks of economic intuition before you can apply it to finance. But like if there are people coming in with that background and you want to have more room for this, like why can't there be an online course?",152,21.128614,4.433322,15
610,MIXED,Speaker 7,False,51:44:00,186240,"I don't know. I think I would sort of push back on what you said. I mean, I think professionals, people in government, people, they can do technical work. And these technical classes are useful, I think. Maybe they're not always done well or taught the way that you'd like. But I think knowing how to do economics and knowing the theory behind the economics is important in order to be a good economist, at least from my perspective. I've enjoyed a lot of the more technical components.","I don't know. I think I would sort of push back on what you said. I mean, I think professionals, people in government, people, they can do technical work. And these technical classes are useful, I think. Maybe they're not always done well or taught the way that you'd like. But I think knowing how to do economics and knowing the theory behind the economics is important in order to be a good economist, at least from my perspective. I've enjoyed a lot of the more technical components.",88,20.851898,4.4487066,15
611,MIXED,Speaker 4,False,52:11:00,187860,"I guess what I understood is I thought [NAME] was saying, like, you should come with that background already, otherwise do it during the summer.","I guess what I understood is I thought was saying, like, you should come with that background already, otherwise do it during the summer.",24,18.652822,2.947539,-1
612,MIXED,Speaker 5,False,52:17:00,188220,"advanced courses too. But if you want to be an economist, go get an economist degree. What I'm saying is five years from now, I think public policy folks and public administrators are just going to queue up [NAME] or some AI and validate their economic intuition to make sure that the numbers run well. I don't think they're going to have as much of a need for those technical capabilities. That's kind of dangerous though, I think. Well, that's a whole AI integration into our knowledge skill set conversation, which I don't know is utilitarian here. But what I'm saying is that like, to [NAME]'s point, like if you didn't take economics in college, like you have a summer course rather than the like 40 negotiations readings that I had to do. And then when we show up, we're going to start applying the principles of supply and demand. But yeah, if you need to catch up, that's fine. But I don't get the sense the majority people in my economics class for the MPP core, we're sitting there learning brand new material.","advanced courses too. But if you want to be an economist, go get an economist degree. What I'm saying is five years from now, I think public policy folks and public administrators are just going to queue up or some AI and validate their economic intuition to make sure that the numbers run well. I don't think they're going to have as much of a need for those technical capabilities. That's kind of dangerous though, I think. Well, that's a whole AI integration into our knowledge skill set conversation, which I don't know is utilitarian here. But what I'm saying is that like, to 's point, like if you didn't take economics in college, like you have a summer course rather than the like 40 negotiations readings that I had to do. And then when we show up, we're going to start applying the principles of supply and demand. But yeah, if you need to catch up, that's fine. But I don't get the sense the majority people in my economics class for the MPP core, we're sitting there learning brand new material.",183,20.680508,4.6532087,15
613,MIXED,Speaker 8,False,53:08:00,191280,"And I think maybe to a [NAME]'s point, like, I do think that R would be helpful if you're trying to be an economist, but I do think that if you go and look at the jobs that people have out of HKS, people aren't going to be economists. And I wonder how much... Other people will.","And I think maybe to a 's point, like, I do think that R would be helpful if you're trying to be an economist, but I do think that if you go and look at the jobs that people have out of HKS, people aren't going to be economists. And I wonder how much... Other people will.",57,20.757664,4.525613,15
615,MIXED,Speaker 8,False,53:25:00,192300,Yeah. I just don't know how many of the MPPs are MPAs.,Yeah. I just don't know how many of the MPPs are MPAs.,12,20.178526,5.7208934,16
616,MIXED,Speaker 5,False,53:29:00,192540,People are taking all the classes with R and using [NAME] or ChatGPT to write the code right now anyways. So that's in the class right now. So why are we even bothering with teaching them more?,People are taking all the classes with R and using or ChatGPT to write the code right now anyways. So that's in the class right now. So why are we even bothering with teaching them more?,36,20.177433,1.0200002,13
617,MIXED,Speaker 4,False,53:40:00,193200,"But then at that point, you're like, why bother learning to write?","But then at that point, you're like, why bother learning to write?",12,18.229218,0.7889769,-1
618,MIXED,Speaker 5,False,53:43:00,193380,"Okay, that's the whole AI education discussion.","Okay, that's the whole AI education discussion.",7,20.00323,4.3839355,-1
619,MIXED,Speaker 6,False,53:46:00,193560,What I'm saying is that if you...,What I'm saying is that if you...,7,17.11038,1.3201537,4
620,MIXED,Speaker 1,False,53:48:00,193680,People need to know how something works.,People need to know how something works.,7,18.112804,1.5680689,-1
621,MIXED,Speaker 6,False,53:49:00,193740,"I still think that there should be, like, the expectation you use are, whether it's, like, with quad code or you're learning it yourself. Like, I still think, like, all of these technical things should be taught in the core. But my broader point is, like, if there isn't a baseline level of basics, this is a graduate degree. Like, you can have coursework that gets people to a baseline so that it doesn't feel as rudimentary and elementary for some of the MPP core and maybe create room for some of the things that [NAME] is adding. But I think it's just this idea of, like, it's actually smaller tweaks than you think, because I agree with you. I don't think you should take out these technical components, but you should be more strategic of how you actually lever the two years in the class time.","I still think that there should be, like, the expectation you use are, whether it's, like, with quad code or you're learning it yourself. Like, I still think, like, all of these technical things should be taught in the core. But my broader point is, like, if there isn't a baseline level of basics, this is a graduate degree. Like, you can have coursework that gets people to a baseline so that it doesn't feel as rudimentary and elementary for some of the MPP core and maybe create room for some of the things that is adding. But I think it's just this idea of, like, it's actually smaller tweaks than you think, because I agree with you. I don't think you should take out these technical components, but you should be more strategic of how you actually lever the two years in the class time.",146,20.410702,5.0649786,16
625,MIXED,Speaker 8,False,56:04:00,201840,"No, no, no. I love it.","No, no, no. I love it.",6,16.827806,1.2165141,4
627,MIXED,Speaker 8,False,56:08:00,202080,"I mean, we're a small group. Wait, how?","I mean, we're a small group. Wait, how?",8,20.763603,0.9350111,-1
629,MIXED,Speaker 8,False,56:11:00,202260,Can we put something that literally will never happen?,Can we put something that literally will never happen?,9,17.921541,1.9464511,-1
631,MIXED,Speaker 8,False,56:14:00,202440,If I feel really strongly about it? Because I know it'll never happen. Do you know what it is?,If I feel really strongly about it? Because I know it'll never happen. Do you know what it is?,19,18.13499,2.0107982,-1
635,MIXED,Speaker 6,False,56:22:00,202920,So we write it down?,So we write it down?,5,17.68079,1.3870121,4
636,MIXED,Speaker 1,False,56:23:00,202980,"Oh, it's a secret vault.","Oh, it's a secret vault.",5,17.845177,1.4620829,-1
638,MIXED,Speaker 8,False,56:45:00,204300,I'm not doing anything all day.,I'm not doing anything all day.,6,17.158539,1.5179666,4
640,MIXED,Speaker 8,False,56:47:00,204420,Except for planning. It's been a great trip.,Except for planning. It's been a great trip.,8,18.653656,3.0151987,-1
642,MIXED,Speaker 8,False,57:02:00,205320,The purest version of the idea is no MCMPAs. The actual version of the idea is have some classes that are not able to be enrolled by MCMPAs.,The purest version of the idea is no MCMPAs. The actual version of the idea is have some classes that are not able to be enrolled by MCMPAs.,28,20.120575,5.016394,16
643,MIXED,Speaker 4,False,57:12:00,205920,All right. And maybe... Can we add to it?,All right. And maybe... Can we add to it?,9,17.5149,1.2149739,4
645,MIXED,Speaker 4,False,57:31:00,207060,And CMPA is just for social because that's where I got that boyfriend.,And CMPA is just for social because that's where I got that boyfriend.,13,19.88065,4.839205,-1
647,MIXED,Speaker 4,False,57:38:00,207480,You can add that. All right.,You can add that. All right.,6,17.208315,0.8458011,4
649,MIXED,Speaker 6,False,57:50:00,208200,I just think that there could be a pretty big facelift to the MPAID core.,I just think that there could be a pretty big facelift to the MPAID core.,15,20.03646,5.4625807,16
651,MIXED,Speaker 6,False,57:58:00,208680,"Both like macro of all the classes combined and how we think about allotting elective credits, but also like within certain classes as well. It's the MPAID.","Both like macro of all the classes combined and how we think about allotting elective credits, but also like within certain classes as well. It's the MPAID.",27,20.200125,5.1706448,16
653,MIXED,Speaker 6,False,58:25:00,210300,"Yeah, and I think, like, part of that is actually potentially related to the MPA, since they are both an MPA. It's like, I'm one of two or three [NAME] in the MPAID, and that's how it is every year. And there's kind of an aversion from the administration and, like, the intention of the MPAID to like have it be more focused on like economic development not necessarily internationally because like for me this is like where I want to focus on development the reason I wanted the MPAID is for the economist like toolkit because that's that's offered and so it's like why can't it be the MPAID because I think like in a world you could attract a lot more [NAME] you could have some of the like electives or focus be more international for the international students we'll hold on the details","Yeah, and I think, like, part of that is actually potentially related to the MPA, since they are both an MPA. It's like, I'm one of two or three in the MPAID, and that's how it is every year. And there's kind of an aversion from the administration and, like, the intention of the MPAID to like have it be more focused on like economic development not necessarily internationally because like for me this is like where I want to focus on development the reason I wanted the MPAID is for the economist like toolkit because that's that's offered and so it's like why can't it be the MPAID because I think like in a world you could attract a lot more you could have some of the like electives or focus be more international for the international students we'll hold on the details",144,20.498669,5.486871,16
655,MIXED,Speaker 6,False,59:12:00,213120,"Yeah, just because if you kind of rethink some parts of the MPAIDea, it could potentially solve some of the MPA issues.","Yeah, just because if you kind of rethink some parts of the MPAIDea, it could potentially solve some of the MPA issues.",22,20.125473,5.675873,16
661,MIXED,Speaker 4,False,59:35:00,214500,"I'll add something. I think for the MPA program, I would say it needs a core component, a community component, and a guidance component, or you scratch the program altogether.","I'll add something. I think for the MPA program, I would say it needs a core component, a community component, and a guidance component, or you scratch the program altogether.",30,20.10294,5.6745396,16
662,MIXED,Speaker 7,False,59:52:00,215520,"Facelift or destroy. Don't eliminate it after I graduate, though.","Facelift or destroy. Don't eliminate it after I graduate, though.",10,19.483526,3.483771,-1
663,MIXED,Speaker 6,False,59:56:00,215760,"I think you guys need more than a facelift, though.","I think you guys need more than a facelift, though.",10,19.26914,3.3861513,-1
665,MIXED,Speaker 7,False,1:00:11,3611,"Oh. Yeah. I mean, I'll go back to what I've been saying, but caps on class size. Yeah, I think some of my classes have just felt too big for a graduate program. That's good.","Oh. Yeah. I mean, I'll go back to what I've been saying, but caps on class size. Yeah, I think some of my classes have just felt too big for a graduate program. That's good.",35,20.091007,2.1652157,14
666,MIXED,Speaker 4,False,1:00:28,3628,"Okay, that will be resolved with [NAME]'s input. Last one. Last one.","Okay, that will be resolved with 's input. Last one. Last one.",12,17.491526,0.9200174,4
667,MIXED,Speaker 5,False,1:00:32,3632,require at least two years of professional work experience for all degree programs. That's your requirements.,require at least two years of professional work experience for all degree programs. That's your requirements.,16,21.177763,4.5666337,15
668,MIXED,Speaker 6,False,1:00:38,3638,"I think that's part of the professionalism problem, too. They're all, like, straight from college.","I think that's part of the professionalism problem, too. They're all, like, straight from college.",15,20.809252,1.9724203,2
669,MIXED,Speaker 4,False,1:00:44,3644,"Two is also, like, not okay.","Two is also, like, not okay.",6,17.48698,1.7658292,4
670,MIXED,Speaker 5,False,1:00:46,3646,"Two is not enough. I would say four, but two is a minimum now. Wait, two is crazy. I like two. Okay.","Two is not enough. I would say four, but two is a minimum now. Wait, two is crazy. I like two. Okay.",22,17.388243,1.6843637,4
672,MIXED,Speaker 5,False,1:00:56,3656,"That's what I'm keeping in mind with, like, electoral seasons. so every two years people might need a new job. I think what we are going to do now is on your card,","That's what I'm keeping in mind with, like, electoral seasons. so every two years people might need a new job. I think what we are going to do now is on your card,",33,17.873083,2.595513,0
674,MIXED,Speaker 6,False,1:01:36,3696,"I really like everything, and I don't care about [NAME]. That's perfect. Yeah, I have to...","I really like everything, and I don't care about . That's perfect. Yeah, I have to...",16,17.423946,1.5190747,-1
675,MIXED,Speaker 4,False,1:01:44,3704,We can vote for the same one. Double.,We can vote for the same one. Double.,8,17.631493,2.4069579,0
676,MIXED,Speaker 6,False,1:01:48,3708,"Yes, yes, you can. I'm doubling just because it's such a specific issue. It's just me and this person.","Yes, yes, you can. I'm doubling just because it's such a specific issue. It's just me and this person.",19,17.94767,1.164357,-1
677,MIXED,Speaker 1,False,1:01:54,3714,"And strongly felt, right? And strongly felt.","And strongly felt, right? And strongly felt.",7,16.932608,1.943819,4
678,MIXED,Speaker 7,False,1:01:56,3716,And I think it can be made better. I've never understood.,And I think it can be made better. I've never understood.,11,18.487524,2.4319348,0
679,MIXED,Speaker 8,False,1:02:01,3721,They actually drive me insane.,They actually drive me insane.,5,18.446266,1.2488214,-1
680,MIXED,Speaker 7,False,1:02:02,3722,"They've never really bothered me that much, to be honest.","They've never really bothered me that much, to be honest.",10,18.527897,1.1734976,-1
681,MIXED,Speaker 8,False,1:02:04,3724,"I just think that they're the pre-example of the years. Yeah, sure, put your ex.","I just think that they're the pre-example of the years. Yeah, sure, put your ex.",15,19.230824,2.124056,0
683,MIXED,Speaker 6,False,1:03:21,3801,And I'm happy to talk quickly if you need on that.,And I'm happy to talk quickly if you need on that.,11,17.510744,0.32425246,4
687,MIXED,Speaker 7,False,1:04:01,3841,I'll just say like my...,I'll just say like my...,5,16.224907,1.2474742,4
691,MIXED,Speaker 7,False,1:04:08,3848,It's okay. All right. You can grab my notes. I'm the only non-business duel here. I'm with the design school.,It's okay. All right. You can grab my notes. I'm the only non-business duel here. I'm with the design school.,20,17.507303,0.29050192,4
695,MIXED,Speaker 7,False,1:04:18,3858,"Okay. I would say from a professionalism standpoint, HKS is head and shoulders above the design school. Okay. Where nobody pays attention in class whatsoever. Everyone's on a laptop, even in the front row, not looking at the front of the room. So HKS does well in that respect compared to the GSD.","Okay. I would say from a professionalism standpoint, HKS is head and shoulders above the design school. Okay. Where nobody pays attention in class whatsoever. Everyone's on a laptop, even in the front row, not looking at the front of the room. So HKS does well in that respect compared to the GSD.",53,20.239521,2.9353285,6
697,MIXED,Speaker 7,False,1:04:48,3888,"Well, how it works at the GSD is nobody cares about class because everyone's just focused on their studio and design work, which is like 70% of what we do and we're forced to go to class. And then nobody cares about the actual classes. But for people who want to learn in those classes, it can be frustrating.","Well, how it works at the GSD is nobody cares about class because everyone's just focused on their studio and design work, which is like 70% of what we do and we're forced to go to class. And then nobody cares about the actual classes. But for people who want to learn in those classes, it can be frustrating.",59,20.181545,1.5864091,14
699,MIXED,Speaker 6,False,1:05:17,3917,"No, thank you. And I just want to add, because I know we kind of were laying it on thick. Like, a lot of this is coming from a place of love and not like, I wouldn't do this again from like where it stands today. But I think there's just a lot of like little, at least in the MPAID, there's like a lot of friction points and just hearing your problems, including the two years type of thing. I actually think the MPAID does a pretty good job.","No, thank you. And I just want to add, because I know we kind of were laying it on thick. Like, a lot of this is coming from a place of love and not like, I wouldn't do this again from like where it stands today. But I think there's just a lot of like little, at least in the MPAID, there's like a lot of friction points and just hearing your problems, including the two years type of thing. I actually think the MPAID does a pretty good job.",90,20.186508,5.5564246,16
700,MIXED,Speaker 1,False,1:05:44,3944,It has a cap side.,It has a cap side.,5,18.321892,1.9472054,0
701,MIXED,Speaker 6,False,1:05:46,3946,"There's a lot to learn from the MPAID, but also the core is way bigger than any other core, which is why I'm like, maybe you should rethink that. But the average student age is older, and I think that helps with some of these professionalism issues.","There's a lot to learn from the MPAID, but also the core is way bigger than any other core, which is why I'm like, maybe you should rethink that. But the average student age is older, and I think that helps with some of these professionalism issues.",47,20.370766,5.2335005,16
703,MIXED,Speaker 6,False,1:06:06,3966,"Yeah, so, but, yeah, I know, thank you so much, and talk board in.","Yeah, so, but, yeah, I know, thank you so much, and talk board in.",14,17.251034,0.27684903,4
705,MIXED,Speaker 6,False,1:06:19,3979,"Yeah, somewhere in the same. It feels more like a day now, but with the sun.","Yeah, somewhere in the same. It feels more like a day now, but with the sun.",16,16.87674,2.00649,4
706,MIXED,Speaker 1,False,1:06:25,3985,"With the sun out, right? Yeah. All right.","With the sun out, right? Yeah. All right.",8,16.78945,1.8715416,4
707,MIXED,Speaker 9,False,1:06:37,3997,I had a phone somewhere. I lost the media.,I had a phone somewhere. I lost the media.,9,19.551584,-0.266077,1
708,MIXED,Speaker 8,False,1:06:42,4002,"Yeah, I'm sure it's in the bed. Yeah, I feel closer to you, I think, than some of the HBS people, where there's like a really good pedagogy. Because I think Sloan just has a huge amount of variance in the classes. And I feel like this experience has been closer.","Yeah, I'm sure it's in the bed. Yeah, I feel closer to you, I think, than some of the HBS people, where there's like a really good pedagogy. Because I think Sloan just has a huge amount of variance in the classes. And I feel like this experience has been closer.",51,19.90285,3.3280678,14
710,MIXED,Speaker 8,False,1:07:06,4026,"Has been closer in quality. Although I really, I think the Sloan core is the right length of a core and the right style of a core. So that's a big difference.","Has been closer in quality. Although I really, I think the Sloan core is the right length of a core and the right style of a core. So that's a big difference.",32,19.879993,3.5629277,-1
711,MIXED,Speaker 7,False,1:07:14,4034,"I do agree that some sort of core, even just one class. I feel like I'm not part of a cohort. I'm just an individual floating around at HKS.","I do agree that some sort of core, even just one class. I feel like I'm not part of a cohort. I'm just an individual floating around at HKS.",29,20.176037,3.1322634,6
715,MIXED,Speaker 9,False,1:07:45,4065,No. I guess he did.,No. I guess he did.,5,16.876112,1.5510741,4
718,MPP2,Speaker 7,False,12:00,720,[NAME] Houston. [NAME]  from Japan. I'm [NAME]  from India.,Houston. from Japan. I'm from India.,6,15.289466,1.1419698,3
719,MPP2,Speaker 8,False,12:05,725,I'm [NAME]  from China. I'm Korea. I'm [NAME] from [NAME]. I'm [NAME] . I'm from  Australia.,I'm from China. I'm Korea. I'm from . I'm . I'm from Australia.,13,15.2403,1.1901402,3
721,MPP2,Speaker 8,False,12:51,771,I guess mixed. I don't know if that's a good one.,I guess mixed. I don't know if that's a good one.,11,18.817068,1.4029208,0
723,MPP2,Speaker 3,False,13:02,782,I think I'm pretty discussion-heavy for the most part. Mm-hmm. All right.,I think I'm pretty discussion-heavy for the most part. Mm-hmm. All right.,12,19.040766,0.7999366,-1
724,MPP2,Speaker 9,False,13:08,788,I'd say diversity. Diverse opinions.,I'd say diversity. Diverse opinions.,5,19.0941,1.4595325,0
726,MPP2,Speaker 10,False,13:18,798,I think it's like interactive so sometimes we will have like a call or we will have like discussions so I think it's pretty like more like very interactive which I really like it.,I think it's like interactive so sometimes we will have like a call or we will have like discussions so I think it's pretty like more like very interactive which I really like it.,34,19.280802,0.93985015,-1
727,MPP2,Speaker 6,False,13:31,811,"Okay, thank you. I would second the discussion heavy bit. But I would also say that a lot of times the course, the classroom was in line with expectations based on the course evaluations and like what people have talked about. But there have also been times where it has not, I wouldn't say it's like below expectations, just different from expectations.","Okay, thank you. I would second the discussion heavy bit. But I would also say that a lot of times the course, the classroom was in line with expectations based on the course evaluations and like what people have talked about. But there have also been times where it has not, I wouldn't say it's like below expectations, just different from expectations.",62,21.59294,2.1010194,-1
729,MPP2,Speaker 6,False,14:02,842,"In both ways. In both ways. Yeah, okay. But if it's not in line with expectations, it's usually a little too bad way. Okay, if it's under expectations. But otherwise, it's not that maybe I was not expecting this. For example, if there's a class that is excessively focused on one aspect of it, but that was not made clear early on, then I would just feel like maybe it was my expectation. Not that it was bad. It was just not in line with what I wanted the learning point.","In both ways. In both ways. Yeah, okay. But if it's not in line with expectations, it's usually a little too bad way. Okay, if it's under expectations. But otherwise, it's not that maybe I was not expecting this. For example, if there's a class that is excessively focused on one aspect of it, but that was not made clear early on, then I would just feel like maybe it was my expectation. Not that it was bad. It was just not in line with what I wanted the learning point.",91,21.693876,1.722571,-1
731,MPP2,Speaker 6,False,14:35,875,"So varied in some ways, and definitely discussion-heavy, which is great. Okay, thank you.","So varied in some ways, and definitely discussion-heavy, which is great. Okay, thank you.",14,19.095371,0.9043797,-1
732,MPP2,Speaker 7,False,14:42,882,"I'll second diversity as well, but another thing, maybe sometimes it was kind of ambitious. I don't say we were not seeing the reality, but it's kind of theoretical, or sometimes it's far from the real things going on in the US That's why the part of the world is so kind of obnoxious.","I'll second diversity as well, but another thing, maybe sometimes it was kind of ambitious. I don't say we were not seeing the reality, but it's kind of theoretical, or sometimes it's far from the real things going on in the US That's why the part of the world is so kind of obnoxious.",54,19.21716,1.5964122,0
733,MPP2,Speaker 5,False,15:04,904,#NAME? to be like varying quality of discussion. #NAME? #NAME?,to be like varying quality of discussion.,7,19.255672,0.8504209,-1
735,MPP2,Speaker 4,False,15:14,914,"#NAME? #NAME? meeting the academic rigor of the expected, but also not always maybe too academic in the sense where it's not taking in the realities of what's happening in the world. But that's-- again, it goes back to the mix. Like, some classrooms could meet that standard, and others, I think, could not.","meeting the academic rigor of the expected, but also not always maybe too academic in the sense where it's not taking in the realities of what's happening in the world. But that's-- again, it goes back to the mix. Like, some classrooms could meet that standard, and others, I think, could not.",52,21.14694,2.0254729,-1
737,MPP2,Speaker 6,False,16:46,1006,Can I ask a clarifying question? Do you mean compared to previous educational experiences or just like?,Can I ask a clarifying question? Do you mean compared to previous educational experiences or just like?,17,18.914282,1.167562,-1
739,MPP2,Speaker 8,False,17:15,1035,Can we talk about classes with cross-registering maybe as a comparison?,Can we talk about classes with cross-registering maybe as a comparison?,11,19.99749,2.5907342,14
741,MPP2,Speaker 8,False,17:29,1049,"Yeah, I would say that HKS classroom experience has sometimes been really, really good. I want to start there. In that my undergrad, we'd be in much bigger classes. People were sort of more disengaged. Maybe they didn't really want to be in some of those classes. So a lot of those things are better. I think I've taken one class at another school, which was HBS. And so I guess comparing that similar classroom size, one thing I would note was in some of, like compared to most of my HKS classes, the professors seemed more prepared at my HBS class with like a classroom plan, with like timing management, with like figuring out who they wanted to speak or needed to speak in that class. And I think also I generally felt there was less busy work and there was more deep work, which I don't know whether it was just that class because I don't have as many comparators at other places. But that was something that I definitely felt was quite different to HKS.","Yeah, I would say that HKS classroom experience has sometimes been really, really good. I want to start there. In that my undergrad, we'd be in much bigger classes. People were sort of more disengaged. Maybe they didn't really want to be in some of those classes. So a lot of those things are better. I think I've taken one class at another school, which was HBS. And so I guess comparing that similar classroom size, one thing I would note was in some of, like compared to most of my HKS classes, the professors seemed more prepared at my HBS class with like a classroom plan, with like timing management, with like figuring out who they wanted to speak or needed to speak in that class. And I think also I generally felt there was less busy work and there was more deep work, which I don't know whether it was just that class because I don't have as many comparators at other places. But that was something that I definitely felt was quite different to HKS.",178,20.443375,2.8359346,6
745,MPP2,Speaker 8,False,18:42,1122,"I've been in lots of HKS classes where like the assessment has been like, you know, write 200 words every week on this thing. And, you know, then you're doing these random quizzes and you kind of feel like you're doing a scheduling activity almost. And then I think in some ways that's been quite disengaging from like actually dealing with any of the deep ideas. Whereas I felt like in this class, because we weren't asked to do as much random stuff on the side. It was sort of more be prepared with the case. you will be cold-called, and that kind of got me to engage in a more meaningful way, I would say.","I've been in lots of HKS classes where like the assessment has been like, you know, write 200 words every week on this thing. And, you know, then you're doing these random quizzes and you kind of feel like you're doing a scheduling activity almost. And then I think in some ways that's been quite disengaging from like actually dealing with any of the deep ideas. Whereas I felt like in this class, because we weren't asked to do as much random stuff on the side. It was sort of more be prepared with the case. you will be cold-called, and that kind of got me to engage in a more meaningful way, I would say.",116,20.524685,2.475562,6
747,MPP2,Speaker 11,False,19:18,1158,"Sorry, let's go. I was going to build off on the HBS experience itself. I also did a cross-registration at HBS, and it was really, like, I agree with everything that [NAME] said, but I would also say that I think the professor there, and again, I don't know if it was just that class or classes at HBS, but I think they did a fabulous job of knowing who to call when. That was important in the discussion. I think they did a very close scrutiny of teach lead profiles or like the resumes that we submitted to them. But I think they did a fabulous job of cold calling when they did. So I feel like a lot of times in the classes here, I feel like there are many repetitive examples of people. There are stories, which is amazing, but I feel like it could be a little tight there. Okay.","Sorry, let's go. I was going to build off on the HBS experience itself. I also did a cross-registration at HBS, and it was really, like, I agree with everything that said, but I would also say that I think the professor there, and again, I don't know if it was just that class or classes at HBS, but I think they did a fabulous job of knowing who to call when. That was important in the discussion. I think they did a very close scrutiny of teach lead profiles or like the resumes that we submitted to them. But I think they did a fabulous job of cold calling when they did. So I feel like a lot of times in the classes here, I feel like there are many repetitive examples of people. There are stories, which is amazing, but I feel like it could be a little tight there. Okay.",153,19.946417,3.1415377,14
749,MPP2,Speaker 4,False,20:12,1212,"I was going to just double tap on those things and say that I think that when I arrived at HKS and was told that we'd be doing case discussions, I had a different expectation than what I received in my PDD course. I think that it wasn't really case based in the way that I expected it to be. But I know that varied depending on cohort. On a totally separate note, I will say one of the things in terms of professionalism that I've really liked about HKS is I think people are much more supportive and collaborative than in any other environment I've been in. And so I appreciate that environment that HKS offers.","I was going to just double tap on those things and say that I think that when I arrived at HKS and was told that we'd be doing case discussions, I had a different expectation than what I received in my PDD course. I think that it wasn't really case based in the way that I expected it to be. But I know that varied depending on cohort. On a totally separate note, I will say one of the things in terms of professionalism that I've really liked about HKS is I think people are much more supportive and collaborative than in any other environment I've been in. And so I appreciate that environment that HKS offers.",117,20.287687,2.875043,6
751,MPP2,Speaker 4,False,21:01,1261,"I mean, from what I've heard from other people, it's like this is a very important network to build, and so you want to build good, positive relationships now in case you ever need to use them later. Maybe that's more transactional. I think also probably people who are attracted to policy are generally more altruistic or less self-serving in a way. So I think that also probably supports...","I mean, from what I've heard from other people, it's like this is a very important network to build, and so you want to build good, positive relationships now in case you ever need to use them later. Maybe that's more transactional. I think also probably people who are attracted to policy are generally more altruistic or less self-serving in a way. So I think that also probably supports...",69,19.700268,4.7701,-1
753,MPP2,Speaker 5,False,21:37,1297,so maybe that's why like we're a little bit more like less compared like a competitive more collaborative um yeah because like you never know when you're going to be like with someone on like some sort of team project um I would say compared to my undergrad too like people just kind of like do care because it's smaller maybe people care about how they present and you know from like how they dress to like how they talk in class like I feel like people are very for better for worse conscious that there's like a lot of eyes on them and that like people know you and like remember you so it could be a consequence of how big the classroom is um compared to like some of my other,so maybe that's why like we're a little bit more like less compared like a competitive more collaborative um yeah because like you never know when you're going to be like with someone on like some sort of team project um I would say compared to my undergrad too like people just kind of like do care because it's smaller maybe people care about how they present and you know from like how they dress to like how they talk in class like I feel like people are very for better for worse conscious that there's like a lot of eyes on them and that like people know you and like remember you so it could be a consequence of how big the classroom is um compared to like some of my other,133,20.66537,1.4660922,12
754,MPP2,Speaker 3,False,22:15,1335,cross-registered classes on the professionalism front and kind of like related to what you two said I feel like sometimes if someone presents an idea that's like completely off base in my other classes there's like an attempt to kind of redirect them whereas sometimes I feel like with this discussion heavy classes here even if they're kind of completely off base there's a level of like okay let's discuss that which I mean maybe it's good maybe it's bad but I feel like sometimes I want the teacher to kind of take that direction and take that leadership instead of maybe like wasting class,cross-registered classes on the professionalism front and kind of like related to what you two said I feel like sometimes if someone presents an idea that's like completely off base in my other classes there's like an attempt to kind of redirect them whereas sometimes I feel like with this discussion heavy classes here even if they're kind of completely off base there's a level of like okay let's discuss that which I mean maybe it's good maybe it's bad but I feel like sometimes I want the teacher to kind of take that direction and take that leadership instead of maybe like wasting class,105,20.34746,1.6283219,-1
756,MPP2,Speaker 3,False,23:04,1384,"maybe isn't really like the like a well-backed way of thinking that like um maybe has like a little bit of, I don't know, it's not like completely opinion based thing because like obviously you can have difference of opinions, but more so like an accuracy based thing where I would just, I think, prefer if the professor was like, yeah, maybe not that, let's move on to a different thing instead of like teasing it out more. Okay.","maybe isn't really like the like a well-backed way of thinking that like um maybe has like a little bit of, I don't know, it's not like completely opinion based thing because like obviously you can have difference of opinions, but more so like an accuracy based thing where I would just, I think, prefer if the professor was like, yeah, maybe not that, let's move on to a different thing instead of like teasing it out more. Okay.",79,22.505772,1.9370044,10
757,MPP2,Speaker 6,False,23:32,1412,"Anyone else comparative? I think compared to my undergrad, which is in India, there are two things that I probably want to highlight. One is, again, this again differs, varies across HKS courses, but then the readings that you give beforehand, for many of the classes, the readings make sense. And if you do the readings, you can engage a lot better. But there are also classes where readings have nothing to do with one start, in which case I think that just takes away from the experience. And the other thing was just double down the cold calling. We used to have cold calling in my undergrad as well. But that was never really a source of stress. Like, you're not, like, entirely consumed by what if I'm cold calling in front of the class and I have to, like, say something. As long as you're prepared, it'll be, like, really small things just to, like, tease out and, like, figure out the class. But sometimes, here, the cold calling just becomes a source of stress. And, again, it depends on how you cold call. Some classes are great. Some classes are not. But that becomes a comparison between each case classes.","Anyone else comparative? I think compared to my undergrad, which is in India, there are two things that I probably want to highlight. One is, again, this again differs, varies across HKS courses, but then the readings that you give beforehand, for many of the classes, the readings make sense. And if you do the readings, you can engage a lot better. But there are also classes where readings have nothing to do with one start, in which case I think that just takes away from the experience. And the other thing was just double down the cold calling. We used to have cold calling in my undergrad as well. But that was never really a source of stress. Like, you're not, like, entirely consumed by what if I'm cold calling in front of the class and I have to, like, say something. As long as you're prepared, it'll be, like, really small things just to, like, tease out and, like, figure out the class. But sometimes, here, the cold calling just becomes a source of stress. And, again, it depends on how you cold call. Some classes are great. Some classes are not. But that becomes a comparison between each case classes.",203,20.712975,-0.6793441,5
759,MPP2,Speaker 6,False,24:40:00,88800,"No, I think cold calling as a general thing is great. I think it can really enhance learning. But it's, again, a spectrum. If you go to the other extreme where you're just like, the focus is to like put you on your toes and like whatever you do and then suddenly everyone's looking at you, then that just becomes a source of stress and takes away from the learning experience.","No, I think cold calling as a general thing is great. I think it can really enhance learning. But it's, again, a spectrum. If you go to the other extreme where you're just like, the focus is to like put you on your toes and like whatever you do and then suddenly everyone's looking at you, then that just becomes a source of stress and takes away from the learning experience.",71,20.708214,-0.6920136,5
761,MPP2,Speaker 10,False,25:03:00,90180,"Yeah, I also have a totally agree with the codecalling thing. I think codecalling, like in my undergrad, we actually don't have a lot of codecalling. So because the class size is really like, there are so many people in the class. And so right here, I really like the codecalling stuff. I think one thing is really important is sometimes people are complaining about cold calling because there will be a lot of pressure. I mean, pressure on the cold calling and sometimes especially like presenting something like something in front of the cold class. And also, I think the professor or the audience is expected the people who is doing the code calling to generate insightful and really comprehensive stuff in front of the class. So if I don't know how to say about the class material, I will feel very like ashamed or I will feel very anxious about that. So I think that's something maybe people are, a lot of people are complaining about cold calling.","Yeah, I also have a totally agree with the codecalling thing. I think codecalling, like in my undergrad, we actually don't have a lot of codecalling. So because the class size is really like, there are so many people in the class. And so right here, I really like the codecalling stuff. I think one thing is really important is sometimes people are complaining about cold calling because there will be a lot of pressure. I mean, pressure on the cold calling and sometimes especially like presenting something like something in front of the cold class. And also, I think the professor or the audience is expected the people who is doing the code calling to generate insightful and really comprehensive stuff in front of the class. So if I don't know how to say about the class material, I will feel very like ashamed or I will feel very anxious about that. So I think that's something maybe people are, a lot of people are complaining about cold calling.",170,20.68977,-0.51316476,5
763,MPP2,Speaker 7,False,26:49:00,96540,"I would say, so, first of all, you know, in my undergrads, you know, the education system in college in Japan is very different from the U.S. style. Like, we are mostly, like, lecture and exam-based, and especially I was an engineer where I graduated from engineering faculty, so that was quite obvious. But the thing is, so we also had some core courses in undergrad. And the quality of the core courses are kind of standardized in Japan or in my university. But here, when we think about PDD or some other classes, different professors have different pedagogy. And they have different, not the quality of the education, but they have different requirements or different ways of teaching. So I would say, yeah, the core courses, or even the cohort, has different output or different, yeah, if I say, quality of the education. So that was kind of not standardized and based on the teacher's way of teaching.","I would say, so, first of all, you know, in my undergrads, you know, the education system in college in Japan is very different from the U.S. style. Like, we are mostly, like, lecture and exam-based, and especially I was an engineer where I graduated from engineering faculty, so that was quite obvious. But the thing is, so we also had some core courses in undergrad. And the quality of the core courses are kind of standardized in Japan or in my university. But here, when we think about PDD or some other classes, different professors have different pedagogy. And they have different, not the quality of the education, but they have different requirements or different ways of teaching. So I would say, yeah, the core courses, or even the cohort, has different output or different, yeah, if I say, quality of the education. So that was kind of not standardized and based on the teacher's way of teaching.",159,20.80011,3.002648,6
764,MPP2,Speaker 3,False,27:58:00,100680,"Thank you. Just, I feel like in my undergrad, I got my grades and feedback a lot faster and more frequently than I do here. So sometimes I feel like it's like halfway through the semester and I haven't really, like, depending on the professor, of course, but like, I don't really know if I'm on track. Like, I'm reading a bunch of papers, but am I getting the right insights? I think that should start a lot earlier in the process.","Thank you. Just, I feel like in my undergrad, I got my grades and feedback a lot faster and more frequently than I do here. So sometimes I feel like it's like halfway through the semester and I haven't really, like, depending on the professor, of course, but like, I don't really know if I'm on track. Like, I'm reading a bunch of papers, but am I getting the right insights? I think that should start a lot earlier in the process.",82,22.525288,2.9948804,9
766,MPP2,Speaker 7,False,28:50:00,103800,"Not fast, but so when I had that kind of issue, you know, I went to the professor and booked the office hour, so yeah, maybe I didn't send a lot of emails because I kind of knew they would be late.","Not fast, but so when I had that kind of issue, you know, I went to the professor and booked the office hour, so yeah, maybe I didn't send a lot of emails because I kind of knew they would be late.",42,22.672512,1.1834949,7
767,MPP2,Speaker 9,False,29:06:00,104760,I had some experiences when it came out sooner than I expected.,I had some experiences when it came out sooner than I expected.,12,21.88408,1.983201,-1
769,MPP2,Speaker 8,False,29:19:00,105540,"Sorry, can I just add to that? Yes. who are just really much better at the administrative side. And it's actually a really big quality difference, right? Because, like, for example, I was the TF for a class where the professor expected us to have the grades back by basically within a week. When we had exams, we would grade that evening and we would just stay through the night and finish the grading. And so everything was ready. there was like a very systematic process that I feel like that rules-based kind of system really helped all of us stay on track and so we could also block out our weeks to be like this is when we're grading this is when things need to be done by and I think we got a lot of positive feedback from the students about being like because I get feedback every week I feel like I know what's going on [NAME] was in this class so he knows and like yeah I think that really drove up a lot of satisfaction and made people feel like they were being respected because they were putting in the work and they could see we were putting in the work in response.","Sorry, can I just add to that? Yes. who are just really much better at the administrative side. And it's actually a really big quality difference, right? Because, like, for example, I was the TF for a class where the professor expected us to have the grades back by basically within a week. When we had exams, we would grade that evening and we would just stay through the night and finish the grading. And so everything was ready. there was like a very systematic process that I feel like that rules-based kind of system really helped all of us stay on track and so we could also block out our weeks to be like this is when we're grading this is when things need to be done by and I think we got a lot of positive feedback from the students about being like because I get feedback every week I feel like I know what's going on was in this class so he knows and like yeah I think that really drove up a lot of satisfaction and made people feel like they were being respected because they were putting in the work and they could see we were putting in the work in response.",207,22.544071,2.5997941,9
771,MPP2,Speaker 6,False,30:36:00,110160,"very positive loop? I think I had a similar experience. I was a teaching assistant to a professor who is very, very on the top of making sure that students get the feedback ASAP so yeah I have also I've been on the teaching side of it some of my courses I get feedback fast enough some I don't but I've actually not thought so much about being delayed","very positive loop? I think I had a similar experience. I was a teaching assistant to a professor who is very, very on the top of making sure that students get the feedback ASAP so yeah I have also I've been on the teaching side of it some of my courses I get feedback fast enough some I don't but I've actually not thought so much about being delayed",69,22.802141,2.8644328,9
772,MPP2,Speaker 11,False,31:01:00,111660,"I was thinking about like in all the classes that I've taken I think a trend from my classes has been that some of the quantitative courses that I've taken I get like there I feel like there is a systematic like there's a timeline within which I receive a grade but I like I I feel like some of the more, I don't want to say qualitative classes, but like the non-quantitative classes, I feel like it's more, I don't know when I'm going to receive the grade.","I was thinking about like in all the classes that I've taken I think a trend from my classes has been that some of the quantitative courses that I've taken I get like there I feel like there is a systematic like there's a timeline within which I receive a grade but I like I I feel like some of the more, I don't want to say qualitative classes, but like the non-quantitative classes, I feel like it's more, I don't know when I'm going to receive the grade.",89,22.05187,3.0162861,10
774,MPP2,Speaker 11,False,31:36:00,113760,"Do you think it should be open-ended or not? I feel like I'd like to know when we're going to receive a grade because for some of these classes, I think we're looking forward. Like, I know I'm looking forward to the grade, not because of anything else, but because I want to do better on the next assignment. Yes. So it would be helpful to receive it well in advance so that I can work accordingly for my next one.","Do you think it should be open-ended or not? I feel like I'd like to know when we're going to receive a grade because for some of these classes, I think we're looking forward. Like, I know I'm looking forward to the grade, not because of anything else, but because I want to do better on the next assignment. Yes. So it would be helpful to receive it well in advance so that I can work accordingly for my next one.",81,22.024084,2.8359363,10
778,MPP2,Speaker 4,False,32:03:00,115380,"I just wanted to add, I think that there are professors who have gotten feedback returned quickly, but sometimes it's clear that their CAs or TFs are doing the gradings and not them, and that makes a huge difference in my interpretation of the grade. and my motivation to stay motivated in that class. And I think I have found it to be interesting that not all professors put the same amount of work and time into reviewing what we put into what they want us to do for them. So I've found that to be a point of frustration for me.","I just wanted to add, I think that there are professors who have gotten feedback returned quickly, but sometimes it's clear that their CAs or TFs are doing the gradings and not them, and that makes a huge difference in my interpretation of the grade. and my motivation to stay motivated in that class. And I think I have found it to be interesting that not all professors put the same amount of work and time into reviewing what we put into what they want us to do for them. So I've found that to be a point of frustration for me.",102,22.642756,2.6771135,9
780,MPP2,Speaker 9,False,33:19:00,119940,"Yeah, in terms of feedback, can I say, like, I took the J term. Yes. Being human this winter, I got the feedback of my final memo, and there were, like, three feedback from professor and TA and, like, the CA, so it was really helpful. And also, I want to mention like [NAME] or [NAME], they would give feedback on the canvas really long, which takes me a long time to even read it. So, I mean, it takes time for [NAME] to give that feedback, but then he explains to the students during the class that, oh, I'm really putting a lot of effort in individual feedback. That's why it's taking long. And I kind of appreciated that.","Yeah, in terms of feedback, can I say, like, I took the J term. Yes. Being human this winter, I got the feedback of my final memo, and there were, like, three feedback from professor and TA and, like, the CA, so it was really helpful. And also, I want to mention like or , they would give feedback on the canvas really long, which takes me a long time to even read it. So, I mean, it takes time for to give that feedback, but then he explains to the students during the class that, oh, I'm really putting a lot of effort in individual feedback. That's why it's taking long. And I kind of appreciated that.",118,22.942532,2.7622857,9
786,MPP2,Speaker 9,False,34:35:00,124500,"years? time like getting feedback from three people. So I was like, oh, they're evaluating in various dimensions. That's what I thought. So that my result is more objective.","years? time like getting feedback from three people. So I was like, oh, they're evaluating in various dimensions. That's what I thought. So that my result is more objective.",29,22.677313,2.2474077,10
788,MPP2,Speaker 4,False,35:00:00,126000,"Yeah. Yeah. Well, I think if it's a CA plus the professor, that'd be great. more feedback. Yeah, but just to summarize where I agree, I think that I don't need can like feedback throughout the semester as well if I'm getting deep feedback every like fewer times. Like I'd prefer deeper feedback than","Yeah. Yeah. Well, I think if it's a CA plus the professor, that'd be great. more feedback. Yeah, but just to summarize where I agree, I think that I don't need can like feedback throughout the semester as well if I'm getting deep feedback every like fewer times. Like I'd prefer deeper feedback than",54,23.066006,2.7245777,9
790,MPP2,Speaker 10,False,36:48:00,132480,I think I may just like escape from like escape from the job for one day and just attend the office hour. I think that would be helpful.,I think I may just like escape from like escape from the job for one day and just attend the office hour. I think that would be helpful.,28,22.320194,0.9994606,7
791,MPP2,Speaker 6,False,37:02:00,133320,What do you mean what would you do? This is an end right? Like the final memo assignment is the same grade. So like what would I do after receiving the final grade?,What do you mean what would you do? This is an end right? Like the final memo assignment is the same grade. So like what would I do after receiving the final grade?,33,22.059362,2.4732668,10
793,MPP2,Speaker 4,False,37:29:00,134940,Email the professor directly and ask if they have any other time available.,Email the professor directly and ask if they have any other time available.,13,22.577482,1.0441402,7
794,MPP2,Speaker 5,False,37:33:00,135180,"That's always worked. Like, I've never had a professor who's like, yeah, we can't make it work.","That's always worked. Like, I've never had a professor who's like, yeah, we can't make it work.",17,21.986256,1.3135746,-1
796,MPP2,Speaker 3,False,37:48:00,136080,"I think so, but I feel like if people are, like, if there are students that are working, like, the expectation should be that the feedback comes without additional, like, going to office hours. Like, if they're constrained, then they shouldn't be penalized for that, no? So maybe the feedback should have been like a little bit more, I don't know. Yeah, it's two sentences. Yeah, in the first place, like that's not a good expectation to have one of the professor level feedback.","I think so, but I feel like if people are, like, if there are students that are working, like, the expectation should be that the feedback comes without additional, like, going to office hours. Like, if they're constrained, then they shouldn't be penalized for that, no? So maybe the feedback should have been like a little bit more, I don't know. Yeah, it's two sentences. Yeah, in the first place, like that's not a good expectation to have one of the professor level feedback.",84,23.03125,2.610039,9
798,MPP2,Speaker 8,False,38:36:00,138960,I find it odd that there aren't more like rules or structures around what professors can and can't do around assessment structure around feedback expectations timing I feel like every class you go to it's kind of a random gamble I think it's why bidding and the whole class selection process becomes excessively important like there are just some classes that everyone's like that is a bad class and that is a bad professor and like part of it is like maybe it's because they don't put a lot of effort into their students and that's why they get bad feedback and then nobody wants to take their classes and it's like a really negative loop and sometimes I wonder whether some of the professors have had training on on like not just this but also broader pedagogy and yeah I find the whole quality difference like something that is like quite addressable by HKS to be honest across this and other things.,I find it odd that there aren't more like rules or structures around what professors can and can't do around assessment structure around feedback expectations timing I feel like every class you go to it's kind of a random gamble I think it's why bidding and the whole class selection process becomes excessively important like there are just some classes that everyone's like that is a bad class and that is a bad professor and like part of it is like maybe it's because they don't put a lot of effort into their students and that's why they get bad feedback and then nobody wants to take their classes and it's like a really negative loop and sometimes I wonder whether some of the professors have had training on on like not just this but also broader pedagogy and yeah I find the whole quality difference like something that is like quite addressable by HKS to be honest across this and other things.,163,22.190863,2.41922,9
799,MPP2,Speaker 3,False,39:29:00,142140,"Others? I just wanted to add, like, I TA for a [NAME] class, and the structure is, like, so much better. And there's always, like, a pedagogy person or at least, like, an additional staff member who is not a CA that is, like, in charge of that class, especially if it's a large class. And I know for a fact there's, like, so many large lecture classes in HKS, but I don't ever see, like, a pedagogy person or someone that's, like, I guess helping with the structure of the class or even having one in the first place.","Others? I just wanted to add, like, I TA for a class, and the structure is, like, so much better. And there's always, like, a pedagogy person or at least, like, an additional staff member who is not a CA that is, like, in charge of that class, especially if it's a large class. And I know for a fact there's, like, so many large lecture classes in HKS, but I don't ever see, like, a pedagogy person or someone that's, like, I guess helping with the structure of the class or even having one in the first place.",99,20.766418,2.5010893,6
801,MPP2,Speaker 3,False,40:15:00,144900,"They're, like, they, so it depends. Sometimes there's, like, so there's, for that class, there's an administrative person who's in charge of setting up office hours, rooms, and all of that, and changing schedules or whatever that students or TAs might need. And then there's another PhD person that also has some level of pedagogy training, but also economics training, so they can come in and bridge the gap between the professors who are super experts, and then students who are kind of figuring that out.","They're, like, they, so it depends. Sometimes there's, like, so there's, for that class, there's an administrative person who's in charge of setting up office hours, rooms, and all of that, and changing schedules or whatever that students or TAs might need. And then there's another PhD person that also has some level of pedagogy training, but also economics training, so they can come in and bridge the gap between the professors who are super experts, and then students who are kind of figuring that out.",86,21.443367,1.8106544,2
803,MPP2,Speaker 3,False,40:52:00,147120,"#NAME? But I think like they, yeah, I mean, maybe it's like that class, I don't know. But yeah, the structure is like-- - No, no, it's good to know. - Just like spot on, like we're expected to like, return it within like exactly a week, and then like exams are this day, and like all of that is clear, and I would much prefer that too, yeah.","But I think like they, yeah, I mean, maybe it's like that class, I don't know. But yeah, the structure is like-- - No, no, it's good to know. - Just like spot on, like we're expected to like, return it within like exactly a week, and then like exams are this day, and like all of that is clear, and I would much prefer that too, yeah.",68,21.588678,2.9579105,10
805,MPP2,Speaker 11,False,41:25:00,149100,"I have a separate thought, but it's not about the feedback. Okay. I think, so I came from a, like, I've done my undergrad and master's in India before this. And I think we had a very different process there. And when I came in, I wasn't familiar with how office hours or a lot of these things work. And what was okay to bring up. Like, what is something that I need to bring up with a professor versus a teaching fellow versus a course assistant? Like for me, a lot of this was new. And I think like this happened to me, like something very similar happened to me in the first semester. And I just did not know how to deal with it. So I did not deal with it. And this was the, this was the end. But I just feel like it would be good for, at least knowing that we have so many international students who come from such diverse backgrounds. It would be really helpful if we could, if those expectations were clarified a little bit.","I have a separate thought, but it's not about the feedback. Okay. I think, so I came from a, like, I've done my undergrad and master's in India before this. And I think we had a very different process there. And when I came in, I wasn't familiar with how office hours or a lot of these things work. And what was okay to bring up. Like, what is something that I need to bring up with a professor versus a teaching fellow versus a course assistant? Like for me, a lot of this was new. And I think like this happened to me, like something very similar happened to me in the first semester. And I just did not know how to deal with it. So I did not deal with it. And this was the, this was the end. But I just feel like it would be good for, at least knowing that we have so many international students who come from such diverse backgrounds. It would be really helpful if we could, if those expectations were clarified a little bit.",183,21.309887,2.3410606,-1
807,MPP2,Speaker 6,False,42:49:00,154140,"So I wonder because for like MPPs, having this strict sort of like feedback mechanism, you come back in like so much time makes sense. But because a lot of the classes are also taken by like some of the more like MCMPAs, like the slightly older I think an easier way to play or maybe like a transitional way to do this is to put it as part of course evaluation Just tell what your grading frequency is so that people will know what it is And then based on that you can make a decision so that it doesn't become a random gamble You at least have the information when you choose a class","So I wonder because for like MPPs, having this strict sort of like feedback mechanism, you come back in like so much time makes sense. But because a lot of the classes are also taken by like some of the more like MCMPAs, like the slightly older I think an easier way to play or maybe like a transitional way to do this is to put it as part of course evaluation Just tell what your grading frequency is so that people will know what it is And then based on that you can make a decision so that it doesn't become a random gamble You at least have the information when you choose a class",116,22.402983,2.6965895,9
811,MPP2,Speaker 6,False,43:39:00,157140,"Yeah, you can just have like an average turnaround time or something. I don't know.","Yeah, you can just have like an average turnaround time or something. I don't know.",15,21.494513,3.464493,-1
813,MPP2,Speaker 6,False,43:48:00,157680,"Can I make, if someone else wants to go, they can go. But I had like another tangential point about the time versus depth of feedback. Yes. I would just wonder, and that's just like an open question, if that is really a one-to-one trade-off. I can get a really detailed feedback like a week before my actual final submission but how useful would that be versus getting it slightly earlier so it gives me more time so I wouldn't trade off one is to trade this off one is to one but that's just like I would happy to","Can I make, if someone else wants to go, they can go. But I had like another tangential point about the time versus depth of feedback. Yes. I would just wonder, and that's just like an open question, if that is really a one-to-one trade-off. I can get a really detailed feedback like a week before my actual final submission but how useful would that be versus getting it slightly earlier so it gives me more time so I wouldn't trade off one is to trade this off one is to one but that's just like I would happy to",100,23.060463,2.8136132,9
815,MPP2,Speaker 5,False,44:23:00,159780,think it's all about the expectations and I think if if you do signal ahead like I think it's fair to have that done by a class-by-class situation I think like clearly with this like the student was expecting and a lot of students expect like coaching feedback but I think a lot of professors like coaching just takes time and I do think that office hours is like it's fair to say like office hours is a better venue for coaching than just like writing up like a paragraph um so yeah I think I think with this one like I think we're all kind of going into it like there's a problem here and I think if there is a problem it's like expectation based,think it's all about the expectations and I think if if you do signal ahead like I think it's fair to have that done by a class-by-class situation I think like clearly with this like the student was expecting and a lot of students expect like coaching feedback but I think a lot of professors like coaching just takes time and I do think that office hours is like it's fair to say like office hours is a better venue for coaching than just like writing up like a paragraph um so yeah I think I think with this one like I think we're all kind of going into it like there's a problem here and I think if there is a problem it's like expectation based,127,22.02062,0.9202435,7
817,MPP2,Speaker 4,False,45:24:00,163440,"This is very minor, but I just think like consistent formatting for the office hours, because I have had a professor who used Calendly, and I didn't realize they updated every two weeks, since there was like no time available, it looked like on their calendar. And so I went on, and it looked like they had no time for the entire semester, and so I just never met with them, and then at the end of the semester mentioned it to them, and they were like, oh, well, I updated every two weeks, like I released my new office hours every two weeks. And I felt like that wasn't clearly explained, like, oh. Yeah, whereas other professors just wait in their offices at a set time and they're just there and it's open. And then other professors, you book. Like, I don't know if it needs to be standard or uniform, but just can it be communicated better to somewhere.","This is very minor, but I just think like consistent formatting for the office hours, because I have had a professor who used Calendly, and I didn't realize they updated every two weeks, since there was like no time available, it looked like on their calendar. And so I went on, and it looked like they had no time for the entire semester, and so I just never met with them, and then at the end of the semester mentioned it to them, and they were like, oh, well, I updated every two weeks, like I released my new office hours every two weeks. And I felt like that wasn't clearly explained, like, oh. Yeah, whereas other professors just wait in their offices at a set time and they're just there and it's open. And then other professors, you book. Like, I don't know if it needs to be standard or uniform, but just can it be communicated better to somewhere.",161,22.367447,0.939835,7
819,MPP2,Speaker 8,False,46:18:00,166680,"Can I just suggest one tactical thing? Like, this student, like, if professors aren't giving really detailed individual feedback, I kind of like it when they put up, like, examples of, like, what they're looking for,","Can I just suggest one tactical thing? Like, this student, like, if professors aren't giving really detailed individual feedback, I kind of like it when they put up, like, examples of, like, what they're looking for,",36,22.913687,2.280683,9
821,MPP2,Speaker 8,False,46:36:00,167760,"should know every year what the same things are. I've had one professor who's like, the assignment that's coming up, the feedback from last year that I gave out was like this. So we're going to try and avoid those things. I think that is like really proactive of them to try and like, I think some professors kind of see giving feedback as like a specific job, I guess, rather than part of the broader learning cycle. And so thinking, like looking at it from that other side might be helpful as well.","should know every year what the same things are. I've had one professor who's like, the assignment that's coming up, the feedback from last year that I gave out was like this. So we're going to try and avoid those things. I think that is like really proactive of them to try and like, I think some professors kind of see giving feedback as like a specific job, I guess, rather than part of the broader learning cycle. And so thinking, like looking at it from that other side might be helpful as well.",94,22.934767,2.569774,9
822,MPP2,Speaker 6,False,47:05:00,169500,"Just a tiny bit about the officers. Yes. It has mostly been great. Just I think one or two classes, the professor has the same slot every week. And if I have class on that slot, I can never take it.","Just a tiny bit about the officers. Yes. It has mostly been great. Just I think one or two classes, the professor has the same slot every week. And if I have class on that slot, I can never take it.",41,21.271275,2.1242273,2
824,MPP2,Speaker 5,False,51:24:00,185040,"I think that I have navigated courses based on word of mouth. That has been the most successful way to figure out what this course is going to be like, talking to someone who's taken it before. I think that especially for new students, it's hard to find those channels. if it's like a second year class. So like what I was thinking is like maybe creating like a standardized system for like a student can opt in to like, hey, if you have questions about this course, like I took it last time, like feel free to reach out. I don't know exactly what that would look like, but I do know that for me, I was like, I purely picked my electives based on what people I liked said was good.","I think that I have navigated courses based on word of mouth. That has been the most successful way to figure out what this course is going to be like, talking to someone who's taken it before. I think that especially for new students, it's hard to find those channels. if it's like a second year class. So like what I was thinking is like maybe creating like a standardized system for like a student can opt in to like, hey, if you have questions about this course, like I took it last time, like feel free to reach out. I don't know exactly what that would look like, but I do know that for me, I was like, I purely picked my electives based on what people I liked said was good.",133,21.045904,3.4711435,-1
825,MPP2,Speaker 4,False,52:06:00,187560,"I was thinking just on my Harvard, maybe having clear expectations and standards. Like, if the class colds calls, like there's a little section that says this class there is colds calling. Because I actually like colds calling, but I know people don't. And I don't think we should get rid of it entirely if it's a mixed bag. I feel like that should be an opt-in option. And same, like, if it's case-based or not, like, just to get an idea of the formatting of the class.","I was thinking just on my Harvard, maybe having clear expectations and standards. Like, if the class colds calls, like there's a little section that says this class there is colds calling. Because I actually like colds calling, but I know people don't. And I don't think we should get rid of it entirely if it's a mixed bag. I feel like that should be an opt-in option. And same, like, if it's case-based or not, like, just to get an idea of the formatting of the class.",88,20.66553,-0.49766922,5
827,MPP2,Speaker 4,False,52:35:00,189300,"Yeah, I think there's varying degrees of information on each course on my Harvard. And you have to go to the syllabus, and then go to Canvas, and go to three different platforms to figure out what the class is like, and then also Word of Mail.","Yeah, I think there's varying degrees of information on each course on my Harvard. And you have to go to the syllabus, and then go to Canvas, and go to three different platforms to figure out what the class is like, and then also Word of Mail.",47,20.52802,3.4305508,-1
828,MPP2,Speaker 11,False,52:47:00,190020,"And even then, we're not sure if it's last cases or the school call base.","And even then, we're not sure if it's last cases or the school call base.",15,20.224625,-0.24450076,1
829,MPP2,Speaker 7,False,52:53:00,190380,"Yeah, especially before enrolling in Harvard, we're not used to the system. If there are three or four platforms, I didn't have any ideas what to read in advance, Or, yeah, how to find information as well. So I definitely think there will be some standardized information before enrollment, including some class information or the school environment as well, because, you know, some people, you know, some students, you know, come from very different backgrounds. So, yeah.","Yeah, especially before enrolling in Harvard, we're not used to the system. If there are three or four platforms, I didn't have any ideas what to read in advance, Or, yeah, how to find information as well. So I definitely think there will be some standardized information before enrollment, including some class information or the school environment as well, because, you know, some people, you know, some students, you know, come from very different backgrounds. So, yeah.",77,20.51603,3.3661098,-1
831,MPP2,Speaker 7,False,53:47:00,193620,"Yeah. Or so it was like for me kind of surprising to see the American or in the Harvard style of the education. It's more discussion based or yeah, something like that. So I think, you know, background is so different and diverse. So, yeah.","Yeah. Or so it was like for me kind of surprising to see the American or in the Harvard style of the education. It's more discussion based or yeah, something like that. So I think, you know, background is so different and diverse. So, yeah.",45,20.24333,2.4538364,-1
833,MPP2,Speaker 10,False,54:07:00,194820,"Yes, do you have? So I have a perspective from the class registration system. Yes. Because we have like cross-register to different schools, and I know like there are some schools, especially at HBS and MIT, they have their own like, I mean, registration system. So sometimes when we look at the MyHarvard system, we cannot say exactly what the class is about, or the content of the class, or the, I mean, maybe the professor, or some of the contents from MyHarvard, we need to find, like the HBS link, or we need to find the MIT system link to get to that class. So I don't know how it can be fixed, because I know there are different systems. It's really hard to combine the differences into a whole. But I mean, at least maybe we can clarify about that. Because I know for HBS class, we can say there is a link directly to the class. the way that trying to register for the class, there will be a link directly to the HBS website. So, I mean, it's very clear, but for MIT class, I noticed that there's a very small course catalog below the page, and we need to click that and to direct to the MIT system. But most of the people, they don't know about that.","Yes, do you have? So I have a perspective from the class registration system. Yes. Because we have like cross-register to different schools, and I know like there are some schools, especially at HBS and MIT, they have their own like, I mean, registration system. So sometimes when we look at the MyHarvard system, we cannot say exactly what the class is about, or the content of the class, or the, I mean, maybe the professor, or some of the contents from MyHarvard, we need to find, like the HBS link, or we need to find the MIT system link to get to that class. So I don't know how it can be fixed, because I know there are different systems. It's really hard to combine the differences into a whole. But I mean, at least maybe we can clarify about that. Because I know for HBS class, we can say there is a link directly to the class. the way that trying to register for the class, there will be a link directly to the HBS website. So, I mean, it's very clear, but for MIT class, I noticed that there's a very small course catalog below the page, and we need to click that and to direct to the MIT system. But most of the people, they don't know about that.",223,20.174633,3.1534784,14
835,MPP2,Speaker 9,False,56:14:00,202440,"Yeah, one thing might be pessimistic, but when we look at the [NAME] for the [NAME], the first thing I look at is the course description, and it describes very well. But then it says, like, I'll drop this course. You will be able to delve into regions like Korea, Japan, India, and so on, which seems like it's just written there, like a whole lot of countries to kind of attract different students from other countries. Because when you look at the syllabus and you actually take the course, you don't really delve that much into that specific region. So maybe some economic going on there, but I wish it could be more candid. Yeah, I think that would be really helpful.","Yeah, one thing might be pessimistic, but when we look at the for the , the first thing I look at is the course description, and it describes very well. But then it says, like, I'll drop this course. You will be able to delve into regions like Korea, Japan, India, and so on, which seems like it's just written there, like a whole lot of countries to kind of attract different students from other countries. Because when you look at the syllabus and you actually take the course, you don't really delve that much into that specific region. So maybe some economic going on there, but I wish it could be more candid. Yeah, I think that would be really helpful.",122,21.076563,4.0598855,15
837,MPP2,Speaker 11,False,57:22:00,206520,"Yes. I think we have a lot of people. I'm personally not familiar with a lot of acronyms that work in the U.S. cases that we learn. we learn a lot of US cases and a lot of classes are just US focused. There's a class on US Congress going on right now, which I'm so interested in,","Yes. I think we have a lot of people. I'm personally not familiar with a lot of acronyms that work in the U.S. cases that we learn. we learn a lot of US cases and a lot of classes are just US focused. There's a class on US Congress going on right now, which I'm so interested in,",58,20.317165,2.0015678,14
839,MPP2,Speaker 11,False,57:47:00,208020,"So A that, but also like the acronyms are used in some of these classes, especially the core classes. I remember specifically in PDD, we did not, we were not allowed to use tech, but they would use acronyms and I wouldn't know what that meant. And I'm like, I need to Google this, you know, but then I would get a stiff look. So I wouldn't Google it. And I'm just sitting in class like, okay, I just don't know what we're talking about. So it would be nice. I'm sorry. You were also in the front row. Yeah, I was also in the front row. So it would be helpful if we either allowed tech or made the classes more international student friendly. Especially for people who are not familiar and non-native English speakers.","So A that, but also like the acronyms are used in some of these classes, especially the core classes. I remember specifically in PDD, we did not, we were not allowed to use tech, but they would use acronyms and I wouldn't know what that meant. And I'm like, I need to Google this, you know, but then I would get a stiff look. So I wouldn't Google it. And I'm just sitting in class like, okay, I just don't know what we're talking about. So it would be nice. I'm sorry. You were also in the front row. Yeah, I was also in the front row. So it would be helpful if we either allowed tech or made the classes more international student friendly. Especially for people who are not familiar and non-native English speakers.",136,20.290115,1.6904613,14
841,MPP2,Speaker 8,False,58:39:00,211140,"Oh, my interpretation of this scenario is how to improve the classroom experience, right, in general. This is maybe controversial, but I think people should fail more classes. And I guess my perspective is both from the teaching team side and also as a student, I think that there are, like, some students who don't show up for more than half the classes unexcused. And I feel like professors and, you know, students who are using AI in ways that are patently obvious and professors find it really hard because like the disciplinary process is challenging. And there's like this very strong aversion in the culture to people being able to fail. But I think failure is like normal. And in my undergraduate experience, you know, I took classes where more than half the class would fail and you would have to take it again and that was part of I guess learning and also like keeping some kind of academic standard I think because also graduating students who put in very little effort I think really like damages other people in terms of the brand of HKS when they go out into the working world and they have relationships with employers and then they can't do basic things for example but I understand that that is a challenging and more controversial point but I I think that that could help reshape some of the academic regard.","Oh, my interpretation of this scenario is how to improve the classroom experience, right, in general. This is maybe controversial, but I think people should fail more classes. And I guess my perspective is both from the teaching team side and also as a student, I think that there are, like, some students who don't show up for more than half the classes unexcused. And I feel like professors and, you know, students who are using AI in ways that are patently obvious and professors find it really hard because like the disciplinary process is challenging. And there's like this very strong aversion in the culture to people being able to fail. But I think failure is like normal. And in my undergraduate experience, you know, I took classes where more than half the class would fail and you would have to take it again and that was part of I guess learning and also like keeping some kind of academic standard I think because also graduating students who put in very little effort I think really like damages other people in terms of the brand of HKS when they go out into the working world and they have relationships with employers and then they can't do basic things for example but I understand that that is a challenging and more controversial point but I I think that that could help reshape some of the academic regard.",237,21.24336,2.688106,6
843,MPP2,Speaker 6,False,1:00:14,3614,"I think on the cross-age stream, one thing I always had a problem with is people, like different schools approve or deny petitions with varying timelines so when I'm waiting for a petition to be approved I can't take here I don't know if I can take excess course load or not at the end of it they don't even deny or approve so it's just like waitlist forever I think they should have a deadline so that I can make my decision based on what I see because I'll wait for that and then I don't put down courses and I don't get that and it just becomes really messy okay that was one and one is just ideas for change in general. We're not there yet. Not there yet, but hold it.","I think on the cross-age stream, one thing I always had a problem with is people, like different schools approve or deny petitions with varying timelines so when I'm waiting for a petition to be approved I can't take here I don't know if I can take excess course load or not at the end of it they don't even deny or approve so it's just like waitlist forever I think they should have a deadline so that I can make my decision based on what I see because I'll wait for that and then I don't put down courses and I don't get that and it just becomes really messy okay that was one and one is just ideas for change in general. We're not there yet. Not there yet, but hold it.",134,21.892237,3.5525687,-1
845,MPP2,Speaker 3,False,1:00:59,3659,different classroom expectations and like especially related to like being on time and stuff like that. I think it would be useful if there was like a school-wide sort of like general expectations and then depending on how strict the professor is like if he wants to or he or she wants to call you out then they'll let you know on the first day of class but it would be nice to know what the minimum standards are and then not be super surprised because I don't I don't know what that is I think sometimes and then there's there are some professors who expect you to think that all HKS classes are like cold call and on like time like by the second and it's hard to tell if that's going to be every single class.,different classroom expectations and like especially related to like being on time and stuff like that. I think it would be useful if there was like a school-wide sort of like general expectations and then depending on how strict the professor is like if he wants to or he or she wants to call you out then they'll let you know on the first day of class but it would be nice to know what the minimum standards are and then not be super surprised because I don't I don't know what that is I think sometimes and then there's there are some professors who expect you to think that all HKS classes are like cold call and on like time like by the second and it's hard to tell if that's going to be every single class.,138,21.662134,1.3982477,-1
847,MPP2,Speaker 5,False,1:02:19,3739,"I think it's just like all of it is like a tension between like professor autonomy and like, I guess, pedagogy. And I think that there is a balance, so it's hard to just like with a simple hand raise. It's hard to tease that out.","I think it's just like all of it is like a tension between like professor autonomy and like, I guess, pedagogy. And I think that there is a balance, so it's hard to just like with a simple hand raise. It's hard to tease that out.",46,20.808477,2.0151339,12
849,MPP2,Speaker 6,False,1:04:00,3840,I don't know if this is a big idea for change.,I don't know if this is a big idea for change.,11,18.145359,2.6646369,0
851,MPP2,Speaker 6,False,1:04:04,3844,"So this actually, I thought of it because this time, the first day we were snowed in, and the shopping day, like shopping week was virtual, and I actually found that really useful. It allowed me to check out a lot more classes by jumping across different Zoom calls that I could not have done in person. And I wonder if it makes sense to just make the first, first do like a Monday, Wednesday, so Monday, Tuesday, so that the schedule repeats. But Monday, Tuesday just to be virtual so that everyone can check out more classes before they can take. Okay. Thank you. We're going this way, I think.","So this actually, I thought of it because this time, the first day we were snowed in, and the shopping day, like shopping week was virtual, and I actually found that really useful. It allowed me to check out a lot more classes by jumping across different Zoom calls that I could not have done in person. And I wonder if it makes sense to just make the first, first do like a Monday, Wednesday, so Monday, Tuesday, so that the schedule repeats. But Monday, Tuesday just to be virtual so that everyone can check out more classes before they can take. Okay. Thank you. We're going this way, I think.",111,18.899921,3.1080995,-1
852,MPP2,Speaker 10,False,1:04:35,3875,"I have a similar perspective with you. So, like the class, like registration for class. So for my undergrad school, we have like three weeks for like changing, switching, and adding and dropping classes. But I think here we only have like two weeks for adding classes and like one, the third week is like, I mean, dropping classes. So which I think is a little bit like, I mean, the time is too tight.","I have a similar perspective with you. So, like the class, like registration for class. So for my undergrad school, we have like three weeks for like changing, switching, and adding and dropping classes. But I think here we only have like two weeks for adding classes and like one, the third week is like, I mean, dropping classes. So which I think is a little bit like, I mean, the time is too tight.",75,21.58981,3.77065,-1
854,MPP2,Speaker 10,False,1:05:09,3909,"Yeah, yeah, yeah. Yeah, yeah. Okay, great.","Yeah, yeah, yeah. Yeah, yeah. Okay, great.",7,16.627634,1.3417789,4
856,MPP2,Speaker 9,False,1:05:18,3918,"Can you give me some more time? Yes, absolutely.","Can you give me some more time? Yes, absolutely.",9,17.587862,0.5781657,4
857,MPP2,Speaker 3,False,1:05:21,3921,"Yeah, sometimes I wonder if there should be less students maybe that would make registering for classes and class quality a lot better.","Yeah, sometimes I wonder if there should be less students maybe that would make registering for classes and class quality a lot better.",23,19.972502,1.8799794,14
859,MPP2,Speaker 8,False,1:05:38,3938,"I think we should expect more from our professors, and those who have bad student ratings. I'm not sure what is done now, but I don't know that they're necessarily being supported or forced to improve pedagogy readings like all the things that they've received comments on.","I think we should expect more from our professors, and those who have bad student ratings. I'm not sure what is done now, but I don't know that they're necessarily being supported or forced to improve pedagogy readings like all the things that they've received comments on.",47,22.105368,2.1428912,-1
860,MPP2,Speaker 11,False,1:05:59,3959,Can I take some more time?,Can I take some more time?,6,17.90259,0.47128764,-1
861,MPP2,Speaker 4,False,1:06:02,3962,"Okay, this is kind of...it interjects a lot of different ideas, but I think that there should be more career pathways within the program. Like, I think it should be very clear, like, if I want to be chief of staff, these are classes, I should take, like, finance, legislative writing, blah, blah, blah. Like, it should be very clear. And I don't think the core necessarily should be rigid to everyone. Like, it should be based off, like, what you want from the program. And I think that there should be a legislative writing class at HK, and it's insane that there isn't.","Okay, this is kind of...it interjects a lot of different ideas, but I think that there should be more career pathways within the program. Like, I think it should be very clear, like, if I want to be chief of staff, these are classes, I should take, like, finance, legislative writing, blah, blah, blah. Like, it should be very clear. And I don't think the core necessarily should be rigid to everyone. Like, it should be based off, like, what you want from the program. And I think that there should be a legislative writing class at HK, and it's insane that there isn't.",104,20.421513,4.738471,16
863,MPP2,Speaker 4,False,1:06:34,3994,"Yeah. Like, I know I want to do that.","Yeah. Like, I know I want to do that.",9,16.759533,1.0895184,4
865,MPP2,Speaker 4,False,1:06:37,3997,"And I'm just like, it's insane to me that I can't do that with each kid.","And I'm just like, it's insane to me that I can't do that with each kid.",16,18.347939,1.2668238,-1
867,MPP2,Speaker 5,False,1:06:48,4008,"Those are two really good big ideas. I have like two small ideas, I feel like.","Those are two really good big ideas. I have like two small ideas, I feel like.",16,18.123947,2.6868193,0
869,MPP2,Speaker 5,False,1:06:52,4012,More intentional and like standardized syllabi. Like I think that. Okay. Yeah.,More intentional and like standardized syllabi. Like I think that. Okay. Yeah.,12,19.060774,1.925499,-1
871,MPP2,Speaker 5,False,1:06:59,4019,And then I think shopping sessions would be great to have them with former students. Oh. Yeah.,And then I think shopping sessions would be great to have them with former students. Oh. Yeah.,17,19.62339,2.1723964,-1
873,MPP2,Speaker 7,False,1:07:14,4034,"So mine is, yeah, so we can start, like, in a categorization of class. Like, this is econ-based or this is, you know, there are some categories, like, you know, STEM or not. Or it's kind of, like, IGA or BGP something. But I think we need more information on that, you know, before entering the class. like, yeah, it's kind of eco and practical, theoretical, something, and discussion-based. And also, yeah, another idea is-- it's kind of a small idea, but bidding term is quite too early, I guess. Yeah, because even if we haven't joined a class, we have to bid in a class, so we cannot get an idea.","So mine is, yeah, so we can start, like, in a categorization of class. Like, this is econ-based or this is, you know, there are some categories, like, you know, STEM or not. Or it's kind of, like, IGA or BGP something. But I think we need more information on that, you know, before entering the class. like, yeah, it's kind of eco and practical, theoretical, something, and discussion-based. And also, yeah, another idea is-- it's kind of a small idea, but bidding term is quite too early, I guess. Yeah, because even if we haven't joined a class, we have to bid in a class, so we cannot get an idea.",112,20.206387,3.9453857,15
874,MPP2,Speaker 11,False,1:07:53,4073,"OK, thank you. Yes, Triti. Yes. I wish there was a more transparent process on understanding where we are on participation. I think some classes do a great job of like emailing people saying you like it's okay if you don't raise your hands the next few classes which I really appreciate I think everyone deserves like time enough time to talk in class okay yeah so it would be nice to have a transparent","OK, thank you. Yes, Triti. Yes. I wish there was a more transparent process on understanding where we are on participation. I think some classes do a great job of like emailing people saying you like it's okay if you don't raise your hands the next few classes which I really appreciate I think everyone deserves like time enough time to talk in class okay yeah so it would be nice to have a transparent",75,20.065172,1.0027722,13
875,MPP2,Speaker 9,False,1:08:19,4099,system of tracking them okay all right thank you one more um I really I really can't think of the one but I think there should be better if there's like a workshop between the,system of tracking them okay all right thank you one more um I really I really can't think of the one but I think there should be better if there's like a workshop between the,35,18.457027,1.6458269,0
877,MPP2,Speaker 9,False,1:08:39,4119,at the end of the day it's all about professors leadership that makes that class good,at the end of the day it's all about professors leadership that makes that class good,16,21.523836,1.714123,2
879,MPP2,Speaker 3,False,1:09:46,4186,"Can I qualify? I think like I don't mean like a smaller student body but like classes that reflect the amount of students that are here, like amount of classes and like so enough that like we don't feel like we might not get the classes that we really want. So if we're gonna have more students, maybe more classes or yeah.","Can I qualify? I think like I don't mean like a smaller student body but like classes that reflect the amount of students that are here, like amount of classes and like so enough that like we don't feel like we might not get the classes that we really want. So if we're gonna have more students, maybe more classes or yeah.",62,19.930777,2.014408,14
881,MPP2,Speaker 4,False,1:10:18,4218,"I also think mine is not that there's more career-focused courses, but that you can stack the core to build a path to the career you want, like get the skill set you want. Yeah.","I also think mine is not that there's more career-focused courses, but that you can stack the core to build a path to the career you want, like get the skill set you want. Yeah.",35,20.681164,4.3986607,15
883,MPP2,Speaker 4,False,1:10:31,4231,"Based on your, and also policy interests.","Based on your, and also policy interests.",7,19.64524,4.8111086,-1
